y,z,x0,x1,x2,x3,x4,x5,x6,x7,x8,x9,x10,x11,x12,x13,x14,x15,x16,x17,x18,x19,x20,x21,x22,x23,x24,x25,x26,x27,x28,x29,x30,x31,x32,x33,x34,x35,x36,x37,x38,x39,x40,x41,x42,x43,x44,x45,x46,x47,x48,x49,x50,x51,x52,x53,x54,x55,x56,x57,x58,x59,x60,x61,x62,x63,x64,x65,x66,x67,x68,x69,x70,x71,x72,x73,x74,x75,x76,x77,x78,x79,x80,x81,x82,x83,x84,x85,x86,x87,x88,x89,x90,x91,x92,x93,x94,x95,x96,x97,x98,x99,x100
-2.4065197471056954,2.0,1.0,0.06193274031408013,0.27993623959009994,-0.43410760102567575,-0.13087900349017928,0.9427950571744432,-1.5765649225859841,-0.46937430345298436,0.6053848877688228,-2.31518082851791,-2.660133233728039,0.21787878613277867,-0.514037105271528,0.03956583177780218,0.022595775586325282,0.9812083576525251,-1.5242735305753605,-1.3272791458543955,-1.0230930955478652,-2.2490553741320873,-0.7509750176613706,0.42551471762113074,-0.1042189056558071,-2.225800940613789,-1.8092308497406162,0.12516028480051578,1.7105133264621353,2.2815993781285018,-0.4035864964295033,-0.07181632490332937,0.41981582706573217,0.20877743332545737,-0.6839004979300528,0.4447636305517346,-0.9334000410285569,-2.332793753416947,-0.46934818218962254,-0.544842001822508,0.7375218536428186,-0.45114017196451006,0.011996649376346147,-0.45880515247907444,0.285481230685939,0.47821236725418415,0.2861363458000481,1.3321713898863976,-0.912652627508286,-0.7493234281243979,0.12289129569259483,1.2632722759317956,0.41199642157447575,0.39207172638978677,-0.5775053340665443,-1.0226495460242462,-0.7336191357877944,-0.8589565542037375,1.2519524236057569,0.4995838704725348,0.7662808044938567,-0.02237628606631592,-0.7377950922397192,-0.31309504998773496,1.7356486433515397,1.048729050674346,1.4208399200637136,1.3248806119570329,1.0478274201643276,1.1952348667234851,-1.4536329892592057,-1.5593159742116725,-0.3349932613429468,1.1911724331288223,0.9877168001834093,0.07402989040910934,-0.27941763174704726,0.030988101278675767,0.6253905104598203,0.4314448087219863,-0.7003505811170502,-0.07867315161072694,0.650007325756114,0.8317904190876868,1.324970717907745,1.5969087068126928,0.0657394504197325,1.2371578435891015,0.05496500575771162,-0.4356444999122805,1.3614194040880494,0.2805047642975541,-1.2154533158042309,0.6331957502904532,0.9383239788070432,-0.10127797730215932,-0.271064874825236,1.0090969517222235,1.0026816589160366,1.2919477364666478,1.9340872018944584,0.2382085254971873,0.5239822532608613
-6.05424777761326,2.0,1.0,0.9553133854905498,0.15098914404462088,0.1643652039753191,0.8285107920404201,-1.3411978148851487,-0.2717084099481835,-0.28457961359963746,-1.5457395637521285,-0.4203227059303255,1.4255454804620349,0.7695674700415308,0.16454352244217957,-0.43348015265809037,-1.2595477860335969,-0.28920204134645267,-0.17500725177843057,0.8483147175235091,1.38821016978868,0.17981631686697835,-0.21939792412822975,1.4578313498210727,0.7785732040324668,-1.0050930507047315,0.9122396928988757,0.7475501378702065,-0.1408778839919617,-0.018987729993360777,0.8749928192073462,2.0376065083175425,1.4777627865559562,-1.3983856478959626,-1.2917847743849993,-0.9398949915678797,0.16909971091187515,-0.11627229670836375,0.22668900513922438,-0.5324633431288035,0.33433921847060033,-0.1537606687189615,-0.11915514033982338,-0.8651016644720312,-0.0893850658107086,-2.0184797608442033,0.16443102322621495,-0.22823672904407089,-0.516964034355963,1.5191343459032365,0.11025593421268626,0.4044195351161214,-1.5393061503476901,-1.225934377197466,-0.0483906679625582,1.315661195122263,0.5603739770126053,-0.44061971705219427,-0.1574466644482422,0.11510873212289126,-0.673627281383825,-1.684248137268983,-0.4301586933829516,1.0566332150412967,1.478185867538498,1.1716338082837239,0.28701161133703945,1.0344249043287206,0.8950796615696482,1.1271531266440298,-0.240006331806434,0.8528669627433505,0.29104698873699925,-0.12530554144053427,0.096381671474982,0.6533811827903134,0.8587952644080348,0.8233657282161684,0.14860704836303854,0.1516173740591658,-0.33187855772569996,0.1006356463593408,0.8659018236040521,-0.8086802212035747,-2.0329985689848256,0.4596326068655483,0.1769199926825314,-0.5460573501020418,0.9455765981012444,0.5498463209508124,0.5139102414436004,0.4076748437816472,-0.1449771787820614,0.5481270342511108,0.6909392412866223,2.33627486888187,0.5137897278733639,-1.0923036165368971,0.4490001905695141,-1.64519188192167,0.8689018925009411,1.0377446489914228,0.5742689898463301
4.1267204243960585,2.0,1.0,0.33234681150239054,-1.928610884152824,-1.3778957454111913,0.5517009603935193,0.5818068360557083,0.8714180686307657,0.3998284082100934,0.30555056540259795,0.2819837858875956,-1.3633018507157004,0.41176568447931816,1.563838202361856,-0.3657000145355155,-0.005485267098852303,0.16011690840033266,-2.9057228018696413,-1.3192759095929554,-0.6489254129038248,-1.0016198551039017,-0.7214412406108692,0.7363921808452524,0.5857138636758058,-0.2973417132709437,0.311157864003531,1.042634113703058,0.3743955896313326,0.5638294032675837,1.2206830865648999,0.3332565193236088,1.222745787700792,-1.2314201343064894,-0.17000549564947248,1.74845941997757,0.07198122883856373,0.11975430723301818,-1.4041003542287551,-0.45616397030905487,-0.5675621293926163,-0.3268571860740297,-2.187958561914619,0.2623538140321984,1.1871427790914,0.4596162292350077,-1.1255894398879527,-1.068728236654111,0.3541708195048523,0.4564106785784696,0.6171234734747296,0.5979988547815565,-0.9382212991663449,0.3762765995897979,1.1913089577219176,1.6774305187894871,0.7173905800425,1.5530605549028247,1.5837076320968133,0.45762537616196386,0.7935542082850687,0.5007040556408022,1.0629660311455722,0.6644003872070967,0.7986937354538868,0.2219349500942715,-0.2977446314805088,0.6176865624270175,-1.1162064358318764,-0.06747834736323577,0.9009577635205411,0.2080320468757602,-0.18024756245434978,0.5781838603975477,0.39075807181361766,1.0926161489340422,2.0576336903437156,1.413478536140878,0.2594231402742328,0.26117767498971833,-0.23825898336096257,0.7986302296028523,0.10745567383407945,-0.07159507430565153,-1.4446167719160319,-0.29161002112176543,1.3605138889634854,-0.5510708603995488,2.9948548427180732,0.623526431139445,-0.23048246835612204,-1.2247645748204774,0.14337438659169383,0.9624966878341125,-0.13564893383067883,-0.3428772704037133,-0.6847808139524711,-0.6967524490419267,-0.19248673829562635,1.4889589078198626,-0.4953947478731029,0.5610604091415307,0.17856387221851958
1.271120215593854,1.0,1.0,-1.729521672282597,-0.06068264177616267,0.012371497544157513,0.045565175284615934,-0.2877224149449367,1.51619677769276,0.9958562301901943,0.5229747958030403,0.3495807474532095,-1.3012051716655413,1.0102371702565922,0.30580874602639513,-2.322966467706309,-0.5627176056225386,-0.285700408123034,0.756323561311199,0.8622134948255027,2.711046069243571,0.006219379481295473,-0.31107094596868734,-0.7223278556961557,-0.48565090866265215,-0.6747139523000456,0.002362486429950572,-0.6683710413422043,-1.4991408783043798,-0.21220032642269016,1.488300410764674,-0.701035690334179,0.717217370426352,1.2834167076608447,0.2719002124691028,-1.1663012461885074,-0.6588147650011105,-0.32715784831784067,1.0160413577961218,0.3991402844148105,-1.065160518703473,-2.146094722689841,-0.33274452964303214,0.9739163699196791,-0.15608328524281984,1.6387246119926078,1.1470920240539788,1.3880845264833872,-0.6429314417914337,0.5911241174046251,-0.39617126477927056,1.1296579973200256,-0.03585124382211524,-1.7654423198813458,1.2868582209813781,-1.1133991747593188,-0.4962941134168178,-1.0225460765628704,1.739334617110778,1.3437012409210118,1.1967472972636788,-0.6939344429572425,-0.17716829139837623,-0.6386204159274284,-0.22114585036412576,-0.9146552807460323,-0.44200368020513986,-0.3170143649374441,0.40678433695830246,1.5534023913044988,0.41375418896288224,-0.8025410842762373,-0.03303243056210786,1.4990419551214103,-0.34441352333282294,0.9428800907690296,2.2737575990678134,1.8750753408385634,-0.6577846996164923,1.5908907965525194,0.09610114602210196,0.010827837477338821,-0.6503609763331828,1.4229790887129523,0.38742594235715555,-0.00028500342550830116,-1.0433719863451287,0.6095322536682796,-1.891379017713504,-0.5195203071072951,1.2144665074643317,0.03475621003172391,0.7080252826178512,1.846289118724005,-0.5868814404525722,-1.123901151507658,-0.3934445478428465,0.2923776101254208,-1.5054135316855577,-0.5025667880394515,-1.1010818150727397,0.27721396266291076,-1.0305494058949856
1.6759802042537097,1.0,1.0,0.10384308119101059,0.07995434273536436,0.5559814061476029,0.8566376771608786,-0.15792493048572243,-1.0045624672829538,0.2720000894445891,0.6752306390755133,0.6609090494977798,0.029623767472458373,-0.4204924081314639,1.0759473234459112,0.981453773626576,-0.863271393460892,0.06522942968331946,1.7200084907521145,1.8048222631911846,1.9891918680746508,1.670158563753649,2.256510956394712,1.4472474534435564,0.7120699274231536,-1.1155270633180487,-1.4303659013862116,-0.22860697941507208,-0.3737272476259759,0.17645898406244254,1.2809320382895681,-0.08742890039361528,-0.4429552302823573,0.08838732573690862,-0.537712709268728,-0.983421934316062,-0.7106856614886129,-0.064050152615055,0.47712589958368024,0.016714763604307903,1.0541709780073394,1.287702998548193,-0.32529175208079397,-0.7485061026954767,0.8872813629952242,1.384891397677663,1.8459959360437574,0.9211001694189903,1.2839308601445854,-0.43856743382715757,0.24839515482550945,-1.6062637856275372,-0.844770521334856,-0.6569654295231193,-0.6100399897041997,-1.3288789310328968,-1.3930757846122468,-1.262441302787289,-0.6697296559511364,-1.4408304619422436,-2.135319840217507,-1.9686661175026623,-1.3379131543777367,-0.10933821787222163,0.27299615519328857,-0.3787139452318681,0.8318128037199815,0.28925248933641257,-0.5965576612449902,-0.3180294296481752,-2.618224715487196,-0.9722928686214662,0.6968766279889755,0.1279168735275354,0.5186458752029073,0.6485261587177374,0.48273563589560664,0.9735289436923862,-1.3017733641570792,-0.061760296756174504,-0.733215526372585,0.024433883388686295,-0.29431124398966513,-1.8142068822423252,-1.1892148281762804,1.4636329208679544,-0.36604758498066026,-0.41338175028772517,0.22042254582812948,0.24526550558546745,-1.6597139379387356,0.522001940748415,1.260539507605945,0.7317721021996512,-0.42394759872272314,1.1250794765141832,1.9337913967053664,1.0675059042970285,1.6000413774380475,0.34467363289555536,1.1714015145655683,-0.6906620723368233,0.030396053549133384
-1.5415873986026378,1.0,1.0,0.0007611896783090055,0.1915053133386908,-0.8538368171237333,-0.2741012197422389,-0.4356892088501038,1.9120373799274117,0.24050746767029518,-0.12831770485880936,-0.802514927275919,-0.48686781011932667,1.0408463328816608,-1.7670102104799494,-0.2753708294308051,-0.6823415499696035,0.23815175746210382,-1.1842644758492114,-0.38575574114056504,-1.0495735843444,0.6669294095345546,0.43721363837358174,-1.3712183174334287,-0.3328377610208212,1.1378840660259002,0.81322647221993,1.5017904402005944,0.07923501594893195,0.6007201997192417,-1.2208429032012773,-0.7879993864127027,-0.2273962842803695,-0.19833312295841798,-0.6875077839203843,0.673178096845189,0.7750377542594116,0.46384820265921745,-0.15870343230592548,-0.426143730354575,0.28875253731112904,-1.3314513946376005,0.5231390169889851,0.24010378447497985,0.6456380285878979,1.7010579278557056,1.2291161120670013,-0.6276674651292363,1.025620731189329,0.5602042458759701,0.36449662166577573,-0.6552033477310808,0.35262443300056495,0.9031074682750349,-0.6881631419144081,-0.7107444656450148,-0.6293905696866753,-0.6788762598311472,0.5009033513299763,0.02557574034997126,0.8062252350176025,0.13551640812073826,-0.05093487928328022,-1.0764779242276676,-0.6042002554301682,1.0763454812671203,0.2193746092755015,1.6984434502513657,-0.7856046243413689,-0.05311749693937373,0.4246644673544626,-1.8676990726402944,-0.17523375293309496,-1.504854974928595,-1.4198608501339334,-0.00987472684768076,1.2661707743269373,0.8981631076974549,-0.3334255690723228,0.07978953662008767,-0.7428734281499533,0.2958639438861047,0.05278346448768416,-0.0820325511251983,1.018284022761539,1.5200201217175353,0.2582370342499844,0.19595931987642967,0.34144185807938093,0.397646201631802,-0.6386635572679777,1.1234231338414395,0.4826447802966346,1.3358881140659955,1.0648123097989108,0.460047148699951,1.1781895004592968,-0.7436625223093591,-0.27662451157694584,0.03457491798014256,0.8326391497253145,0.5894066455993898,0.8894698471742168
2.212366808333937,2.0,1.0,-0.8950867993222889,-2.0760787695646483,0.12955696627968016,-0.8232323081752297,0.2833786234481017,-1.533811290747149,-0.3848945961068382,-0.4323414825048983,0.3720631143700479,-1.196794853345991,0.3291358404818199,-0.16659739168822188,0.7071254059709686,-0.414689004126106,0.012849736367504222,0.9379149772831765,-0.35818867896095496,-1.8919316202766816,-0.9444156905906296,-0.18466549827908044,-0.4200370641874422,-1.1367721709896288,-0.0828379302146342,-0.5076830192827188,-1.6072835310531037,0.664971000767603,0.9599803241946998,1.9207074128042327,0.37822178489980446,0.555604341494937,0.024612611186717995,-0.12413113303420847,0.730337353732657,1.8085449279357726,1.0817786609404836,-0.03875837327614669,-0.48255011030246875,-0.497288871442658,-0.027038688729872862,-0.10953832379099829,-0.44727472886527986,-1.6094444871232716,-1.3926894695419665,-0.646735385501808,0.40505307168521015,0.890727394066334,1.9486461129111068,2.5827449632615878,-0.6047960334071261,1.044873537323404,-0.7493542515522726,0.19402815868453938,0.8070165577879455,0.04593738770853695,-1.5617507605311576,-1.4514972433015936,-0.013631526526449167,-0.5127935246023696,0.4019660491955973,0.8837770505088003,0.7738624658870658,-1.2749687370915037,-0.5988327258083195,-1.518370208364281,-0.5156258819215185,-0.08572333147237603,-0.5266111252062298,0.28358761141464545,-0.5527203879993319,-0.13088176170497884,-1.25738634828272,-0.16524504038053883,2.0328324141119998,0.9056270257561558,-0.10111099120559286,1.7230208816215118,2.449666204543795,0.8667644122675273,-0.2637677840383752,-0.10380092848334124,2.1089384184386737,2.5157118191028145,0.9078387643541925,1.4179347158889368,0.43614183701998566,-1.6744480076168846,-0.2655588851679377,-1.507676403682272,0.1777421057137879,-0.030055690461580478,-0.03599601808606924,0.29376616533530037,0.4644082480349993,0.6595169998541003,0.15001721053533296,0.8166633198671036,-0.3726187815712737,-0.06183148970628276,-0.3606568263201644,0.15050669262620464
0.6226880433621337,1.0,1.0,0.4878960717218715,1.2995158460131566,-1.0616320559874293,1.5127763123297018,-0.5163255826998083,0.03151488032700624,0.7439306803199799,1.3705336864453779,-0.37830291895495316,-1.2579781814525874,-0.37942309229928933,-1.0880255791478148,-0.35818392428069357,-2.2136395863821314,0.22622904227718754,0.30164313568601425,-0.30267695772263886,-0.3136713881227083,-0.780382678535878,0.12509975874145607,-1.0688208014943752,0.15186866565798568,0.7252837084943935,-0.5637012250968104,-0.9544089165646583,0.5048165323945805,1.2958059759663478,1.0816538500636677,0.5127765159308018,-0.39616490256023407,0.05906096426367721,0.14981375740425307,0.5595539775992254,-1.061152586881866,-0.34913316311482717,-0.046418453177632595,0.6811770772453496,-0.49950643583071597,0.5020674481406537,-0.4174425763089958,-0.4764753270106568,0.37279327559624936,-0.6568130346997327,-1.183342440625319,-0.7137665131603429,1.743015145209415,0.21690081884965207,0.6399132733003466,-1.9257344153323341,0.1233571993535928,0.24782492403619463,0.2958869205215177,-0.5139083282582928,-0.40515285202952067,0.13849784899004164,-0.38983936131355434,-0.47368778143832935,-0.7301652207414344,-0.35124029944857604,-0.7570732203317379,0.1529631979005972,-0.1531997810580635,-0.049334272744130485,-0.6284468394390724,-1.0625696215488407,0.19509863446938125,-0.2943933306922809,-0.662508612239279,0.3546757378140655,-1.0124679792116287,1.3978877249960775,0.5566566016040122,-0.47889223170608564,0.01609113045452029,-1.4060841253938796,-0.6521031563986901,1.101837077657612,2.689873191341034,-0.40494874519114,1.5290364431047798,0.9729432601185454,-1.3445302436099598,-0.7938404733112926,1.2123678908222988,1.2417067152420223,-0.7842772786916697,-1.0609810552263113,-1.8271280966501526,-1.5870612618102695,-0.749751478552003,1.0425153155651201,-0.2703367661071747,0.21602752683468657,-0.12552855768952592,-1.8665005393746603,-0.052476419160829284,-1.3121716656515714,0.12755853485474244,-0.05619666110521189,0.34264637533374354
-1.531179979371622,1.0,1.0,0.6578006949261739,-0.01873421136790493,-1.2570922700392224,1.014646484050713,0.17394449577932664,0.4386967014091829,-1.908544886487922,0.19712744765273393,-1.4910726001921786,-0.025858196519235044,-0.8596786271659264,-2.4579188777277836,-1.546683585224629,-1.4749354399945227,-1.032297214373488,-0.9773977215980995,-1.2195472093086384,-2.5264101154659016,-0.1518961152006525,-1.1752518772629483,-2.0264532180154347,-1.3160452590608258,-0.28901684899998886,1.277926393725116,1.310415601427564,1.673738237003541,0.2902711229501232,-0.6927240114292514,-0.9774104742000158,-0.9369819198707805,1.3959950241349717,-0.05098277527072981,-0.8691886422101412,-1.3104048876543763,0.260188694243806,-0.20522982029827108,2.7286625743157984,-0.7498601464112442,-0.14553389015541152,-0.256077089854265,1.127159696967941,2.222502753873542,0.1633923404351285,-0.216028277238842,0.5257262979826479,2.160407181924153,0.6191542268769744,0.8319217361767544,-1.3727255482096856,-0.45501941700538584,-0.37678674183085115,-0.2760997049218387,0.009440654548160066,-0.6683367150371217,0.12659989338482075,0.45677231171887434,0.5576500964485703,0.26145536813014947,0.08799123941267285,0.4967275451100746,1.8193270196834992,0.893464907900955,-1.064652451022651,-0.057599105970021214,-0.5174849142600428,-1.5306836723240012,0.598736115430323,0.40585025466194646,1.4621885557386503,0.18443355535271577,-1.3841347240708013,-1.2179853373753033,-0.8029608519719345,0.6983597090317368,0.16149719744110605,-2.0380859637327173,1.0408989717297261,1.2322258535994628,-0.24548068462415368,0.5456842666238667,-0.3829444681252368,-1.062699227457232,0.12258614129609735,-0.8033395286374385,-0.49341597098853074,-0.28302523778829564,-0.04736024674347053,-1.0639515243838937,-1.193700709196627,-0.1475054753175573,1.2981767222027074,0.8689827568724549,0.35668651364873954,-0.8651567146983903,-0.2735282110511056,0.40175904237559446,0.4553983307455678,0.4791696829046115,-0.7976765895719415,1.2500546811042792
-5.471631557185576,2.0,1.0,0.26850441125940083,0.6169532435551348,0.6371717777191941,1.1866791277302458,0.046028851458528086,0.0954807104536969,1.6574704964474927,1.5501373576149038,-0.07498218210071561,2.5884442363500955,0.08707095246261874,0.20638286336172687,1.1859449447743966,0.13444793390470228,0.34694857400135143,-0.04449083868545049,-0.3028258376593966,1.210290755180413,2.1281069233215595,0.5014869134590527,-1.5596650717546583,-0.46871583568392483,-1.2040485920169148,-0.6416514736241737,-1.4573032964373662,1.27086078080288,1.2585900600287205,2.1901076010975737,0.8067650635968642,-0.7276866843604439,0.9079389197087897,-1.1664023284634406,-1.864992332504999,-0.5000580368362855,-0.30106895014552154,0.42262951340054816,2.0373799058490905,0.41359150165797404,-1.8479301541059985,0.42451901161292704,0.2342242026227262,-0.11661698168850976,1.8493798408713584,-0.7093074747373838,2.1698920744095633,0.11464636036287021,1.2575670072519347,0.30212056590554726,1.2735750546040836,-1.2286861101463975,-1.3841540763962852,-0.8057403766509239,-0.26411133558585564,0.613186215713752,0.28550223237204286,1.6812365537847447,1.05547748317144,1.1953297467429103,0.9016939320154487,2.883556496464318,0.763372705969132,1.1107611127151311,1.3111090995160743,-0.5728558465622491,-2.208397193888842,-0.004111632110628199,0.9691091276222792,1.3869142833730266,0.5839466829934306,0.4651329243064599,0.7237117182215665,0.8260683120170551,1.1072515292949154,0.085807554378391,0.630100601062984,0.7700557108795918,0.3367660331942289,0.7081048104334939,1.5944133362161823,0.3761184547970197,1.5336926957496042,-0.15335310396224933,0.27675885317067983,1.2814982133463602,0.5625726100685331,0.1737886788095672,-0.05688300093856534,-1.816824620845144,-1.9360824845734874,-1.7638203701295665,1.2822864422355016,1.1860517725901851,1.5636876781461164,1.6978072637829218,1.7675008019675542,0.0662523080749795,0.2577198403667386,-0.4154692906873174,-1.1358943131109949,1.0416800107442776
-1.217323500581084,2.0,1.0,0.7728793617357508,-1.1486767524994328,1.538179108035914,0.4540207626966646,-0.3852188012378503,-1.302897309327799,-1.100960121257145,-0.01385196882802725,1.711626827810747,-0.011911992380517988,0.7085533399971639,0.300060192578556,-0.7717190177459212,-0.067147075015972,0.456444925580268,-0.20352034262056745,-0.04522628908981001,0.0075069278916624176,-0.020723187838117312,-0.037961046674369475,-0.864935241989639,-1.6556318743341878,-1.88098258801348,-2.23069875901115,-2.5955240701470084,-0.77605848695033,-0.7431326664650442,-1.2447145660456838,1.2020411083032874,-1.2792750820273195,-0.5951866127544446,-0.16971014358823294,-0.7013610303160784,0.26170047524073575,-0.26139164123832925,-0.28522078662657363,1.001161883201571,0.6889606991091667,0.08554076367661473,2.2097116642372874,-0.06697994125356584,-0.42455982595656055,0.9117398053079401,1.3042786050254342,0.8070707650628353,-0.11980700120604888,0.2965513990321882,-0.02729458119899794,-1.4952923085248941,-0.1596779544410536,-0.34739008815713707,0.30247972879405777,0.3805231993519677,-0.38114306928905534,-1.709137481439448,-1.8392319409351117,-0.2840034431786429,-0.44277389305122633,-0.5304130811682456,-3.5189272825860467,0.13301054495004297,-0.023249697256614563,-0.6020619388202977,-0.9913913254564238,-0.2852806951271729,-1.8342749097686137,-1.4975349861788516,-2.194944480332734,-0.7402733173528524,1.047003153481276,-2.9000088690708443,-2.676877670544171,-1.6747141118165378,0.8356643541717883,1.2298694799763212,-0.73161383766221,-1.37574221507032,-1.6705780079900387,-2.9445356153260365,-1.5947010055330748,0.29979154576500033,-0.47392888654665527,0.5063527853672316,0.35879718953436923,1.5124266420578598,-0.42452972993461535,-0.11122940395690546,1.3630924976818208,0.4733773609898284,0.5449710086537364,1.0587035451123685,0.4723764335320141,0.3632280378987126,0.493097145934288,-0.1348651251397074,1.7248786152547453,2.2558791620583603,1.4440539831311203,1.1941044630148017,-0.09588763927456623
-3.626562336806388,2.0,1.0,0.5672741671163046,0.09511114031351556,1.5240719678167884,1.556929298370382,0.3134994490298754,1.6206789688594196,0.11466940775965606,0.8632028672676345,0.46531108093838314,-0.007917212818862152,0.336769071581588,0.5130561251860322,0.5744980957435457,1.6863118744153236,-0.3090182857914353,-0.01099051618870591,0.1693851905854947,-1.60301068883255,-0.6600415602863267,-0.33381810080052354,-0.9949157728718901,0.6737949775841926,1.4776486779265539,0.9211679521667024,-1.986406055819701,-0.898994715283475,-3.1624529145300704,-2.2831335099281764,-1.041634682346303,0.47737173345882367,-2.1983528807036863,-1.3003041367446726,0.7383101609175873,0.4685895566285299,-0.27983202437332383,-1.176583826409773,-0.5342838201604119,1.3039832510328302,0.3626320052960957,0.37147596339319344,-0.07498300757278596,-0.20907859680004776,-0.16322045825501036,0.41012303784796833,0.19175223462304564,0.9133021017246938,2.138103678965606,1.9189888371401715,1.4060242313865716,0.8703111476522056,-0.9017624821830467,0.06099071716432275,-0.49807188423777765,-2.0468603904618137,-1.070373784127887,-0.4610180329054892,-0.7381121852806529,-0.7706252856138102,-0.5119034216355639,-0.4323062436861457,-1.73753877532857,0.3464142994795013,1.1964158974447852,1.7421061267347282,1.4545316166819473,-0.8084413430931748,0.9898861621269284,1.2621378788339757,1.823395314372862,-0.5353893868219205,1.113101933384667,1.3829120938571582,-1.2034265793024288,0.26675147822386064,-0.34305564697647184,2.3038850534202875,0.2806340387878996,-0.15975922346579635,0.7432247987141289,0.03770298743404216,0.27570799051736866,-1.4091114996216303,0.19611780942759027,0.550836723698434,0.32586249453627775,-0.5487530068140966,-0.8479115723630728,0.8132326748431228,-1.0272842631077528,-0.4793848694783167,-1.918613414813973,-1.9750921571231093,-0.2502041833405638,-0.18944318395900472,-0.6871246666945166,-0.18860050337371723,0.14825578446715992,0.5533199352974092,0.06844037233460959,-0.8976050999171981
-5.745560238639579,2.0,1.0,0.3622135978591224,1.4178298414293435,1.5327319564654167,0.26077765789092994,-1.2535332621616493,-0.38536394922690587,2.077649276726554,0.2899537782874576,0.2861470818594792,-0.5344714936082631,-0.6298714722350792,1.049102971896319,-0.4643299395239151,1.1297065002263824,0.43314171529284745,0.7557131803684873,2.0874784334570133,0.9193585299566753,0.7122868071867423,-1.0844189757263571,-0.4507608222799197,0.2723278562115686,0.5693904378694308,-0.44255991711245335,0.8004309123410539,1.217976180287745,0.5836228984540819,0.40326483699752186,-1.4211756015262482,-0.06610785566480859,0.5644364604200011,1.2168718523649158,0.8771036664423302,0.8525931499097428,0.6688253387530689,-0.48648074261212176,-0.2678881847405783,-0.7562831225666726,-0.7417806869613365,-1.4511681287301315,0.019483148112561577,1.139472226565905,1.126219205942863,0.492304627930975,1.9188718869287884,-0.6461205846500456,-0.6247341071541245,-0.31467730494558477,-0.19471078032048877,-1.0806807396602218,-2.606379409354792,-1.0736752899397122,-1.3639190377347576,1.6054274496411431,-0.8613130692291076,-0.5619249108148461,1.3866104566283723,0.8065435866607255,0.10780712419271879,-0.3469027062495684,0.3350732143384952,-0.624532299047293,0.11889508618453587,0.3522396874458974,1.1982554547996982,-0.02269095698387626,0.5530388175099329,1.0729639460508544,2.2247500180561777,-0.49825884807388743,-2.060648120650276,0.6413231845854582,2.0678645970854075,2.488841138411515,2.0241888151642335,0.8174352734583367,0.5249839211059087,1.2278751976014077,0.24365995440478028,-0.46901850414291113,1.3191076441139633,0.7745489667287644,0.9847419922536943,-0.4114471507532509,0.5252380999099103,-0.6971834036480552,-1.2721088861133538,1.5237518591858954,-1.1470818311774063,-0.9882485223647758,-0.35294798612923445,3.2395573100053148,1.6251363291934677,1.1303875252861713,1.3978951756894462,-0.04894118174559544,-1.0784626100946637,0.03225402713783787,-0.8276956954504143,-1.175887632123754
0.3620766220078627,1.0,1.0,-0.5232154097179056,-0.4088213397417094,-0.7241853882694425,0.13247925686679857,-0.7548303571827459,-0.8384430079033164,-2.0816955863805475,-1.2743957283122525,0.4335765849218969,-0.579041236311706,1.8044362782056778,2.96701328555645,0.9928150858385145,0.6566335474346148,0.18990336136597746,-0.35591348616074975,-0.7138365446343402,1.018538996724352,0.3451860380461547,-0.6689036843508542,0.18072181460892572,-0.3205078274982337,0.1291818703355051,-0.5090348736465852,-0.5719431519574275,0.3779828018510204,-0.09123160747856504,0.8184226014433701,0.831994799180356,-0.0934259056818475,-1.2578809949116232,-0.6861943359152608,0.018171186704919184,0.34646578917136867,-0.561992643643383,-0.2862225236080234,-0.07808780173878997,-1.3659357066935542,-0.47997988017771653,0.3335542096967287,-1.1332167944552611,1.201041382332961,1.1951230230413565,0.5295495953173539,-0.07843962391720657,-1.3631190479311648,-0.850587184796993,-1.244058950363852,0.28566424549143415,-0.5012983188016319,1.8353412251207177,0.21964370754603046,0.6468861035946316,-0.15266309618477464,1.306600124884881,0.3945145162761083,1.5405672856413537,-2.271649363104708,-1.6233083776026789,-1.1263675498007828,-1.403719105316588,-0.06343569577811525,-0.13537228954957303,-0.0985269411768162,0.24686316635732852,1.662454695527275,1.3955556218194567,1.2332023862459467,-0.27532345305776484,0.5475291560393725,-1.1235049835030158,0.9632114179498596,-0.9157966729712395,0.21596740847913665,-0.6437968576203312,0.8067251339006193,0.6738005400963416,-0.8289363552561094,-0.35144554635572983,0.12156326445265406,0.3222452350151488,0.41312345170134535,-0.8244918984010863,0.7337735439393107,-1.3697135679711183,-1.2439548581808897,0.46975343683370113,0.2923165550669251,0.47521471220869205,2.4614095571326384,3.1200802626276514,1.4240118216474877,1.1904569409253885,1.2812028710889263,1.2895951237234837,-0.43563784281978246,0.08603909207709762,-0.786337195842048,0.7843333901878462,0.34329539779345875
2.868458254184022,1.0,1.0,1.2469960664247148,0.6330113994963472,-0.03484889170791344,-0.9066788238823444,-0.5306653416626909,0.5376943353359988,0.18112872208133624,-0.47597501396216235,0.23301435006944468,0.38004364100923305,1.0569996563924577,0.6259595145697023,0.7872428058913252,-1.1856637628296007,0.20210935640245958,1.3594682348189577,-0.5670859619654828,-0.6096715244654917,-0.470622083675463,-1.4883509959007748,1.0087801266100487,0.45785949762718475,-0.19748228007517393,-0.056286605125340006,-0.7432966053046612,0.2047426591972501,-0.046223671262504124,1.2152703020860272,0.4763116154633401,0.3612362215570491,0.44316817533205793,0.28895815202396635,-1.0076908319432414,-0.43104204409023716,0.738971904237554,0.6593688678891744,0.7888595389140896,-1.1610883213495782,-0.2446296685680173,0.258913966583948,1.5348461912610727,1.143726703389777,-0.04325114184657486,0.36877422317662034,0.19979961722055223,1.1999699490752662,-0.7096160140148273,0.0033074346108654673,-0.8208683636885014,-0.038766217094118816,-0.07353899323535408,-1.301080457658733,-0.2062585192656703,-1.03543569576621,0.6688385587938175,0.6836306887094614,-0.8692394096340711,0.47707004485677584,1.0379503433983828,0.24384312175285394,0.12954046836574265,-0.8238003547082098,1.0943249300172302,2.335175059542362,1.531961486919379,0.5568460320082211,-1.5151423200356402,-0.31970475791961644,-0.3690783516635435,-1.018563523322272,-0.8392263031100131,-2.8257241592512035,-0.6505277207013875,-0.3731576874859299,0.7787467244684972,-0.6907376501383787,-1.4206588838276986,-1.7812325032416665,-1.5304244815816075,-0.7067471233763084,-1.1870907238721977,1.1391849686048452,0.5520877095004068,0.5604841884808522,0.4425351951940262,0.5192788762636769,-0.11917946677016461,1.132984308159645,0.9853667883104142,0.23687146487414473,1.3260597683887645,-0.6755640070613868,0.08397524958801778,0.011798361537566658,1.622821388451542,-0.8199808175270178,-1.6299374598778789,-0.9226061680505626,-0.21681832587213407,-1.598776404638744
-1.1348796976352786,2.0,1.0,-0.8037569393730467,-0.21627520585894405,-0.010957746830850129,0.844001160263602,0.923942267409193,-1.9133549732725772,-1.5553987471120876,-0.4263533161875602,0.43661941865885,0.3224415894085295,0.13305911119014324,-0.42137523553805584,0.6831067294992821,-0.7052731949407534,-0.6933385667557141,1.3082355954469984,0.38680222078330373,1.1613392184292861,0.9017450444196529,-0.1814055193500267,0.30394027689545167,0.3612255650064222,-1.1684983555003285,-1.3067887178785238,-0.7147670053938923,-0.10993353767379295,-1.0187901983179561,-1.361554834746094,0.6112651404391792,-0.31733936229552967,0.4974513254326353,0.03530520240286392,0.4265820549188469,0.6968084299059341,0.5734372887149828,1.2706916583142984,0.5172382333049367,0.17058342523366965,0.39167095475764657,2.302551307091337,-1.8156850064670325,-1.157337401010516,-0.41012097907880485,1.9372457764346431,0.5621172488096956,1.6533604066166165,-0.20105196236317413,-0.8747392381691823,0.3578306732987749,0.48827189699275697,-1.0112205923460764,-0.958855197955857,-1.402158494094256,-0.9005774834253126,0.8003418504923185,-1.8580188286904313,-0.6759464748892303,-0.7813928811647721,-1.3490612414482563,0.6166966949570057,0.48419638840270085,0.0278716901900114,0.2300731789484581,1.7894446399734174,0.49693234153810895,0.6777861143041649,0.9273466267410084,-0.30070918629948007,1.2337938543422557,-0.560909798395232,0.5697681009226918,1.2951137366774224,-0.5280497213905586,1.7072832946577945,0.9767736147722423,-0.3608535516186276,0.9141219432907272,-0.40444313943825416,-1.4073091227306391,-0.7003090445000351,-0.18667652585705682,-0.80548991606202,-1.6272791244995084,-1.0244671644889924,1.619069821714394,0.6531635969393181,-1.236485405270622,0.3022212519437766,-0.35846951579661707,1.0224437391928052,-1.461657580326881,-0.8770907865858517,0.5511015887573991,1.0857427699429631,0.22302523387174902,-0.7732378196211221,-1.151138527158598,-0.0633772304388242,-0.4577323857001272,-0.16350522193869604
-0.08772236376708553,2.0,1.0,-1.2789125837251696,-0.6523980868589043,0.8456540494302686,0.9841692806449382,-0.2044908593347597,0.18046252629131154,0.06590117331937388,-0.5341652295491838,-1.9219545272182341,-1.4019649949345983,0.45820160313106073,-0.3574677478869175,0.4840897446275559,-1.23447370957012,-0.07666789554035014,-0.9978699864297296,-2.557418232751205,0.22704843855180523,0.5788991233111913,-0.6626482209146387,-1.573945285418931,-0.5940256668718316,-0.27494051276089143,0.12360802103291402,-1.7992657716494451,0.3847822288947513,-1.0654743932105555,-0.2738755655586589,-0.5384612446779306,1.4642022234142846,-0.1644555658448511,0.8187796912391101,0.15781352541281518,0.6802434737190753,-0.9091951275199336,-1.086573888083684,0.6973594584099796,0.451932126707274,0.0023747236317094578,-0.960246169814351,0.6569618590079007,-0.1822172492668196,0.6896605230539103,-1.3838715434219047,0.23926502514038017,1.493488648147869,0.5534151729512269,1.3713473326178691,0.3304858648240862,0.5435988807455376,0.5964255824310615,0.19986789741676753,2.1840143517526425,0.8026450717413516,0.5135438733077368,0.49330774958694085,0.8358387846142923,-0.48999428710092274,-0.6567651877056553,-1.0779761402375767,-1.2602235637522927,-0.7956366817027181,0.47973502237202753,-0.8511611761800764,0.053893443949795505,-0.28135584423289806,-1.5841455074089101,-0.7152352693867845,-1.5189243314337455,-0.4290620734042582,0.5925711241820859,-0.022352171205875238,-1.1468662596529309,-0.681621841876028,0.43436312332455096,-1.2465512675097419,-0.31783458577899004,0.14709634686241738,-0.5258559453816346,-1.5634187623188311,0.20884240350573188,0.16411098577491523,-0.46854567686421394,0.5459537277384465,-1.4309669235626639,0.4723492022457041,0.6105512760639761,1.596435224451993,-0.005125142944983119,0.041237557848602516,1.5182175212561635,-0.7728717842025891,0.8848059530478869,-0.11395827471716086,0.10684785517406628,1.01083538517347,2.3955850151087112,1.7630803010952365,1.9764271483804259,0.9224668255140063
-4.771589473699411,2.0,1.0,1.429606983436717,0.7914502513026533,-0.25200447691165295,1.0316779513603833,1.378551040201621,-1.5162491626508876,-1.9104107630886258,-1.6990479202088298,2.4691868995471546,1.8808285666680207,-0.22237246725255053,-0.8643985632612097,-0.4851504958480113,-0.37900146932020395,1.0192202692476886,0.7947971705065133,-0.36211254578061497,-1.7948148305248321,-0.9120089567506793,-0.35553498983427595,0.6535352260323185,0.08978452282279956,-0.3797107968288169,-0.3848845528062549,0.8038243687933602,0.9315718440227837,0.31713928986558876,1.9356400756533252,1.423771172531655,0.13488326836109427,-0.25200832332216694,-0.043943635820230496,-1.062537906867636,-0.6531377908252263,-1.18326332059792,-0.4893590502044465,-1.1222707743232812,0.03229257581850992,-0.7790851982795717,-0.5655315966077895,0.919454327751205,0.32616899041657166,0.24447324561266848,-1.5004241427647669,-1.285426744930069,-2.243298776525448,-0.7632998995122233,-0.4320457200933928,0.5979222621255691,0.9670411368958729,1.4464831345074127,-0.06305616881346732,-0.2346234194425948,0.5081633106080256,-0.9951317820954608,0.4669394167525753,2.4194009626905073,-0.5398434209860419,-0.696030461692247,0.2848297264711783,-0.13806637773999647,-0.8943689960459786,-0.8522578379043984,-0.49504662207053585,-1.4036079688835015,-1.1517635466641358,-0.450494491153768,-1.6533675332853752,-0.32711498046139376,0.6952951440596653,1.0378067444878587,1.4386866233722622,2.108903612806734,-0.792141794159618,-0.22072064040038064,-0.10563056905997047,0.08584494708867155,0.8513911373303469,0.02811376460322701,-2.5230009214083036,-0.6203729478631074,0.2314622269942148,-0.40243208538184577,-1.1162160196013513,-0.9451311934194746,0.49222947551153884,-0.9477197407193537,-0.7547331604773772,0.6801312501813125,-0.6993328637671256,0.6511408262450232,1.0479606637067973,1.4528513252725404,0.6277204640611037,-0.643542314432053,-0.6620618334892179,-1.3803500034119556,-0.7712767857119788,1.2710455850109574,0.37841986913903913
0.5694159281244765,1.0,1.0,-1.219737671737357,1.5967877388188898,0.005497515447385082,0.7002105555072918,0.32505164444979373,1.4875771497186583,1.224458031291142,0.687143340056278,1.317786126979675,0.8486302929257716,0.5997858172251431,-0.8100478014603751,-0.9693632822956331,-2.030283599368631,-0.5943214023241975,0.3146778287767675,0.4299176162837256,1.2468803316457016,-0.057609556990855626,1.4392539137076394,2.0529320776874433,1.759494556695167,1.7031965555676665,0.3109426117460985,-0.389209117484403,-0.13804858663692443,0.5229167083440132,0.5016050576629879,-0.20893820376809463,-0.5518862573719794,-0.7817303443137742,-0.21954206397020076,-2.2723846443595517,-0.4886807235890598,-0.4839296033336088,0.3490249434483934,0.836093332471979,-0.2254385828157935,-0.9920762370404811,-1.200407250151284,-0.6061262088257152,-1.6486868433549755,-1.0959580284835768,0.09045918023801858,0.07363648614547982,-0.345731191100649,0.5163446526353443,-0.48004896039957373,-1.304899154016184,0.00926198605390438,-0.6332496573537746,-1.1537611536316281,-0.5080554405814954,-0.6274371237979539,0.5276325178505861,1.3105970856923324,1.0615863888248174,0.1601159576223236,1.0402641189613189,-0.4940375632533464,1.8435509891752069,2.9980428919279856,1.2503639899232484,-0.042360655752628595,-0.8939398781607858,-0.16452144554870132,-0.5093609396535114,-0.9655757796370541,-1.0768374330400978,0.09210342552021555,0.30839236839801804,0.527472778777299,1.0081943138386809,0.15094309748416251,-0.8251176772439104,-0.9055585126897203,-1.6512667326470905,-0.30255367183861526,-0.025621217281682637,-1.1715818208015312,-0.38378529355712426,-0.594776004716942,-0.7511984978876975,0.6317155088643881,1.6336662795859747,-0.11933988062153002,-0.19045521131626192,0.4815684626386555,0.7012248505874834,0.12334437797698006,-1.4448434927058356,-0.26348708025772316,0.6757615362360991,1.5780329211006143,0.17287555513320912,0.7195852615406869,0.32315227938420255,0.9822299296805788,1.569432342094306,2.3958729896708966
0.868874588979318,1.0,1.0,-0.21279151958475845,0.10366860191497866,0.25974091350636674,2.1456553106371943,-0.049814788732763904,0.1463425207724568,0.3832561380967502,-1.5427154571777502,0.08889117439113348,-0.5661569626458278,0.7372636083442916,0.6995707684630894,1.08947907438955,-0.6469675526760827,0.7098719978647952,2.641140685498687,0.8197261283875759,0.519099253528319,-0.30763178446129613,-0.7746617326519981,-1.626526227432489,-1.8817410996481931,-1.6169804199934186,-0.2635683461399787,0.5573058108400601,0.838802964708467,0.15115588788448747,-0.9803075016391414,-1.013251169760538,-1.6188625730257988,-0.4117072017382488,0.3000830687438456,-0.008632114765144167,1.7618829943980183,1.116708068257784,-0.9344609108365926,-0.7060961304652522,1.0173107310928027,-0.7559296023176831,-0.5200685651749299,-1.4429046256845617,-1.4844810563339021,-1.5946558313225654,-2.3960148928949705,-0.9335804453656147,-0.9032021944993608,0.6068441822533266,-0.29458030088474035,0.0688185339409017,0.9971992176871906,-1.1632994340372667,-0.6192607774102087,0.19420193572680172,-0.44097451909339475,-0.2724997831619096,0.9549295263394043,1.6793075457357218,0.9688558449303233,-0.2638835853079015,-0.4133479884661664,-0.35286649880791476,-1.1361819040466992,-0.21871374764499116,-0.003867805851832551,-0.8447633899052452,-0.19365632872425653,-0.10880511102961841,0.05404363131907057,-1.8035831708643104,-1.7488701636578847,-0.6131348827327308,-0.5925413704272925,-1.3360647763623124,-0.5223027848449405,0.028941331444575003,0.021307837256398118,-1.0488561982243088,0.41017093707159824,-0.6681060240402957,0.7327947143146667,0.17123664259579077,0.323108513582199,1.000412034333109,0.991040072261557,2.7047463581295057,0.7766694073493708,1.5386529544145429,-1.0811363988008957,-0.20747815198684919,-0.061759291084416405,-0.9407800061068662,-0.47282092231592604,-1.6841143283350455,0.4661405201377242,0.085281766812077,-0.925028203905829,-0.38497778706019725,0.3434792183762969,-2.372863031053113,-0.1643597675019962
-0.8141317974033746,1.0,1.0,-1.5729097135966468,-0.26570140986250945,0.15297585332083613,-1.8982722580144278,-0.1833715243540901,-1.3531242416044569,-0.7496545859053361,0.10449983374829847,1.6811784882181484,-0.3218920625386634,-0.09709280367593447,1.2571278394765937,1.0907994118086661,0.8686655408856363,1.1385394232704342,0.43624889638621506,-0.4213671736300384,-1.1214641444474616,0.6434638788166263,0.3523395926816214,-0.5526063259625243,-1.2998993184298921,-0.8095406528919546,0.40084603291868437,-0.29076848854276593,-0.39602811318302084,-1.5329283395256916,0.3412101929594773,0.7264317813769305,1.8851350344695887,0.5144345138051876,0.12642306234363676,1.3593372957253766,0.9145250355420034,0.4473265688194857,0.8094699704854086,-0.09512846545091558,0.4907802813043409,0.23621848822402922,0.139704580345787,0.4021196531749029,1.31658545196098,-0.5178335769924157,-0.4229698698130324,-0.0022731874622987924,-0.6812463859080099,0.3209449117636281,-1.2093933885415311,-0.10161406709892734,2.4620617968133534,0.5665188923482172,-1.5348663739889141,1.6098700877647392,0.9474056712748226,-0.3723012063196798,0.7697310282811576,1.669469264372261,1.5129781167578957,1.69715167060903,0.5080715418565739,-1.2778634795861974,0.18996694375218703,-2.3582315248168286,-1.7176984878436505,-0.32953585627724635,0.3883004454563883,-1.1005602943508521,-0.6900289989135484,0.6816938280734629,-1.9227971704616569,-0.8098885151550608,0.21545950680051673,1.1629137155552944,-0.05742076189479067,-0.7548129624261424,0.9567985373837865,-0.6467308885608891,-0.6657585350775533,-0.5599026497791975,0.7978794139330299,-1.4591369512803867,-0.04002727047261312,-0.08575137125185575,-1.6113960465850259,-0.7401066870514892,-0.5737173823442949,-0.3528413412062045,2.0751990780416194,0.1927303105037248,0.4981420368307938,-0.34548639889884986,-0.34717702545681517,-1.3502025584981852,0.2752595369620676,0.02259861776813421,-0.45638162486563444,-1.0456485316067268,-1.425244034176428,-0.591120937947981,-2.1448430510750884
0.17046134757598555,2.0,1.0,-0.43491064271691343,-1.4809063918133136,0.23133972992790242,-1.1947723678834696,-1.0100538779973904,0.3384576082562919,1.4664769474747832,1.2969628486188496,-0.4847039986117915,-0.5689796859483558,0.7371615364254039,0.9595182030318021,1.0944199188015933,-0.31638267063353975,0.9359656618385287,-0.516754563654643,-0.037209386241947556,0.11174690773383375,0.8494756969938961,0.16199768463865324,1.244128395066261,-0.03873509044903756,0.04151677712613692,0.5121378277180879,-1.0491435830930411,0.0878768538230476,0.04262438483295648,-1.1096864830774973,-1.1580813342652214,-0.7797267449530988,0.6251430049973737,-0.04991716588997641,0.7072400423148536,0.04993845131484051,0.12344579670388701,-0.6774328880116398,-1.0391363259347954,-1.4982433581775982,-0.7643942347057964,-1.2894320506043995,-0.27317036968704755,-0.60187664423767,-0.012548492019013202,1.1256271971746628,1.8224998376343193,0.6290491868833356,-0.3716539659268632,-0.25903792449299035,0.1604468602278472,-0.4561468010599615,2.095824874423627,0.5743584154775043,0.7847901713995965,1.2281373647735188,0.14205944935086073,0.9269200935483826,-0.1695562982603741,-0.6095229801540077,-1.9571203901334986,-1.2480951963740852,-2.517786326012671,-0.9700388149751529,0.526236033689733,-0.24588835867677059,-0.3762831898355098,0.6262275522254328,0.3603334208073814,1.4881050152411515,1.0997413636103996,-1.0835906417954444,0.43601933457811254,0.06753519732065101,-0.09357888688342987,-0.4147632795676223,-0.1075583877455885,-0.21959556202385339,-0.14806104402638126,-0.4013612555381574,-0.21431736460047401,-0.3985111032004418,1.0393627202561129,0.24656068219783434,0.5561592863664729,-0.5287759869200301,-1.3310286501397077,-1.5736895959957233,-0.004537162583373222,1.1960218639617957,-1.3800107753296627,0.69798095910596,1.3281102370737838,-0.30689203006406174,-1.0083670638116455,-1.0573344182233728,-0.02779352983647221,-1.199470952467377,-0.7790196610638733,-0.9012605925945947,0.09142730024622725,1.6753232478657063
-3.315112711518291,2.0,1.0,0.42800557213443385,1.450815580007159,0.13428179692094883,-0.13061177923532422,1.063376748618259,-0.15539894705766394,0.8069266484861616,-0.03833654256529356,-0.6823620855459502,1.6840943322063118,-0.3055898610733374,-0.7117954928621953,-0.37229792272781165,-0.951902236101411,-1.245735972014786,0.07180770712271396,0.13330645914553968,0.6914477674197603,0.39901275381699275,0.674925192490279,-0.24317083591178923,0.90032124205076,0.14127553094813047,-0.08980910775276907,1.5088366084006068,-1.996302415221963,-0.7810475065459163,-0.7023360676856253,-1.0853952923789716,-0.5196011229214266,-0.5421508258411389,-1.5876066128915,-0.4499616165312694,1.645891202795712,0.3051378438800189,0.08855034232079652,0.3462050594877085,0.9694866853148225,-0.5228741129583379,0.5902691522990631,0.2874158575088824,0.30571664046401376,0.6266074293524361,1.914898797373598,-0.8390817685940124,-0.12757813824556472,-2.2936566168452748,-3.927857183758535,-0.9166011112420955,0.045671641057443924,0.013783257416423866,-1.6521353766852112,-0.7214059344190017,-1.1914742760578716,-0.43457726182674694,-1.7649385057676743,0.015217022553427939,0.7029656164413839,1.0737838581334864,-1.4888543062283486,-0.2809669982657011,-0.5068464128015784,2.2413183024936743,1.808438074100614,1.221424664515668,0.5939308147554139,1.8595212885919379,-0.009257145925677057,-0.7853655971546977,-1.692426979297176,-0.5107138951134419,-0.35405216539665296,-0.4934561743943982,-1.0449065110679807,-2.215827222848641,-0.17802060850790877,-0.3037059034156205,-0.9716608868294929,0.07229861063290322,0.6012807801741569,-2.584741736302866,-1.2907774615528436,-0.5081960042665579,-0.18739658019770894,-1.0285246522586367,-0.8461477314201625,-0.9132666936947189,0.24361356617600494,1.1302088732244115,1.2532552104022467,-1.217917899883372,-0.3919485825742366,0.1343674649553419,1.0360536532232203,-0.027130018949766743,-0.6985950658690314,-1.5834424858318061,-1.8638150281370014,-0.4031558888818096,-0.18676696169113371
0.4228609522564789,1.0,1.0,-0.745160153308638,-0.2597910797622417,0.9253890433883838,-0.4607864518289752,-1.965634535139815,-1.7016714503192931,-1.2424875451163904,-0.4557183066123192,-0.4748004541668337,-0.1397294496366411,-0.0697784918850301,0.666428232626635,1.2503492144032164,-0.20799449705502238,-1.2237389252096338,0.4108510418991413,0.2198871247324213,-0.39661088285901963,-0.7202216993616537,-1.6102744503231787,-0.534826218330958,-0.20119771749580162,0.5325245022883909,2.0840187493567277,1.4163358354743762,0.36592459365554325,0.7099337847870724,-0.6750150596507223,1.8658280940161611,0.3771334770378511,0.8639739806279505,0.18797504170984508,0.8086717001653345,0.2527936553806458,-0.276970781645411,1.8467546939080284,0.150572995688393,0.015341192052321685,0.3920778929402605,-1.17356643141066,-0.5216923019346233,0.4486083209849121,1.9420263877051287,1.8049947032778826,0.6379750600766805,-0.0443938173633358,-0.8968222004902731,-0.8749915612066572,-1.507229848696698,-1.921990427756815,-1.5697867083674732,-0.05932056648890105,-1.5404460595939946,-1.6778652008954527,0.3367724846614091,-0.18765926124790583,0.009401568954770484,0.6235957823313536,0.9311863853141306,0.33834642070997717,1.1706487912723391,0.41192328842669107,0.6268333113516775,0.9923683129756565,-0.10564609844022177,-0.10930705015998074,0.3113658816075519,-0.7460979543851832,-1.1927174736455244,-1.216669892790841,-0.892059007019741,0.09048355845659928,-1.3071542662368116,-1.0040446546075603,-0.37616769112373943,-1.8573132366170617,-1.5656376056519572,-0.35800172832050203,-0.27059749226014534,-1.805225725844191,0.49312799629374576,1.6286523898759027,0.8309436865918427,1.6387641340093266,-0.9208977624974752,-0.4038817279831152,-0.47990798761657655,1.9772593851222489,-0.023814154251986075,-1.5692650393666339,2.4424042775604473,0.5472627225017168,1.177910339357786,0.10136757043107131,0.39678165771317875,-1.2717375725789406,0.3932972217250075,0.2869777474932836,-0.9637404080365836,-1.1252994257767936
-2.727298206999895,2.0,1.0,1.2406185347788796,-0.1972163951601988,1.0219961819682242,-1.1530634730110687,-0.3471477304427487,-0.5670173996919873,-0.81935369937624,0.7994867235726968,0.06185032720196748,-0.26522831317744744,0.9860263556816172,1.6455086955798088,-0.3368215431441679,-0.34036777525291034,-0.7920109506337508,0.4648223687874204,1.2625626506928325,-0.002195163230149788,-0.3812236583603872,1.4180311587061465,0.39888471681899174,0.1711125232417024,-0.11436123787018063,-1.5397282628109221,-1.40908266998174,0.17273861665317683,0.5620612995013088,0.39029785706109066,-0.17384979387109373,-0.6679090473376199,0.7500901058110536,1.5626897494996945,1.0451250815047588,1.060102044924153,-0.08489760376907485,-1.243323466505901,0.023894636106638834,-1.3866975653754932,-0.02522968091882183,-0.28952300679854615,0.12448518671774485,-1.0353958858984995,0.28132627702386265,1.4274550306752753,1.1609465768084564,-0.8055942852897089,-0.45603953778364237,-0.10697720924689717,0.546743855361105,-0.05029430389009215,0.6893187640120557,0.940291812504031,0.41275873269127544,1.4622687650847217,0.7061336775172374,0.5111559726024903,1.9389670956959284,2.5555716931716215,1.4427370349822453,0.686135578419193,0.9102309698968664,2.3632202960265154,1.7223268201633033,1.0154857902296295,3.160997401456777,0.09384244816420163,0.39433243094539483,-0.3148597632615353,-0.5105148104769748,1.3882292614162188,-0.38783415765200463,0.38289684347310926,0.3447006708480128,-0.6156874093715334,0.6119895986407684,1.3516205317233296,0.26075435482592757,0.3096065274481512,0.3921577418223145,-0.10058454600950817,1.2893470274709058,2.5951596469192473,0.14302034470574454,-1.6640163018348237,0.7212503565548608,1.4557223688186574,0.6494837751613843,0.5064658933222577,0.4056218074589822,-0.48324910525545045,0.24830734519432263,-0.39733463469402447,-1.1954460107522684,-0.2657065956086947,0.04802608734748566,0.2539562128053922,-2.0771908492463997,-2.2244600494218747,-1.6837491208907065,-0.7946718817636971
1.4469517586550453,2.0,1.0,0.6600502941761842,-0.2962167937351103,-2.146303509596485,-1.1343720746221708,0.7408804100278479,-0.3927702063505393,-0.10359088366487326,1.5187457549944905,-1.6120421116823107,0.6122128205811909,-0.08054917068104925,0.45998961515439346,1.7489679203734383,-0.18439215099438555,0.1939950042032425,-0.46759130588189396,-0.1321706604811843,-0.5887874775231914,0.7572074667898874,0.21204352098562035,0.24988593863857456,0.4072742875587846,0.9141730428560217,-0.44234046630201396,0.4160221087303496,0.6974837619074333,0.4031959937188473,0.6154029680371784,0.6569485721272906,1.8090308548539307,-0.23028773376641334,-1.8347058424424543,-1.832772053230645,-1.9056863117810345,-0.46442214094539563,0.47167968039252106,-0.6254529816783253,-1.008945091244641,-0.18662398288207685,0.24993066495880065,-1.7245869971232208,-1.341815051236271,-1.6822592960512437,-0.9301764603661316,-0.0773655239023211,-0.23038031512649484,-1.3719774853516544,-0.06307555073698462,0.017627676866211438,0.8432948875784816,-0.8232290893980249,0.2802638438067524,0.534779586758287,-1.368935234969473,-1.5101057122014057,0.42114092157938915,0.3323176069403555,-0.6212665351262812,-1.576909271234179,0.3161372519745843,1.6252107100152662,0.6238571444799031,0.19515676553525252,0.9044823876428151,1.2356004366018447,1.199624647943294,1.6463422583677367,0.49459761640784705,-0.3372262644245142,0.43056311008189485,1.3423415614472365,1.1558680450909962,-1.7304004019241184,-0.9688287580613624,0.2286129192429377,-0.7555845381381442,-1.5399264406924285,-0.6140308163555872,-0.7253376145648294,-0.3940232016410776,1.3406694013960538,0.5165439635142656,-0.05476782883619016,0.2425721054512627,0.2927610874852407,-0.8018623290763829,-2.402929483651601,-1.783364331357626,-0.2780180266437034,0.37005396023030224,-0.6563230080786358,1.415347111522908,1.0839167736027007,-1.6162985917756894,-1.365170876825708,4.378290003095935,0.5659394584705477,-0.8345075909794016,-0.11453364647650885,1.0556221882160604
-3.430727975659392,2.0,1.0,-0.6787060231789842,-0.22346818970688667,1.7617405596911524,0.8987651043490936,0.7926675745963634,0.04155058149210207,1.628630757469635,1.7003753260712873,2.752687070602826,1.4250220815588643,-0.2689825925389479,-0.016893543121452317,-0.7630435852771561,-0.3020859502971311,1.7314063816633227,1.8456226464512424,0.054351282794050104,0.7252203972308746,1.1276323730682585,1.6952701161368984,0.4137247441224073,0.4429149932802705,0.5991387141930905,1.03030924247162,0.8918495102682434,-0.07117434723220933,-0.29529455525064746,-1.728335767619697,0.1408651212602826,1.2408307860327188,0.48494509296493193,0.04767114550891083,0.33572614500530273,-0.4564582356720629,0.32433856550042073,-0.8053825738011473,0.07199524213332043,-0.4167303047015842,0.11755548544764213,0.4056459905571513,1.9290440911339488,0.7058289870229353,0.9400915684558354,-0.7395261790344066,-0.36102224602675503,0.4304475813170374,0.7178813497028194,1.1182739225336684,1.3067498202723615,0.4361925373547715,0.8077788400973901,-0.5160204289565092,-0.4364234318905431,-0.38006911041357694,1.5607393586280824,0.7298971614972577,-1.5696680670814203,0.8551429955181635,2.1184903994984245,-0.9253724756257911,-0.7881371340030207,-0.8504822141333486,-0.8884933059194162,-0.30073933955129956,-1.947028484635094,-0.7217714840168937,0.9944893616186825,0.63443940076147,-0.2458726758275438,0.2808491685863873,-0.3048471652116609,-1.818453914753755,-0.1617905712668174,0.07729646011849853,-0.7542328592404423,-1.1227293248559553,-2.5700031308527485,-1.0767738188185394,-0.4213343494251465,-1.5359709510990769,-1.283637705397096,0.4115380741526321,-1.1845381872030256,-0.4617168864326639,-0.2301320889958341,1.2164862091755468,0.47872468746850044,-0.05776761386080009,-1.9123861925649006,-0.08325148716006214,-0.1599900084687955,0.28535542618915427,0.7557502034471847,0.9923519849148886,0.8725080781427987,0.0028302936741405466,-1.155070692260948,0.14269776302906323,-0.4638764129236249,-0.36205540088882715
2.124639938189758,2.0,1.0,0.38375417722905647,-1.3343417347322706,0.08095914667311921,-1.200655204376243,-0.5880435405779547,-0.8444684771007301,-0.07667052300899041,1.010067974871134,0.661633843019221,-1.769150028929203,-1.3293053904445875,-1.0881795259037634,-0.045000999349350534,0.708910207736659,-0.7561729292888744,0.0078047524531059155,1.093974067834021,0.9195307516722108,0.8229988177267327,-0.4159488698657752,0.12326265732162939,-0.76476251314652,0.22770509761574464,0.8486784524871832,1.693154590962711,1.4693715844351398,1.3332155845824785,-0.5224285559354843,-1.1511583943080692,-0.6712713572567941,-0.29211415035381966,-0.7342109240969074,-1.8520004407406143,-0.334911365926767,-0.8957368154778778,-1.4349966357514687,-0.8864151276397638,1.287503284748615,-0.4602697244867485,0.5014997819059641,0.837520094912125,-0.8731305263991026,-0.48822985685559495,1.260413350654733,-1.040067569060063,1.6391375441166425,0.4346502853872557,1.1415972039284332,0.0020364666289465205,-0.8048763330653395,2.40176564580001,1.9766010292100458,0.9780920527634881,0.2251444700630746,1.142910837258232,-0.013343776472955931,-0.5345450011421012,1.1114010711697697,0.5740725504896357,1.0581828241764566,1.6383089321657127,2.0212998282041994,1.2543841350473264,1.4398045897098903,1.9953010161550886,0.40832635112780813,2.2094860420481495,0.7614247893215949,-1.481636380472398,-1.1845698923754342,-1.3241809267921085,-0.3370115751143272,0.5419515837556577,-1.7913366885998072,-2.8901432002831235,-0.4269600793084881,-0.9453363037568416,0.06909646198546482,1.4302692082246045,0.07404625904161871,-0.438321454287434,-0.4740755050063059,-1.0219765964494358,-0.003264646689405848,0.5004817038967748,-2.0837122565862467,-1.8367384518124812,-0.9066605314401455,0.7329607767509343,-0.27645171465265306,0.798402933015982,0.7729388769285406,-0.4139156701219048,-0.044605192802889354,-0.661454560917448,-0.16024350327191011,-1.2028842034225693,-0.8241758894636526,-0.045591266752253445,-0.37023980245301796
-5.425603572657209,2.0,1.0,1.0056230196588354,1.0176787526245639,2.331639286763423,0.07643808198838942,-0.7196331387291902,1.6510091808334917,0.8345936822554593,1.21695526488831,-0.6042891850160547,-0.23320382603476283,-0.1572320121264245,-2.3561091767788356,-1.3465118795798834,-1.9044287620635756,-0.1188238162737626,-1.2786518388754795,0.6146021941131955,1.4844432876115294,0.1999434082226368,-0.5993964771281162,-0.33938404776576053,0.37008174301649355,0.2566693009064385,-2.446391380633097,-1.245614245535298,0.15223869091428774,0.9366109406760668,1.1646817371933316,0.17260899881779784,0.3689195541701342,-1.0711845304953007,-0.34499677698011055,-0.7280168278417767,-0.1143383947251892,-1.7852832757416153,0.42855601271481814,-0.21304340393758742,0.4839397731303728,0.8274946781774558,1.0906702441336933,1.0478124362999273,2.1650662541908323,1.886333078365475,-0.3201820167475129,0.11306198972892664,-0.10612086286114901,1.9887935063225157,1.090659863578644,2.267100453952579,0.1093168677752433,-0.17643500797119155,-1.2115842649426214,1.686614456666936,0.17671912042704968,-0.8112098155372074,2.7344569425509895,1.9371509753714586,0.5863715607840487,-0.05903142933766736,-1.3164981807406315,-0.4159370890314816,-1.594155552775789,-1.211852277699124,-0.7608466514037742,-0.4928628182012493,0.0881731245766022,0.4313739854731035,1.5201240735431436,-0.8105137538142461,-0.011156008490046776,-1.201237934375557,0.3080940829388678,0.1906165898766389,0.40848365006380893,-0.2746131680415332,1.7992301404025284,0.33863009808437766,1.659587485304678,1.6984790606338296,0.7180782871330333,-0.7536774501060185,0.01713763143525565,0.7987638331180835,1.3530213841232754,0.6684136789795716,1.020736461499063,-0.5356170948385792,-1.3059733928902288,0.9338645513671362,1.551232448314433,0.42154763184382177,-1.3369231483564388,2.372344334633656,0.9851534009033733,1.2008956058070708,-0.990169308687422,1.12119789511347,1.2727012594446088,1.7309576861656077,1.3505781179305059
5.107922288981983,1.0,1.0,-0.05446448532936118,0.13064595854931363,1.4517417358249916,1.8653789335381772,-0.9858131780050544,0.10638348111695879,-0.030708419287498248,-1.5922324705660926,-1.1234277149578338,0.9217259662118452,0.39593271525910684,-0.20540800022447459,-0.12578248688491184,0.20263337281654575,0.40633023079279273,0.39468282013422834,1.1157515285648025,0.22922358144428762,0.8257700281620959,1.6134913900011423,0.6633064892539857,0.783247809989857,-1.0220000609690643,0.4298539085879185,-0.22975257527543838,0.8821374244604222,-0.35950305100533003,0.7039943400053338,1.193211951945542,0.10160852673659837,-0.593598056610316,-1.630603904894039,-0.7436550040360629,0.05031446359085573,-1.0789737150518448,-0.9097973283616048,0.03215267008700312,0.26536864358149465,0.41620829668591375,1.505301961785985,1.6059235417946498,0.47241014578982576,0.22586322789005955,0.3043583415983747,-0.1762653489392747,-0.5201668270259375,0.6105903654605098,0.5730678228165142,-0.14834254961773885,-0.10151778791915625,0.457604856366474,0.33473316701543304,-1.2100768836618196,-0.520726629704189,-1.1187246157670143,-2.0805583834834676,-0.30116158270004845,-0.08988300763154752,-1.362529532555378,0.6574361593889498,-0.8177816003226158,-1.8854033918862885,-1.0516226534122193,-0.37451215729421816,0.7483929726834909,0.07780390598006286,0.016342626397622004,-0.8906116726730753,-0.5766156770095545,-0.2332157824631951,0.473343206017854,0.9708563457966614,1.0974860068381007,0.2821332614218718,-0.4846035683563743,-0.26524101724871,0.2971654345126405,0.21377614605772005,0.5157064533288775,-0.3109932975802761,-1.2045981324370265,-1.2411722710739943,-0.43546990946590447,0.48164203070452594,0.793350602874535,1.7251978506624996,1.0302910708967867,2.5397918558857673,0.6122803253091202,0.16632504202504453,-0.7980014588900788,-0.5205761652927154,1.110437386262558,2.2210075077793823,0.05915638971909698,-0.4972959259746023,1.0288894601942273,-0.08947696502170877,0.8534804850471993,0.49253667773457244
3.578296267496801,1.0,1.0,0.5212575474535046,0.5438423446602227,0.6110668117886121,-0.12197207975094476,-1.124694015452548,0.6278850495955061,-1.7423756216425168,0.26722648613511313,1.1879230986071618,-0.604580650205841,0.7876274539883485,0.9443185213759995,0.5694507300111169,-0.9883685329524938,-0.4996431206410629,0.11389461507520565,-0.377343665925943,-1.2522928550471124,0.04814179327842827,-0.8672990930684811,0.2523912578655566,1.7180102319289217,1.0009846316602518,1.2906111318788618,0.02578285195621366,0.5549788186588221,-0.019419185324776017,1.363021665743203,0.1437425378890272,-0.6694529465996757,-0.9282073929825474,-1.224455890390228,-1.1278688235506018,-1.4758887686589335,-2.364308208236034,0.4963489036118973,-2.1063464935232474,-0.9528250219221434,-0.3729080097418146,0.34646399581947496,-0.5158083887502452,0.0594836194854787,0.5573868241164986,-0.19616860436970773,-1.160926409707885,-0.10267101246759633,1.0332132647358359,0.8577253641261586,1.5088980635432945,1.2965442641832194,-0.08128167478683422,-0.22327955135206146,1.4864179371685737,0.4269231951485107,0.11152034015440701,1.170612954185983,0.16228468829159443,0.08887137390775504,0.9750279233378124,-0.45020506903494434,-0.7747436630388315,-0.8697111407902749,1.1425365101246343,1.0743379518882736,-0.5237252911434466,0.3866406874296977,-0.3571674697832846,0.6497785160900417,0.612274706134552,2.123884672786282,-0.03289214882587377,-0.6275089421844638,-0.5584480560780494,0.5588674173071948,-0.6861556816030936,-0.025685342285358344,-0.24983819924174483,0.7501302734051974,1.6202697068285035,0.44010483457464566,-0.08594103201288279,-1.5555452831786034,0.5713679346273833,0.29702632672794427,-0.12378877003310272,1.082338444380925,0.8072860239938786,0.13778163123770237,0.4604108779097326,0.4116325600579197,0.5636375926829607,-0.21567995446301746,-1.4894972536964537,-1.6305837404945196,-1.0542728582238912,0.7302221057001551,0.5540266459228155,0.11695777605063362,-0.8486642673360058,-1.7183983420899203
0.05438511466846041,2.0,1.0,-0.15908154626962345,-0.27855405317771037,0.3244154614215946,-1.4181453857310755,-1.6253964022007708,-0.23064020709445274,-0.870149200764531,-1.0988741345648818,-1.8650573091157732,-2.1262907168430303,-0.8297636479988805,0.6593321811395392,-1.541015385267606,-0.6498879843479148,-0.08414828039186456,-0.5240115232870631,0.5716646386803648,-0.1393363300069046,1.6354809900870566,-0.4903672740137165,-0.3598597918705255,-0.9162320278302509,-0.36925365460340076,-1.4451292713910069,-0.22745831987460768,0.9978731411730951,0.33395662278290755,-0.23455706416544225,-0.6589597584674127,-0.7165741835322498,-0.7387712091608531,-1.754386584152601,1.3848771143029048,-0.6397200677939359,-0.8291997157302797,-2.5859558930042725,-0.9997158759960758,-1.1622656183418878,-1.4352329693736816,-0.2550855759061419,1.037565837890187,-0.3126316988233318,-0.23570961015958058,-0.5721743911244306,-0.958100374613257,0.18898960690812358,-1.5253598647785231,-0.011350808014757963,1.2305640178004649,0.10833188566954605,1.0460507585579875,0.23255662785555536,1.0391082976158312,1.7959120317060435,1.9316439201063904,0.5784975661664379,0.5308568161153715,0.013189558045082678,0.6786429088886256,-1.1974774525338718,-0.8673067515855611,0.32446175568914126,0.6657446032683453,-1.1521790565987629,1.0045031150131443,0.9483691520965912,-0.20326942380315444,1.707451903153084,0.08745148663488944,0.6602386980126941,-0.8684061813479177,-0.8799879143588722,0.8019361706283228,-1.3083580230365799,-2.6266991392801797,0.29444666418698034,0.339000825804637,-0.905389376972804,0.05117802488621764,-0.1910602078005602,1.3660735049891641,-0.5280381806530638,-0.638232999593038,-0.32032681472429725,1.2539744939200195,0.6604181706256198,1.1781522710645758,-0.04191614690581069,-0.42180059103466727,0.3572392741190833,0.03270883250444303,-0.45593008370750976,-0.05651635327665527,0.4370937797037672,-0.02804551857694454,0.26547961229570527,-0.6730172651651369,-0.6920981899507663,-0.0655925310936192,-0.16010896352918388
1.751095165632158,1.0,1.0,0.18709790426959086,0.9624075661294318,-0.596859413759141,-0.17884541735448028,1.7385963475074069,0.053141140327649675,0.5836115349566197,-0.8543928086190513,0.5798351448810537,0.584949516966176,0.5771391985406482,-0.8078112378638294,-1.1406525344968006,0.5410032580151923,1.7520919340068315,1.2715801041382577,-0.7223020929454437,1.2084822169286944,1.0942577627890633,0.7694933164606027,-0.2899677021981226,-0.921838000114489,-1.034648873894904,-1.1181176890715736,-1.8377417555315114,-0.3632030615444503,-0.5929387992184508,-0.39291212636017825,-0.32087591527197623,-1.8430450779676883,-0.767303211026209,-0.3602073538872679,-1.6366350822127744,0.7992676157422555,0.11335781696315128,-0.6116101350233548,-0.11669280875294075,0.25678286485471025,0.7229294598380808,-0.15857037549349284,-0.8311086244987476,-2.3327802030308025,-1.3652360400181935,-0.9270640544652037,-1.185482959115268,0.4302294009776333,0.07114896943898878,0.9983326092442646,0.9727705295186917,0.04875193014336454,-1.7370077525216827,0.06715899273333104,-0.5737934430781271,0.3538903582206389,0.26871492898727645,1.071087349249376,0.8063543592628738,-0.5471147818042089,-0.39036420231502833,-0.8528120676761838,0.0156854551960304,0.20257405964237643,-1.412713147033172,-0.1344978984484042,0.30915200101400075,0.5173079298991483,-1.6631714040424737,-0.42559385189858057,0.552945834583227,0.5647980167146718,-0.46837483099932115,-1.4450730415323232,-1.8840018213268959,-1.004434753904147,-0.5102577889534975,0.5332592853086713,-1.1669560104156178,-0.46335104179966724,-0.5554644931974236,-1.0854619650857238,0.4398387284781529,0.27225506847767533,0.6474699859329592,0.5112218097515424,-0.4978142464808322,2.003365289368895,1.0449110764979388,1.7209231593259533,0.8655840041396781,0.42793907267761094,-0.18507066763174243,-1.398727634085518,0.4262333686265033,1.5972298046782605,0.03411822664447617,-0.9995131868557541,-0.8834997293418887,-0.6321223121328474,-0.41618541118671093,-0.22570653003624586
-3.6166853068747553,2.0,1.0,-0.34915043047663746,1.3205961212935546,-0.40562878449066486,0.3945677723711548,0.13452883131146834,-0.6514561382975788,-1.0458009057178828,-0.17767195855286874,0.0475334070809038,-0.46627790278038295,-1.3552850403995904,0.9164687257332641,0.7730067289755611,-0.03364924979193007,-0.2932094111050041,1.5096440789116146,1.4768019348824746,1.2228577669844136,-0.2876203455768534,1.686385240489111,1.3404326813674152,-0.004204784542108708,0.6115865580748708,-1.0111325040881765,-0.7334668697578199,-0.8893645057951816,-1.1061286594248285,-0.5424971435727792,-0.7441661582417873,-1.6475058151447837,-0.5439791812913535,-0.9742741355913472,-0.09998339465058931,0.8066485874989818,1.1022980695436961,-0.7610805394087837,-0.3880779375718326,-0.08431845088252637,0.009872190849969174,0.4156295040901105,-0.5259783389652264,-0.8294721441328056,0.12222291704330329,0.6996024812845429,0.02016857426395413,0.7967097045375799,-1.2633243522078197,-0.8787566510888726,-0.19243103766453604,-0.20599641492564078,0.22015044470688439,2.6945900814382195,1.1297703708531197,-0.22442102645325585,-0.187091183060119,1.3951366461926422,-1.009185320344762,1.100774380560757,0.736307699323437,0.7344558741607996,-0.31400420623845954,-0.3786947835471305,0.10728168987601192,-0.40242947538403495,1.0699899191688165,0.713099631524633,0.028267178926156822,-1.420897148915677,-0.4851705530395115,-0.31563070485489303,-0.4817077567146404,0.245625087217097,-0.10570726365588308,-0.6710645588129396,0.18225876377835803,-2.797344091842879,-2.079031952677455,-1.7357535315159136,-0.5608917599126523,-1.42657119646163,-0.039832150294270924,-0.021601227463456753,1.1315302578156836,0.2979974859103057,-0.10000030127524015,-0.9021626575109266,-1.4103551346450032,-0.5554105385319362,-0.18606010843004417,-0.7470907094528998,0.5706661319399332,0.6745342142588772,-0.31357240834444444,-1.4386356688277886,-2.901129661523928,0.8035587966307927,-0.26053762294766936,-0.8621094695795105,-1.0328388514840487,1.242006955734223
-3.578079411522527,2.0,1.0,0.14656595357317678,0.7851845888823411,0.9571792886617971,0.7320560680910639,1.675946920355857,-0.4825765806178905,1.2800752440736567,1.8910657737026366,1.7999647062974122,1.561377106202452,-0.08243912735343503,-0.29351655936467097,1.4488734748949466,-0.13518324498096956,0.8305988972643734,0.0004259483489661737,-1.0974155061480881,0.01655934754314775,1.817288312545149,0.5258286777011427,-0.6472241839762437,0.33702049125040084,-0.5676555497985133,-1.1651175409701229,-0.8101212350933126,-1.9824018254535987,-2.04983505921372,-1.5383699580619419,1.0978995178523527,0.6767373038201251,0.7565405506635683,0.3598268520984556,-1.1860251565369615,0.07476057256138713,-0.03024471115724752,-0.08807063654091454,0.5708922479320728,0.3780176651180773,1.3015139042743655,0.42170394750770385,-1.8319863032992239,-1.108531995656186,-0.9074098400938206,0.5471296461376525,2.741677723641343,-0.7625993747386023,-1.8714455526696094,-1.4705898760911895,-0.5244478264483841,0.06346516550536169,-1.153558703049493,0.002760322625136147,0.10424281094742223,0.2512757441191619,0.6830464950685227,-0.16520935981100002,-0.35042408398432745,-1.3407799692748523,-1.541067301736612,-1.5719881893813867,0.43485705382519513,-1.2992327501708338,-0.5824884309935985,-0.5680504474903397,-0.16467907755458633,1.7177491288379416,0.07435510612074503,0.21475743857197296,0.2907924935539721,0.15576155756298413,0.1015705237134124,0.7100237547900075,0.5383955483050588,1.5045748255224671,1.3906280549260766,0.38322290787230945,-1.8845244997211035,-1.9660933290223497,-1.1436833715934052,-0.42120684958600435,-1.6505729591981468,-2.5496912717943103,-0.5000791274077568,-0.6138682742149834,-0.7072599872203578,-0.6543200746712624,0.17623999710995675,0.5361992420289289,-0.14210834411459866,0.26334131132750616,-0.6007718654914953,-1.1892107048685308,-1.01829430840072,0.22845776243760502,-0.8232219478594749,-0.5928950791019001,-0.5536604057782925,-2.084701679774471,0.26933515609123515,0.4847292276011608
2.4860777524023363,1.0,1.0,0.06853244581782139,0.9286036651120125,0.5073327950005484,-0.05473541083642941,-0.49355006907652393,-0.4960888529521303,-1.0491323964918653,0.5374592641371486,-0.28827706625849064,0.6457555008096756,0.42788100511980653,0.9039675058368499,0.23670120496392627,-0.7294970187382258,-2.037395024733899,0.2152564497221747,-0.7527767563106944,-0.07086202556798904,0.3512218684393124,-1.2184436680969544,1.2734563278262807,-0.026551974243565035,-0.918973230723838,-0.13036845006602604,-0.056990747918392703,0.23959674224300898,-0.505172229893268,-1.4602026301075222,-1.2311807513200108,0.38191197890107725,1.1004617571539173,-0.06571241984721349,0.09779019590238078,0.9254336165948007,0.2325463458619747,0.6709647257974599,-0.08648778462723833,0.7477212215098635,1.809604148284688,-0.02879240303336339,0.5248462990467456,-0.09920513254374774,-0.2556306981775833,-0.18188256333358782,0.48695365134201135,-2.595028858741381,-0.12890961512509025,-0.3193206315390712,0.9365890375572907,2.416745187078675,-1.7460546088058746,-0.9905269709024478,-0.47208121507213435,1.3603472942738257,0.38241932580484117,-0.30448965752715845,-0.8278803125221267,0.7237096894130532,0.8148644410039397,-1.1109239944694695,0.627590793442505,-1.441632031025682,-1.6637006497262412,-1.4341286171902796,-1.4166150469645764,-0.7211027446618193,-0.9335708828473797,1.5378683225260097,-0.5751896168991186,-2.692695925195625,0.04707090767948629,-0.1283827403177329,0.043798892185081366,-0.7513300530256538,-0.7986202975086183,-0.45254646698041057,-0.5624910189444533,-0.7004325970132437,-0.4630344386724694,0.0769354692127798,-0.9035340525887416,-1.9872655143286222,-0.2899940797807592,0.020623225163193953,0.6112486953822028,-1.8732819713636433,-0.6861049933153268,0.9715371047081387,0.8123621316545655,0.2651103656251846,-0.2822262765977411,-1.1930804992270898,0.13095443122893918,0.46008310266364133,0.913266312718678,0.30472717968465307,0.8727562763295528,-0.305293434901936,-0.19108128336239855,0.8529093768336716
1.2112073853249068,2.0,1.0,-1.0646007942074567,-0.787296283635188,-0.2986456892041111,0.10207603502442375,0.4607368801188441,0.2672399420276391,0.5982732826902317,0.24013350849348344,-2.0453515900511263,-0.7234563235718386,-0.4413118236985634,0.543579947453616,0.2679146370557058,-0.8986967093516924,-0.5796805967255814,-0.5088417689444469,0.3320488437136543,-0.7532643850297815,-0.8685474848069406,0.3647271725676411,1.5011779460324686,0.8170925421175355,0.34718507072877325,-0.5825281463513446,-2.2503776830097064,-1.4469102809479724,-0.3356465190543729,0.49961575038452727,0.38252359166798766,-1.5426505895533773,0.32880267676623287,-2.6167293848493816,-0.6258089449740311,-1.0734918710704546,0.2715817289017619,-0.8708603158259993,-0.7745909298161329,0.4380836520220074,-0.03497724772259306,0.9452633698637074,-0.8204005002799059,-1.8856805153920781,-0.38625178703553065,-0.47406120893954506,-1.7555944654051592,-2.053410904901479,-1.4130862206913748,0.5394327291106098,0.5453814741232657,-1.1167078290590042,-0.3727820887084071,0.2035988775253862,0.35988586686591184,1.5990729105826689,-0.25833213624105555,1.0075127546166895,2.5971909244973013,0.3489731113979435,-0.06928921153743992,-1.6234420997138874,-0.42458097168610665,0.6017955116071403,-0.7524101056319021,1.1999975338013842,-0.7013039407030515,0.5376797035271699,0.5416227330828685,1.4619155156560808,-0.9135866400284693,-0.5646446522958763,-1.1139396023599537,0.2607551052516881,0.3558813406018022,0.7888653405851795,-0.07531172985636891,-0.014079916132479043,0.116375860660835,1.0976565194246193,0.7436719093818209,-0.25202223196894086,0.22532569640706415,0.47744726178520075,0.12144631293702471,-0.8923653976747751,-1.0309566629382516,1.345213982623687,0.2516752251524565,-0.1115458770556138,-2.5908585847643657,-3.3495006420165705,-0.4901311851538079,-0.5966445716045263,-0.9121392998622915,0.2962398854973566,2.694700418299188,0.758228118114678,0.1847100973047281,0.5324164168918084,0.16030271772376437,-0.771991035974968
4.763377224348577,2.0,1.0,-2.0938874185799183,-0.9386794348417543,-0.6467623291625083,-1.0114779076871783,-0.5382945163786084,-0.24354306732567513,0.3654915283484646,0.03116204850455885,0.41674574780618023,-0.5232692062152318,0.9486125575927391,0.46014654331110927,0.8282293592576209,-1.4021161968555749,0.30294214707663125,1.506712420287412,-0.033437014134322984,-0.965639414892043,0.4971247317113725,1.8464475952629034,2.5734496583500777,2.3398180335927132,1.5679125945903802,1.4195496382358561,1.0414553183819173,-0.13799622147007337,0.15413263939560162,-1.7050955664419112,-1.1693989755933654,0.5725876969736443,0.8137213302724189,-0.6938500212922363,-0.24667191300677627,0.3046204013261017,-0.7564786589849466,0.262511629143873,0.7150442458158937,1.703982794594734,0.4747200275496983,0.1747587692353477,0.6639782788404673,0.6745860484614079,-0.4263264194447551,-2.2436128466372525,-0.7232687324544838,-2.0753813865644637,-2.0486397071407136,-0.45019689892240294,0.4363031809630671,0.17052868656000186,-0.34490670520938255,-0.8369537427340926,1.3958783137236264,-0.2998888630796832,0.6499187427801438,-0.7081001099073746,-0.4496433720795313,-0.5144229889658409,0.12519558941014686,0.658906792649996,-0.5820459616773326,-0.14724049251445692,-0.5895931948987188,-0.28343164002866733,-0.5868223770474775,-1.8680572119523389,-0.9344340966146165,-0.1535068098576599,-0.24340245244224934,-1.6221638348496392,-0.8341829337435451,-0.700055998229997,-0.26062943601510974,0.4024618060976982,2.5171018637855593,0.3448257022833305,-1.2454511089353715,-1.1776355096960607,-0.8434468879727512,-0.7744100991795342,-0.6534954755595824,-1.3812439768514988,-0.4501829014536512,-2.0726835052393144,-2.3037288257283164,-0.9295648818256497,-0.627948666702467,-1.3429056214178534,-1.1324684076166713,0.3442603947984416,-1.0492279968921008,-1.4480956350832292,-0.08045958648588286,0.2857384030074935,-1.6906772753605097,1.33149255916162,0.13084409014017057,-0.055350277662006425,0.572891399586177,-0.1586201685159311
-5.232501388128473,1.0,1.0,-2.9567539924245207,-0.3961161534199019,-0.14544191391383116,-0.7555551438845747,1.3251268650418517,0.9186014336933845,0.15602867515149077,0.6382785461681864,0.9344931730281132,1.0149484632411763,1.0274288448245443,-0.010905631054270226,-0.129183860782371,1.696088199220257,0.8028901803704169,2.273941409420861,-0.2577962844638917,0.7902142317714853,0.2966095164401468,0.232349746103087,0.13602713874172806,-0.3707564311910576,1.7589324407403484,0.4897071164482465,0.7773257497990569,0.3328895428705778,1.8382231572665733,0.5533296549040362,0.26370702703016147,0.4914064903389755,-0.3815502217292569,0.03544975605092138,-0.4432077705190345,-0.8482085406266155,-2.42663930499228,0.22147939986543186,1.6546983876979307,1.2617782715011079,0.04006476478310422,-0.12812556808368544,-2.3314021834634344,-1.7557073504699812,-0.6396933370761043,0.022716170427987237,-0.6082026564313942,-0.9312057100396758,-1.3565903405638853,-1.9962026381703786,-1.0090387868872623,-1.8414900007987058,-0.4474190186086574,0.6003891691445349,1.2764367788167443,1.2368179644434663,1.0846361619695593,0.5629381230374935,0.15940274855211944,1.661799140375613,0.34894793030921484,0.09191470659966244,0.39812765057884986,0.5344041775519428,0.03621722890225723,-0.14771771245289975,-0.43449743070585384,1.0698562375411624,0.396872819778853,-0.5079167307515233,-0.15491830549079655,-1.0314554849555413,-1.8914585495029086,-0.003944975810836859,0.7626513045886154,0.8145727939418227,0.8531805348952354,0.37341984375955645,-0.15483159677498684,0.02701756919730708,-0.7983555143893091,0.674593484256911,-1.0929313689341695,-1.4685981048738113,-1.0489570951758838,-0.34885431668210665,0.43626910207701414,0.46814810277865687,-1.6303560086001827,-2.489365287980455,-0.4110193338522642,1.2168013467039378,-0.020642285925306692,-0.046464543621726716,1.668185888597414,1.6135736663475737,0.08485094065365517,0.07302033095722672,-1.8168006531669765,0.18060798713749582,-1.7886855165137414,-1.9020051866665344
-2.4198381008425733,1.0,1.0,0.39301435674680263,0.2961289656407036,-0.8556664068873681,-0.9542961214164638,-0.19696390554359733,0.2218127926282305,1.0357266451263079,-0.05350268665436275,0.257284760705394,-0.8995249054100858,-0.5348683802303841,-0.27979895374992714,0.43089849955904375,0.6379066169228637,-0.9414780617936926,-0.31069328502403754,-0.35053115887883196,-1.7889764234866858,-0.24012746898252485,0.04418180475265729,-0.7966835195585756,0.11017208912128484,-0.19719342682953267,-1.2110728612263257,-1.2381580507608745,1.0471835118083408,-0.30204877014923737,0.6213785757986063,-0.7461590151551197,-0.5674891910236437,-0.7392188830691655,-0.9498703189930049,-0.13870580060934443,1.170393363982661,-1.2321304912317137,-0.7806404234571314,0.08162795248405386,-0.3626300651499458,-1.2729276687232296,-0.8202006775054023,0.38910456002051386,-0.14117798899883013,-0.9337059008906625,-1.546974383845474,-0.2544631800575988,-0.5510634001088195,0.5163442649954775,-1.55323923039497,-1.4908045980658435,-0.2458111934707975,-0.5996756260121708,-0.1065537693302338,0.4354532131101485,0.4717736853177518,-0.6883060609605519,1.1181858303292023,0.8668210223241692,0.2854987289540886,0.7790965116549694,0.9509943640712788,0.6404088925601646,1.5771149046077382,1.176086069569231,-0.20315957714267813,0.2690268716686268,-0.11241930055348548,-0.4036334126241917,-0.2649794507233141,-1.7961841769458138,-0.210650860750915,-0.966894158300827,-0.15366564702565333,1.1925447232220923,-0.42209798170740276,-0.4416942462617941,0.10065355814976736,0.8636454069230564,0.42523186620251063,1.3354536731288589,-0.7525592501935118,-0.27765513229298266,0.3305048943438889,2.611076132653468,0.736629969675316,0.5930386289150139,-0.7890557292746552,-0.5292663716906515,0.2770284334914395,-1.7647152571688123,-0.09487857814700462,-1.1816704416465045,-1.1550461363372109,0.07665270813963432,-0.7473282270405188,-0.4461869680037971,-1.05748153983536,-1.464571800466345,0.2520298006907449,-0.011639175442964333,0.7309244679323937
-0.17681413397861556,1.0,1.0,-0.3369309322638594,0.05191738623116998,1.2045433631657214,0.07606094072857844,0.004426716711806854,-0.9334588349011121,-0.41616721901585996,1.6055279200684816,1.4964351229105033,0.2230306867812002,1.2229398851587423,1.1995127643875225,0.7148807556098452,1.2273464789264183,1.1403682962501638,-1.2560176760529682,0.5094665973856302,0.16673102505116805,2.144008489885106,0.4128687348380212,-1.4475090536538053,0.02191391894493877,0.6759821036419428,1.0209056213875778,1.2176817751904228,0.05139902893603824,0.4030049204811623,-0.20091489710429564,-0.6390913913948026,2.110357892079763,-0.33060631049699424,1.336113970969604,1.2110019408658959,0.8129850148280113,0.7075144782583964,-0.8805367379052725,-1.9268022359870884,0.044138451161969794,0.5082388179515176,0.35382414218316705,-0.022754372183358136,-0.5473709432932734,-0.14230318014634902,-1.5466934322350365,0.35412421222253077,-0.07633457167161682,0.5075190374574333,0.3875892268515645,0.17589779456324403,-1.487046263008284,0.2322211595555211,2.4541409298762336,0.9203972135807325,1.4716018673470561,0.21827334566520562,1.2812696087922881,1.1350615127953922,0.9901862367795402,3.154259204924419,0.4658356930238753,0.045384739859344804,1.3258089964934754,-0.732732989844777,0.13998563337607095,0.6861554749293943,-0.6331007250758767,-0.9120797881993867,-1.9209005768097258,-0.9211315658288806,0.9890226140725379,-0.23671216051140004,0.21509885476785173,-1.5879588724821334,-1.7937748557972006,-0.02634926889456024,-0.5985638531948212,-1.9917794367926747,-2.113328942257673,-0.5674762772553243,1.2294215736744354,-0.5971824230839002,-1.3417875485819826,-2.746450005210057,-1.6425276959001764,-0.6620642032171188,1.8423661648415488,0.7926050146604384,1.2124465286569248,0.4683997990526933,1.4624431221726877,-0.36293039279309847,0.6165931068285115,0.07534663651847992,0.7976685218166286,-0.44122327108260717,1.2107751552031605,-0.7580512017576779,1.262319228566693,0.4115807921273386,-0.5678530526798298
3.3129478462493145,1.0,1.0,1.0294952350652251,1.4543636722372764,1.485950825386942,0.14897682424690162,-1.5113131456525057,0.403758780712865,0.09951898372260794,1.1376254115458595,0.2858708488961169,0.23634036456142102,-0.5041987406711665,-0.09438752676017838,0.43415463663644027,0.4250009346207121,-1.1560679418294502,0.49233407869385426,-0.1797082517019828,0.6392931588527122,0.12168222779280574,0.12558370826114584,2.496635167499081,1.4697860724535032,0.014369518796857328,-2.071954045402307,-0.3096233803600057,1.252378411841792,3.192835378154614,0.4057205011307552,-0.9231142418243428,-0.451328409041061,-1.8262552921897544,-0.13188959963636016,1.4433798082688958,0.8102798219881364,-0.6927723213999061,-1.100232805508781,-0.6357591437120098,-0.09426644153683333,-0.0727194855662056,-0.573449248979067,-1.4926900310970488,-0.9590176059891804,-0.4498171169536054,1.2415374280172506,0.5000056762353036,-0.5892673020182301,-1.5900431115630536,-0.8082908843166378,-0.48765782218765186,0.471916445282264,0.6844714005612265,-0.14711897646314642,-1.183092128829217,-2.3678831429863636,-0.23672776265261297,1.0997239459817343,0.6244955061278376,1.6790025002481253,1.7717320651686777,0.7275608137129002,0.6257165612525291,1.6293820096178246,-0.3092100240064204,0.15394883576351204,-0.9059152270469815,1.1392359331205033,-0.09947458548486038,-0.5909344834526004,0.20685829143535364,-0.9130296105455592,-1.7875414850767255,-0.0778195125910256,0.1917652219875512,-0.3240421200892638,0.6095240474839316,0.9738050176769389,-0.5074833254591233,-1.104700839709872,-0.2985850372327927,0.358864151128803,-0.8789879073786736,-0.5490371027765188,-0.05290216472258985,0.20575043152397499,1.7062364509959718,0.4968704309720294,-1.3428302421655922,0.6458554248016247,1.9541094405359052,1.1215502301187765,-0.5645188052145931,-0.7276412975396618,-1.2823287653195916,-0.6163208853649003,-1.1381934434144674,-2.1723568231300763,-1.5404507667936183,-0.23585568902131887,1.5914397993310065,1.0713857918224916
-0.7815904322001211,1.0,1.0,-0.5520407737504057,-0.10731007961476141,-0.5195100652071695,-0.9606965660186078,-1.2081786205417906,0.7776263466855897,1.732241097960322,1.122043907304581,0.927316334421444,-0.0749708191902052,0.017610655688212996,-0.2733311096898885,0.9437513510499224,0.026175753216106823,-0.08275330576752317,0.05357339570976757,0.6193394304500915,-0.22133034456805606,-0.648180809660583,-0.21134369738752762,0.31073608158322824,-0.11082338702002602,0.47108858824344907,0.11857524079745797,0.4332776313789009,-0.7836435372519762,0.7863825021570854,1.6539389005194949,0.7193676444947095,-0.39572341616042145,-0.8279864752031073,-1.5999481189615365,-1.1796790559105719,-1.0316787433381984,1.1843764368503154,0.07619927179545737,-0.6358531181946154,0.3641372207848204,0.7308197504541911,1.4703778311855586,-1.5530074648136933,-1.3712352408182857,0.4966359309130194,0.005742205201052564,0.18427611558562818,0.24672781912014238,1.0432558738862538,-0.6486233137162601,-0.30183712061814505,-0.04023809978156852,0.6205896644137868,1.0229406354475654,-0.04142227807251858,-0.8838459878310225,0.5509091021097414,1.1093729139471717,1.2871994209165343,0.1452289568980223,0.5834858536743451,1.1711667448663003,-1.2798911334648475,-1.0777776615098242,-0.6711163806094399,-1.4840790094775484,0.5483429722469321,-0.6403364861957938,-0.2674268276734182,-0.13675825098903813,0.09986547816911431,1.6041998705738651,0.6841819703953902,1.1319764852687362,2.12897430397523,1.9155866938253365,0.801703617920585,-0.9261057815344659,0.12908391015859438,1.492194306711642,2.185658673743246,2.864684574345336,-1.3708281132107252,0.017947069101447055,-1.4961844701737717,-0.32232367672535145,0.62947059985785,-0.6991798267968348,-1.1346589619356358,1.1241747486564564,0.051736553671874796,0.14057135783991653,-1.4715400245497172,-0.30589777333440427,1.062422710776345,1.8051185634699587,0.3637838029176397,-1.2927911455086876,-1.5127076585606924,-1.2130594999638364,-0.6879369664771451,-1.4062690591346603
2.9746167557083085,1.0,1.0,1.5111031159460815,0.907928723847597,0.3547069803411901,-0.236375571300561,-0.2295349465080362,0.42974796116178793,-0.279867467319269,-0.7536070011793709,-0.13213842089681924,-0.7520314921617818,-0.13688226307725987,0.030430866366769005,-0.022916827228287587,-0.379104995471928,0.7035106579760468,-2.093874010422043,-0.40200259227716884,-0.0832880565406898,1.3688216147915024,-0.04658394669216959,1.8783080838359196,-0.11529674308875992,0.9497249415873243,-0.0520580433608106,-0.4352620584590773,2.53712804100182,0.7445911054142458,0.1330614314331998,2.150375560135634,1.2800657328754133,-1.1488028810795834,-1.3156263835282576,-1.179802409541188,-0.6076003963395091,-1.0975306283702089,0.9321057397213687,0.6162012573248291,-0.20954655962224455,-0.23003923377297053,-0.9542595641868689,0.5133849555307627,0.4848880342632056,-0.30234684413369284,-0.7568564911201978,1.1850043826840753,-2.1451760898751107,-1.1969174852855495,-0.5892434998937598,1.4137409421975573,0.3777210995777451,-1.5592073523497834,0.2558068927977798,-1.9992171015384077,-2.091019181995419,0.37506996158391503,0.5378565693418534,0.2245935402491086,0.29416408612367106,-0.2705585248112625,0.1267619555456735,-0.9294071979400109,0.17189157778037778,-1.4141857691633162,-1.1722561456159633,0.26953983366337253,-0.4755137927882532,-0.9178244264369364,-0.36117190248498054,-1.31921724915593,-0.6923266469051184,-0.9727033137614173,0.9949582330638178,-1.2821836889279075,-0.7488951124723434,-0.11256797442924324,-1.3442326185772555,0.4477860235353218,-0.7283101618691081,-0.5197619481535724,0.0940626504341929,0.4089024791027136,0.22297110966123265,-1.060293854734579,0.78690782888631,1.8550938294524515,0.6735080204478411,0.06411472249864528,0.9842361082284328,1.6215104588471099,1.2470281255840305,-0.18104721629179016,0.026318849398219615,-0.08521947232049859,-0.5316312547418705,0.3406452672229304,0.2626529203626126,-0.08121833786229503,0.3456485144962894,1.513312649431609,1.2557035610952405
2.6167960522281772,1.0,1.0,-0.34903271845463907,0.4279798829349172,1.1066684243435292,0.6536791121557375,0.600360529065382,1.8931590704064618,1.79380635234644,0.9820005033436008,2.861439545931894,1.2637323625233434,1.581736822676617,0.9937161165740357,-0.1974969180538353,-0.6577630438446643,-1.5442958635683477,-0.054954059830885804,1.3113332502462829,2.1848377496930396,2.567011649390805,0.43013088391117316,-1.5316065804241423,0.1548935623544747,0.6292787385992903,0.48337411423465315,0.012094072678535822,-0.48182378559225336,0.0006037845599962122,-0.0011548688154737142,-0.8537326270721145,0.5683430017728979,0.018367546004344534,-0.31591900924970034,-0.49401178606633034,-1.247793744338455,0.5676259116509915,-1.3297768101492151,-1.3512350153649137,0.30366002806067327,-0.32437055560188144,-1.0036575895838813,1.4378883279906691,-0.18334488342637334,-0.25208217002266003,-1.5630567909351616,-0.707412627848784,0.00019150587407688972,-0.7929346170217133,-0.5554928335212066,-0.46264834325425575,0.4371889301919649,0.576745877903434,0.45571785127727316,0.4445616554578864,1.8463697174070919,0.1934833009133482,-0.5886175204143926,0.8835089096269709,-0.2723326516613297,0.9955187865436426,-0.48572277461632823,0.1674003865918498,0.6984200640654412,-1.018683354865407,-0.1588061440731242,-0.3428402970238994,1.2723790629585512,-0.36787188898351086,1.1966319422232532,-0.31516668898776645,-1.8052253208519335,0.9991796494386369,0.8916105770895542,1.1664858899154515,2.791718114148486,-0.3910644084025916,0.18420701783040597,0.8534556428141836,0.9588061563087374,-1.3846070642196748,0.7842078514078936,0.30585826331545524,-2.6160984974692623,-1.2030234836662228,-1.028835621935353,-1.140491339334067,0.33014622256581994,0.14626594439906246,-0.11670308339833431,-0.05340252845005569,0.20701268992448169,1.2521003284093224,1.0659145081683354,1.5234233965200499,1.7866337453955643,1.9853628120453237,0.6196099785255994,1.6997077998899075,1.6433808613093162,2.524907683471091,2.4468445240316403
4.622387018597379,1.0,1.0,1.3501714057771874,0.29400518156136335,0.6429145457033832,0.6906487125787633,0.017933019807059913,0.2230703557162261,-0.8320238738921869,0.8029624867802181,-0.6602034502806222,0.09565772922915144,-0.7935551937067544,0.32419450235764935,0.5443279367118097,-0.6645343042628915,0.38210035824369065,-0.013720556033153562,0.4141050908393033,-1.9454929538278722,-0.766878778651578,0.8249628096111918,-0.14584595804319794,0.08791995451453832,-1.216339398476561,-0.23329083880812113,-0.33178707147221054,0.8551812763057501,-0.8615643034045,-1.3311282758903564,0.5750160655947241,0.18120144428208534,-0.18610278965522245,-1.0701175733423414,-0.3432929852965364,-0.11799254407597132,-0.35453328083578944,-0.13118993757642883,0.7249615680008658,0.035396188228631054,1.4024510498040992,-0.38062966426021005,2.3307144769566523,1.7995729380510226,0.8820349231038435,1.9717371085828912,0.7491123334374827,-0.7828046835990814,0.29059224616677914,0.8788597843373185,-0.004575053833664466,-0.2807129063529097,-0.13747129324022783,-1.604107956254342,-1.2045361348247563,-0.13023831100611793,0.09190086758337764,0.2761922731230318,-0.05692826569844037,2.0767423272946637,0.7712541221822166,0.6552005645594926,0.9494610384742338,1.468097763159013,-0.44809298213693305,-1.95162444912765,-1.2584301573444054,0.9172476592074781,-0.8224033132392892,-0.20941478880857675,-0.46188035153965956,0.6563821622077264,-0.4118458087976248,-0.5784268686928659,-0.8995187937163924,0.43100606166623723,0.8763921415282006,0.08997283836711974,0.5741007885254676,-0.1993781072474479,-0.33328528029891946,0.07610503306472782,-0.3547937692984666,1.3458998309323844,2.147469548758593,2.172613382561419,2.8315873998890795,0.5014359059753103,0.5542975174212694,0.1079864133901356,-0.7568769716789009,0.07889492812216581,-0.29467795731456237,-0.7569718094543374,0.7700375404015313,0.33950618488682777,-0.7871185708867466,0.028981637108788778,-0.0047086794479770655,0.018415136051729127,1.7371161638450696,0.7611899564749715
-2.606860980160661,1.0,1.0,-0.9932047020537172,-0.30884979116349565,-0.947046511890256,0.6582654927665919,-0.5207959938173385,1.0514413909063827,-3.081792047250825,-3.1789703816841093,0.2826651409907559,-0.7503393230599703,3.128463137017878,1.9472550924164949,-0.03327680953132062,0.9831585391623272,1.164827948605559,-0.5368122465338078,-0.9042840482989756,1.015040127566985,0.03872579768431167,-1.6043453793970441,0.18184242389010014,0.7232020311313163,1.4998379961227437,-0.1829890576152714,-1.6246123819862457,0.8158340525287,-0.2685565772081021,-0.25858615970966614,1.5492079271127344,0.30819034867864514,0.19931219021856522,-1.5736495633266554,-0.5844954562492058,0.052196523641747844,0.968226808753366,0.5385336206150827,-0.5192371283137958,-1.6886645541895435,-0.26595646887023,-0.21968467291398897,2.328864946022743,-0.2748240505529206,-0.7777525096087796,0.7634847054959955,-0.8754789228540238,0.33187072595725764,0.4061831470694631,1.4926072940243074,0.5474392405638565,0.2119344909999758,-1.1467391488224716,0.5429434809980853,0.4585152472768719,-0.2165296238982073,-0.39412298744704755,-0.5043902579926107,0.7200548775051373,0.0782982113750805,-0.24486142001600925,0.014443318048898923,0.29171920251146405,-1.5159777260830782,-1.3298086377101832,0.9193078366561852,1.7138085496970146,-0.5765209115153922,-1.5144862107963428,-1.0450466062873636,-0.4212005497201406,0.25185718536343904,0.14812502509550504,0.2237022529288436,-1.4712976730000757,-0.4148865650159398,-0.651460771251352,0.4256816697928076,0.8705277754545893,-0.9132043189502854,0.5339949541704075,-0.21579931099577132,-1.236856279368715,-2.4527710611534306,0.29628842790628196,1.795887700425125,0.7427587133581177,1.7308794654032884,1.4750119520388247,0.7641090812475857,-1.0075895169273852,-1.3289583089565207,-0.46028826756949304,-1.0072751346078754,-0.18710649798608023,-0.17312505581234305,1.365888299303724,-0.4968248395936377,-0.9144113660580964,-0.17076858712875068,-0.8608488995125162,0.0931571903083484
-3.3050640209223583,2.0,1.0,0.8018229025531578,0.7261291019445758,-0.3433773891212635,-0.48743246061671286,-1.6622923228113975,1.4640450915521905,0.5108545327443064,0.3883713489591133,0.6189881401449646,0.6860497552187232,-0.532641328983841,-0.8536152145899976,-1.3592402349840884,1.4874458079789732,1.1319412075169244,-0.19717036862490986,-0.17811734553398312,0.9868211935518171,0.7693685173555029,1.1327623013190689,0.055949387061287034,-0.20644932449555511,-0.3785228243383639,-0.8028684190415837,1.2509745992042436,-0.13941382355695286,0.6097734542840316,0.8210154836710011,-1.7318954989816007,-3.005887294500735,0.7799165061978612,1.4340962011369793,2.818551707376097,-0.1618054611739077,-0.2868692333735169,0.05552514970385273,1.2254395060690233,2.885189386236846,2.089545531289936,1.2719212915554157,0.8412223444440867,1.0173263759918674,-1.6409334177651518,-1.7409342674462132,-1.0704352647917297,1.4999180427126757,1.1034774599660089,-0.5256583546707115,0.5131325796242973,0.20804389848960914,0.4018311903342447,0.8476600440233945,-1.8411257232481282,-1.156464980391176,0.5077530112095406,0.4150867949265935,0.2953201317735774,1.3784117378503846,0.7032494915244865,0.1984518851635508,-0.37371500792020307,-0.9320896187769103,0.3997648937993089,0.03894267087332501,1.117291309611343,-0.06640760102743563,-0.14004805733406173,-0.16852214839767315,-0.14075268990144033,-0.33388714359118254,-0.9207957377348298,-1.5102891962570217,0.20534445429792092,0.8756124113233326,-0.6401080500244892,0.16629693261402487,-1.2553458946991125,-0.05504125008214533,-0.08483888271903295,-1.344859992518029,0.6189702111896098,-0.4760877343102452,-0.7597444994202921,0.47883154372399966,-2.396240816497953,0.03274763414267811,0.2231545980518858,0.859322004258795,-0.36380608548848287,-1.2506992799119179,0.5972109196657379,1.617473131764985,-0.5309373302956836,-0.18844909695355028,1.3642616324893764,-0.6630555769485965,-0.778175750757682,0.4652201239326237,1.6125346376620373,2.0774349833875405
-2.0009402976939503,2.0,1.0,-0.12706856619193982,0.2478801205110995,0.8616154781521179,1.218599045438693,0.6841012673868612,0.10835214566445986,1.0987455616489437,1.1512037362663885,0.44070988277785067,0.4156437117589662,-0.00019117783009547064,0.32244773013168454,0.7171325597615431,-0.20464166516035903,-1.4406686045788737,-0.5247706503277915,-2.090205548115661,0.25326489058612645,0.14331892049040085,1.0586994798848601,0.36406656731066694,0.7509726463336875,-0.7017234215456587,-0.6711805970601754,1.8761684142818422,0.43741534419795863,-0.3830381642045597,1.1515657249661908,-0.13752556899129642,-0.10037633182526404,-0.964338974602473,1.6167451736935896,0.11812767846732308,1.3367026834292168,0.05792544635801994,0.15943080303843207,0.7754172797515847,0.2758692763804532,0.7602460646820426,1.5902130339388656,-0.9106168780443119,0.5918958691543759,0.3918630163883824,0.14065081744040134,-0.6081720175591598,0.6673830596372581,0.5822123449593929,-0.8763229538568678,0.9989476086071019,0.09254959555538483,1.359418622966623,1.4533318915039728,-0.7541666487903688,-0.79562224164112,-1.580542819580944,1.0666527789155347,0.36069058076659444,0.5878272568469466,-0.4666270769841404,-0.20936614237600065,1.3669807524271778,-2.4219303991991055,1.427087819847122,-0.06131410169438478,-0.22808179188139477,1.4852325033770777,0.2733948732178576,-0.6773161486851398,0.7894516174296069,1.2541913931630706,0.19480103046020322,0.4454484858185957,0.5297896134853377,-0.11556052927115326,-1.125826267838492,0.9166032309372768,1.564559278894862,0.4321900013429473,0.5649850459894069,2.1502626380333565,0.3620656004735344,1.737904420087504,2.6507083429408587,1.2320058434031889,-0.20771830553205517,-0.07662556254153848,0.20625338829881806,0.4754462927893295,-0.6521102962024199,0.05594813696264178,-1.056292857658628,-0.9892566633381661,-1.1334447201529236,-0.5763326510740755,0.2168760833583725,0.015887895606601133,0.8304654029266955,0.28921185013406353,-0.6141051706587747,-1.4956618405534092
-4.685582619032572,2.0,1.0,0.3156281244243128,0.233881045256509,1.2468521083729631,1.1580425256824016,1.561930614501853,2.755029259815254,0.39192293448384385,0.8490546021227097,0.8853505504408119,0.8937552917675136,1.6331182972614093,1.1306166282007157,-0.4559247882566452,0.06597678757870526,-1.1386180331644788,-0.09290130998952358,0.5103201245838324,1.539045811406149,1.1997831096352953,0.010871047608358941,-0.6023723413750075,-1.2976974449435281,-1.6058660266930374,-1.1813610730695725,0.07170082840327696,-0.8360367476165885,1.2081951435637859,-0.5289820080539842,-0.15902006132196242,-1.4500858494717102,-0.41670613541316537,0.8792854920857364,-0.21185424311977974,-0.1081656342511759,0.36247231174165667,1.1660051940601035,1.3337953197560588,0.0037841709287992353,-0.9845965563774456,-0.8931840775187128,-0.016041529841878528,0.2942754694266016,-0.2475386255961507,-0.5949792714049043,-0.2747419501460793,-0.40950172048208533,-1.6463136312399613,0.08033046276228739,-0.09585181682278762,0.06446871959143213,-0.842588956468762,0.1686825109838122,-0.7871120951899868,-0.7782298216581414,0.19109587055854727,-0.14834117355679816,-0.18611881859726037,-1.5009354079304864,-1.2207819103059785,1.24384462354226,-1.618815428196116,0.23649376431500513,0.03828353299554144,-0.14658989605286799,0.3958158648401825,0.859780674516456,0.6672163663274353,-0.3527080777199556,0.08569667181072718,-1.5402569817203082,-0.6319444953925658,0.4283703477878639,0.3285888732611123,0.6055311424549104,0.2701566714959946,-0.06881473318408919,-0.359542050006232,-0.4105566418847629,-1.9191035093963102,-0.6461424305293912,-1.1864484282317742,-0.570276241946774,1.636093679055728,0.22250757654119863,-1.32483491661905,2.1431310582791716,0.47736926120435125,-0.6989403582340059,-0.9835450135916035,-0.5668614491752055,0.4805524653582815,0.5493782831389127,0.5612670537124328,0.05295779301598855,-0.6243156210045008,0.3307483974344161,-0.5871976996957723,-0.3375368623943649,-0.1374522033570642,0.24725541548619898
-2.4267518416371683,2.0,1.0,0.8646217118224226,0.9289521323809247,1.3148339596743053,-0.26122256050220305,0.5801589472740358,1.3266002927184155,-0.39417036995200727,0.5359185247498419,-0.8282701831596536,-1.409493776801845,-0.3817354377570047,-1.9354088860620924,-0.7422860064112472,-0.43077985759760407,0.9285407438905828,0.8724970190410987,-0.4579659316056423,0.33068422946153253,-1.1847498476309866,-2.24314548724229,-1.8875972178735432,0.419795749305399,0.47449759119679646,-1.025467772361965,0.07107375497935892,0.35897574680318667,0.3857517825353601,0.6515696568193189,-0.35326110480682327,-0.17720729838168497,-1.4950105215417797,-1.3335994436009113,-0.5819831739524043,-2.146573630120176,0.9178253976554822,-1.2624176173182402,-0.3065564056497394,-0.3355449049440403,1.4394408985507021,-0.04266942256955497,-1.0175791172719784,-1.0650418086382256,0.4910865069608368,0.3989096351693349,-0.1021578792902226,1.5982044562371631,0.37289092866806933,0.995260871886594,-0.6958107129789319,0.3515155861481827,0.5170100334474386,0.45253567362335423,0.395416392682178,-0.3935044110280038,0.8087091324407885,-1.6634908800340802,-0.5134042183557637,-0.7975359739956456,-0.7032843296580213,0.5044994935424272,0.5114154497266317,-1.3054999312770992,-0.45129721550846064,0.40023469474744805,-1.037034518807431,0.1685417333880147,1.0940698140063687,2.9872509825020708,2.0544149016585083,0.4214774528084095,0.03684056107218172,-0.33534862461568676,0.23027303767728513,1.2325270042474277,0.1723221392771026,-0.631429171304929,-0.7522863300964577,-1.6472913198359918,-0.6883885635170818,-0.13758256393885085,0.13614397220905908,-0.33076185291471555,-0.1709462171557365,-0.4298953245473255,-0.9410538804659965,0.23112688019971125,1.2529698330544041,1.0071862320726432,0.8426602284818272,0.13885588151452327,1.103111432275808,-0.4234357172038214,-0.6378820896711295,-1.207797246144636,-0.19213497386382156,-0.08351737451381488,1.1259267246234088,1.208532805755173,1.260116926132722,-0.009292247332227443
-2.4128518945906805,2.0,1.0,2.0303971115203714,0.02820962306935626,-0.9789159187145007,-0.7546008436120676,-0.3820485438213727,2.1383426153699183,1.0312071176707958,0.4729055303101092,0.7766071919046064,3.5784372615330033,-0.7531504359781795,-0.2684454420983703,-0.9784780919749336,0.42451529258148446,0.46379657453400913,1.5722743055914017,1.8948744053651625,2.3048997629547263,0.9010717138900073,1.3311693582846247,0.8805576637521464,0.45920772002398924,-0.6921686727918319,-1.9649880144610352,-0.2997867063033358,-1.0722177616589204,-0.5733239457230886,-1.1095679439471275,-0.7448819060334546,-1.3012366564511177,0.07594088875302005,0.5345445813007402,1.1811564420683738,2.1060682859160744,0.055054544198955724,-0.11499020792905579,-0.3079456704302086,-0.5499948283623715,0.23889493830212966,0.33161069289324346,-0.15421378751036288,-2.0175343877037992,-0.3946156343271791,-0.49450543423955395,0.8248976772947916,-0.305965063318386,-0.24351381500859573,-0.7814613166408676,-1.6864116722209683,0.25437942511709366,0.25291111167779023,1.1482705599768661,1.006296781308397,1.4758905687583401,-1.545900897391622,0.4958799608992008,-1.2034671485582613,-0.2703626416319983,0.06078743074313203,-0.22454802175678226,-0.5933603298979985,1.1530544354886492,-1.267909506942966,-1.3242674069476026,-0.5954838088403567,0.6817276119571009,-0.96533253348535,-0.4659774368809459,-0.5327038030746062,0.46769854499509367,-0.08497901190234915,-0.30482448608290275,0.4110536466452914,-1.0953946609714516,-0.06594002426603407,-1.7079017725156123,0.5973155915744907,-0.33636159748319616,0.19363814514776118,0.4423283116470572,-0.6630209152964641,-1.2662270206792328,-0.9252569271287582,-1.373612431045538,1.461990363842156,-1.0474864817862455,0.3206678461416457,0.13888906954552982,-0.42607260483937087,0.32626574662662056,1.3343546670005462,-0.7081318014167248,1.5307727014183858,-0.2334903661376918,0.5681098418832256,0.48485647192786235,-0.9197655919267773,0.28461405167035503,-0.05335245742089262,0.4371494533466921
2.4676429841005216,1.0,1.0,2.0257041661413577,0.9984848649221447,-0.8929959655351446,0.35159545032440537,0.11046463521234873,1.2787180996375198,-1.2053032163809059,0.7653323057897016,-1.6260968262801978,0.45048287710110335,0.05217499179217504,0.16654972868887455,-0.9028601574324662,0.3371777949431554,-0.7472770653885543,2.1609277545949714,1.8176917133213712,1.4229620303164314,1.0496948704009177,1.141645610096401,0.17224382129650398,0.15034074712215093,-0.09880077257637873,-0.26962479692385294,-1.4824388495723158,0.38473708127150924,-0.5667035393724057,0.20049905445048305,0.9769805728211605,-0.6374828276583877,-0.023089183008290926,-1.051358794111029,-1.927592678515258,-1.3967376027257623,0.40827269672310607,0.5317025041917998,0.44088241755658913,0.24008656714059717,0.7439666543445649,-0.07064745917248738,0.4202344940286796,-0.8280097899916075,-0.7526048476433835,-0.8359272553287939,0.32336523596456623,-0.5459633949186242,2.627976528701911,0.5343794022694398,0.998009461592335,1.4922883202185317,-0.842258753096384,0.17275457239248992,-0.7035848664715182,-0.7651653303161878,1.7808294667301623,-0.5205822710674599,0.565328259762706,-1.8277151296408387,-1.5517541719287857,-1.6009662207459212,-0.5497098548453355,-1.0092841377104484,0.8544404026813383,-0.27607171294140415,0.0013510379026824976,-1.3479292789489339,0.48975974913372844,1.1949877260012645,-0.5499434353026887,-0.3858479553302101,0.4539343373995758,0.5914825074357755,1.189641714726721,-0.5780389443879747,-0.1419893387131746,-1.3113201496041538,0.3437601804692678,-0.08797785827024623,1.2431108323563962,0.6832659784085444,-0.3498554378505213,-1.0345159059476097,-0.7517752903236522,-0.458785313104027,0.6107227774163636,-0.516855362570498,-0.5453734143644854,1.8852381953734685,-0.04632669786810284,0.2725439962889997,0.6650635700748858,0.727482507664911,-0.38330917599914527,-0.5704211481850793,0.300665826776509,-0.7035862001289273,0.24440575658204522,-0.16148878732323158,-0.5050930974615337,0.4262476486551829
2.832969272876621,1.0,1.0,-1.0970858462632724,0.23031221738466195,1.1260137273776007,0.959694882669083,1.0817968496926298,-0.026790111513962662,0.06350830038132,1.203450039590495,1.0665436064383242,1.8209683730984834,1.1469278646718881,2.98754255054518,0.8575119002622855,0.32644002933687477,-0.8498157590140738,0.1538701961146408,-0.696125946260334,-0.4389192997652189,-0.9501847066517444,-1.5832735546393115,-0.8246532934706634,0.35336686859186295,0.538787918774531,-0.534182406493346,0.13341083621508454,-0.3836156532652985,-0.21639545861503873,0.2753418748763374,0.5025342926463219,0.8887027795027409,0.31941179486287546,-0.24809980972679743,0.014372811654354528,0.6031321570714396,0.5498528672511532,-0.4364781838063141,0.44987604726890573,1.851411504052207,1.5756817928290658,1.1163719824011331,-0.16965671717191716,-0.28681998640696227,-0.42118361245312974,-1.0555766672304923,0.05151601531205374,1.4345181699164267,0.8890603236607195,0.6933720703780701,0.9206124206748068,2.9425390765575763,-2.2193630387959193,-1.8068762095115394,-1.1808923693609181,-1.7881128403799404,-1.0106552577489452,0.2953061260738067,0.9531278603302415,1.1334740507869967,-0.19893416661886665,1.2199899384776272,0.3502423081956341,-0.9860181480836288,0.6631757352999271,1.4227097554648513,1.0728342682609269,0.5801341026081128,0.12100882129877906,1.2914573353230374,-0.24820212816324283,0.7553769296327393,0.48607723495771793,0.29066093987728037,1.2227841818530327,1.0304229658747628,0.060058057100085493,-1.4177427634735738,0.17215159695934856,0.16929452302079928,-1.33415903574166,1.023543548499612,-0.2190950311394585,0.39869053224569023,-0.15670227111622795,-0.17380415292961848,-0.7506110556248944,0.015715528460695148,0.42965012138626324,1.0239726353992684,-0.5323842404100965,-0.6228753001279942,0.27804696036944854,0.43117220577067894,-0.45258778988267157,0.8041721260819199,0.4399575900894061,0.03808497119751886,-0.98144370327692,-0.5190326035373922,0.6537180669694314,-0.14889162213780732
0.12569184428221708,1.0,1.0,1.4203892174854034,0.11345516144448847,-0.5353870523787383,-0.1632772125711009,0.03246005949988684,0.14981372489769945,2.2087669203803646,2.3312548314573087,1.479081958317253,0.4271239094539837,-0.597326809523621,-0.8676441085905569,-0.9839847753761664,-0.7256409287942949,-0.13436709343723474,-0.505248041593588,-1.8605677185878786,-1.3192183932416834,0.08722865501254629,2.253050330141544,1.1948773319137245,-0.4463039266522756,-0.9072259814308672,-0.582040326521568,0.6556202069140666,-0.3435681781983817,-0.9590095835843394,-1.3723817799850961,-0.3661842229726364,-0.8620996633486924,0.1800847424890299,0.5167089130157426,-1.696863599858957,0.08049704013854408,0.0806638661156025,1.0729641021514045,-0.5430746667499706,1.4319332382181917,0.6821547033521483,1.021665540147822,0.6836872455711336,-0.596765032008713,-0.49525843454736784,-0.7122728291396899,-0.3340120811276148,-1.2822083964901498,-0.30870124175470137,-1.9173120002216193,-1.0194610660713401,-0.8246867859891363,-1.3082308419599897,-0.7790851350139185,-1.0100640422273084,-0.857874106112745,0.638272625556632,-1.0164078952966473,1.016565425431882,-1.8816959880865503,-1.1541522639582042,-0.7195441883368637,1.440083165323559,-0.10988830699532426,-0.4878758170671118,0.31307840031844536,0.5012088125091785,0.3041147052750581,0.802023528377512,1.8896954166250146,0.1579388651272936,-0.441157321889337,0.8106124272725991,0.682664413015666,1.24424159495649,1.2162545961827487,1.3031867325773607,-0.4666659573754672,-1.8183951555422784,0.8037404265947792,0.8345485942927424,0.0883854066053944,-1.3913738848241035,-0.9778681082196979,-2.078226286127517,-1.3152513009358309,0.2032909951911016,-0.8495101252502896,-0.46539963344618085,-0.6298728468181829,0.9033868479667713,-0.49789989496002934,-1.6086013727338948,-1.958844588426866,-2.3892143053714827,-0.8881221941761569,-0.5027321870215247,0.8450825341019867,-1.8214030979309153,-0.25494407044215894,1.0811726815258793,0.8736281091652971
-0.2637177209049403,1.0,1.0,0.8290396836738577,0.4584774133927422,-0.39249441645860983,-0.4018367941158949,1.0883774818748002,-0.9869689657725392,-0.1588274266364847,0.9817240185625296,0.6321623535588978,0.9743372653879461,0.4629256981835119,-0.592181017380512,0.41066556445981894,-0.027993879829295548,-0.1655588942440131,-1.3621913009396196,0.2937867667257278,0.1887467695724395,1.8471088289472153,0.9435719001663847,0.8422641003827215,1.8962477451395445,0.1328799821292873,1.31840698090644,0.21787319946399375,0.7119548325563305,0.7105558008438992,1.21585786052637,-1.055111052162813,0.7347215520616492,0.35843390771338673,0.31360913140580055,-1.2631786871960926,0.10759419515761837,-0.8761322354021858,0.361911407306775,0.007741087683701048,-0.3707538472314241,-1.1662330866199468,-1.0001493397894023,0.3871012941121154,-0.44124895498687455,-1.0005900497318636,-0.5626727296305485,-0.35109215959085865,1.191254967356516,0.916042430680583,-0.7476877370655994,0.4635512969334933,1.89359309605648,0.08949790194949307,0.2496955253620661,1.0868536288864061,-0.0771128020317472,-0.5085840527910277,-0.6953508508465689,0.16456661290032698,1.46532602187305,1.3653114926121912,-0.7158517061967813,0.9690514476244962,0.7060049836621085,-0.35151013091243244,0.717841557071106,2.2924303277928204,-0.5910301941465987,-0.8328901421100672,-1.330934365718614,-0.11518506031088788,-0.26799909216706536,-0.3920798081050669,1.5072988353896433,1.056123376163546,1.1022039121803002,0.4466817194331777,-0.06554460785575046,0.13046469874258518,1.4718803429581402,-0.7576222836332406,0.8943276700415399,-0.30909768662934134,-0.39906333075670763,-0.24399996662613527,0.6328148592807452,1.0832337660304268,-1.1883372810401023,-0.2820812206584232,-0.35347958860450235,0.763574792776138,2.2347385371283366,-1.6872528620988645,0.12239452167953546,0.5200780554578601,1.6179891167959595,0.40342749462709415,-0.29461193227526605,-0.5519662077893627,0.9161907872782575,-0.22303261406213004,0.014325094281693776
-9.975387822936858,2.0,1.0,1.8090590623397451,1.3933765326149798,1.6033832705561697,1.686759979186029,-0.11801978236690425,1.0326310945333546,0.44937755217076825,-0.5815911420934271,-0.23575208198369707,0.3646060373716707,-0.7720865627406588,0.7282023169083862,-0.09901477869575631,-0.46305055465976513,0.8982064638852143,-0.311023232488743,-0.5566099410664725,0.42940275330955524,-0.5276455495441751,-0.9300152008742294,-0.22565723317711991,1.3574023473684431,0.5182245884670367,1.670024727212613,1.2233975552727365,1.0020003696855593,0.9529187078494283,0.6169856593914842,0.8063039445874345,-0.007675481936338768,-1.2873100500499326,-0.8970941452554986,-0.6526648507093424,0.8663928326813948,-0.04235497653138043,0.43479304036028193,1.0481528061016583,-0.05307512342401732,-0.9776920871985977,-0.25916874847935706,-0.8036494162626295,-0.49414990757674926,-1.193400470475446,0.3191642478583351,-0.44892280443578064,-0.06359246307967331,0.08620555321021464,-1.634161746264655,0.8166667746511079,-0.05391870863411258,0.7528788402414052,-0.17822886975692537,0.3602761589094351,0.7253505533182592,0.8007043439750078,0.8588129125481485,0.05375657816947843,-0.7546388163905233,1.4459108509347125,1.2108866489298902,-0.732373956528722,0.598107491379501,1.5380441444809978,1.1212067940788701,0.15062145260872645,-0.19312583171408548,0.03146145990824477,0.11226832428398104,-0.020022243336792256,-1.8436271276034715,-0.04156585045342419,0.5672062580145404,-0.36498753441689225,0.8143117894577152,-0.02245101534350874,-0.6511599023509328,0.5817041446188975,1.3965722832720713,-0.5101408108269412,-1.475982988021042,-0.01767823963026761,-0.001913401549301784,0.8910614990487572,1.1737244279829637,2.3018047381591416,1.0183289626092147,1.0617949086845089,0.588869341078128,-0.10941568366709414,0.046181911217303306,-1.3397597628636133,-1.279692207014543,-0.39050626492524954,-0.7272284126744721,1.1230359367491527,-0.8684567713987326,-0.57335424189794,1.0195685628502802,0.24112609703057386,1.4797252186988896
-5.4513796955269225,1.0,1.0,-1.7505565668404164,-0.5210514670254738,-0.8778341575926858,-1.3941460797299159,0.505408641327735,0.28405036476233436,-0.44686065726612656,-0.6357344694010346,-0.49111979215856943,-3.0836959367332377,0.2509877412545167,0.893852874437904,0.844136444685759,0.2263238888688262,0.6689929526238978,-0.2364033782285662,0.09632378267236233,-0.5968708318304369,0.37735139759629943,0.42234829779556216,-1.5864876399470906,-1.6280846779066038,-1.9795951872082935,-2.2206503471855283,-2.393870488440701,0.5750192871253444,0.25086867036649446,0.3761362569244499,1.3994192565510535,0.967133633948078,0.6949322863473251,2.242732706359295,0.862776319382354,-0.7859694207981691,-0.7843536561394788,0.3197605529584695,0.9182083094460064,1.1397841265400763,1.212539065590183,-0.18037139116371798,-0.2808457360570567,0.5801160192584089,-0.2653108954420544,-1.25082760114667,-0.11957923498446998,-0.9526122031769896,0.9658939316560518,-0.6943534632741577,-0.35760371857866347,-0.4841348175165892,1.2537448359110621,0.0017043905057177455,2.732205252300267,1.350433545524988,-1.7897371301565692,0.20464252002580163,0.11094682559353343,-1.086602751114606,-0.9166040405629037,0.6181966426234562,-0.6801173829382087,-1.116060890435307,-0.8565498412233585,0.12988879923608332,-0.8571230536247992,1.0478473337536003,-2.6056279361160737,-1.182203176447875,-0.23695673822105323,1.156900136543801,-0.6143209356275483,-2.453733425426051,-0.5218974883720472,0.825415797156001,0.6599002134249894,0.35933971965545947,0.34837938003670677,-0.3073643305283731,0.8975593040204679,-0.4792449579282288,-1.1112638695019128,-0.5775657241500598,-0.4203849916674695,0.061021766696580576,-0.15257873579927111,0.7663075098516838,0.23685182031868773,-0.3311084913733173,-2.45200658722817,-2.6911296448794726,-1.1878396427668498,-2.2106230296762033,-0.2015604054132194,-0.30784061344136365,-0.7043486723463742,0.03534474648715721,0.5311968166389769,0.9099802258154417,0.3494126275131617,1.8288733900864038
0.26442899693366095,2.0,1.0,0.3829100746471845,0.04654808697430372,-0.8304599671836573,-0.03440368035119146,-0.7996696744028067,-0.5167274792292735,-0.4966131688419585,1.3231597755754378,1.4268846062613831,0.2064225492137935,0.4638096301675442,-0.11750862203208154,0.14469485215309985,0.602820018646994,-0.9365050009579687,0.19884639308818775,-0.3811628903608031,0.7175190467836831,0.062477469790544915,0.698953500432226,1.6005169627989184,0.15840128268119652,0.7694743513243336,0.37308168735650066,1.7354123044470042,-2.350488934209905,-2.7521487531933397,-0.5234781160549544,-0.29867464637792496,-1.0026423947981438,-1.4127682434080577,-0.4007563457317962,-2.679233289023498,-1.4966302753937315,-0.40412072165288615,0.29280671483172244,0.35107095159857904,-0.2335576230692092,-0.2529802557595191,-1.7371305483828836,1.5209649630669897,-0.7512808853027946,-0.6109565983707996,-0.43060273410158934,-0.4044799887977092,1.2713407271178916,-0.18525438261101934,-0.9345165125021834,0.657956635539456,-1.0703078553664156,-0.6906697008632182,-1.8166060190098157,-0.711197318435115,-0.6963684884090584,1.0603632504503024,-1.3869520221163734,-0.8271181662213065,-0.9044163387324038,-0.3141220062701673,-0.016935924449805753,-0.8244367435077373,-0.086067170382568,0.43799787321867084,-0.5951893417653367,-0.2762050673178445,-1.335702210735776,-1.5056000842396928,-1.4420530450931555,-1.0318958884392533,2.222297596215472,-0.6109517999556372,0.9889095215936646,0.23302655594011068,0.24395089369963358,0.946040222622456,-0.2607085601402283,0.5415297902353481,-0.6197694058186981,0.3980195106237191,1.3648931312478279,0.11977005047629112,0.39879908231083616,0.09196969237175484,-0.7745276080869683,-0.5285529966252045,-1.260687666675598,0.5046504956634025,-0.7641478530973037,-0.01422122192116504,-0.566531433880765,0.6216744817080926,0.28823414999971725,1.6733093925055729,0.38936374103032295,0.19916633350449706,0.7746588556340984,2.1604565760142576,0.8764308606944973,1.0520120907372044,1.373231882796938
-0.2610632187747195,1.0,1.0,-0.4300166720881611,-0.4011172778688321,-0.8894277397101508,1.0327956213124871,1.0354743519337821,0.14667170023419981,-0.09635763427596528,-1.9247780587155459,-0.898364968708922,-0.5170768741858262,-0.23337360054842501,-1.451662216325214,-0.4235173482988151,0.5256002003417741,-1.106885395391516,-0.21196427664961717,-0.4643367276876534,0.4432528105818998,0.3279599519006084,-0.5909749636730326,1.4720579557677897,0.24596151574277564,-0.9708815310394905,-0.9457646761613023,-0.6212235602737919,-0.3098291562517981,0.7689202002003641,0.6045359085546325,0.14725030820122037,-0.015551938287618063,1.279493713236109,0.8745116297295326,-0.301901056597127,0.22876999617965452,-0.9233613773916504,0.5138629199423259,-1.6944364381474806,-0.06841207362692958,2.1333848290317916,0.20396904297144847,-0.251774837984912,-0.5549799850063075,-1.012723483623608,-1.2843373032783048,-1.2577720590220502,0.053116673030409026,-0.5553878767047542,0.9304815679486874,1.1894351230116484,0.3861764883930685,-0.030466122712769553,0.42181408665341275,0.19331181074083323,0.15689168772627898,1.0481137353300054,-0.788337074534286,-0.754635661167814,0.04184937326127175,-0.12024788668622555,1.4070149879373668,-0.320402844543478,-0.46195324007377825,1.0117686793131653,0.2542548381978167,0.3406884056076855,1.810223723282014,-1.3317382903145596,-2.1653864867407764,0.27958240894952624,0.577262575892058,0.48606618875146856,-0.06873182295181929,1.1799700202502146,1.2235227208016304,1.7807321411839192,0.4189488516697428,0.3417374464591963,-0.009868448484227882,0.32958260988708443,-0.3198546150892052,-0.17485404360661955,1.0289987008047783,2.8213928403753066,1.1357167315636871,1.2952799381479831,0.3078359482136708,-0.1320750723150661,-0.6051774316021712,-0.647160882581189,-0.43270770798493285,-0.24968112018033833,-1.212652915782184,-1.6775427658372077,-0.3111062835227753,-0.689299972226981,1.763469065861227,2.0732467819886065,1.436747496331368,-1.8948061118502302,-0.8495577793332161
1.4117474279212927,1.0,1.0,0.23567504285828675,-1.7132718563369371,-1.1390039101474927,-0.23372374877801072,0.24932953058781454,1.2055891533821321,-0.14496459202199374,-1.0930195230265358,-0.5580753242170385,-0.17965591668924236,1.1220598428951334,0.9916131232941312,1.1833798127595627,1.3526622980616168,-1.1476364361221267,-1.7547629228328496,-0.1852011610449894,0.5276844093192103,0.48081477983921866,0.9395793158864638,0.28588862691429817,0.22576508815445406,0.0815288357488406,-0.9560824538471131,-0.90706218452677,0.4869401795017388,-1.333798003137388,-1.127805732642488,-1.5431814490946625,-0.1763701067740973,-0.773915822175036,0.31133150036189033,1.6338936164201214,2.0552055582760924,2.6903887433272526,-0.25445786358877714,-0.9049937451475307,-0.28469095201686634,-1.9068307946531058,-0.12637118721683005,0.21029543160632413,-0.5700343099760364,0.47176418874689247,0.4381160992338836,-0.30418539653031956,-0.2627458223491877,-0.7105166201111132,-0.13096660030279994,0.8607010871486169,-0.1004708356361364,0.2861040669361003,-0.03479170026364713,-1.2987440478967975,-1.0381406518313812,2.2165517321029213,0.6593086583917082,-0.09331411346056323,1.003140873542556,0.41998623116160533,-0.5222822270469089,1.148869202311236,0.565871185154803,0.24318703251987012,-1.5606947323857208,-1.7110897537731367,0.8819631349972168,-1.003509106381603,-0.4424077348986091,0.17637577083510841,0.4470726286232587,1.6660928245529611,0.9250520256080255,0.6439165124015205,0.8134027250858767,0.9059574340446414,-1.1881330675867139,-0.6221599569653633,0.5085764416175025,0.9177073716608553,-0.6767553306293557,1.3131698512664385,-0.596257708853076,-1.2190650881598626,-0.5434209028341292,-0.9312671200706701,0.42374729856634996,1.0779553905816968,-0.18987499984786715,-1.3548059512082407,-1.8623623076960285,-0.36868468127866705,-1.5941495287062222,-0.18308498455865968,-0.28849451573658924,0.8367384047443631,0.9249965610150024,0.9865289879825848,-1.7698948743878793,0.7130360908753842,0.9838673230129389
-2.9286538742801755,2.0,1.0,-0.04925279943121952,-1.0610598566763987,0.8310315299761386,-0.1778725921398957,-0.38688530900168916,0.23635106352959342,0.24719920687314034,-0.9842052640486363,-1.3374716283862251,-2.180796801905696,0.8858084842484432,1.1139043291226918,1.2865372826116772,-0.2865080089224843,-0.10777018004338244,-0.6440291708470017,-2.1179280403973335,-1.7799442760822521,-1.5924424718983103,-0.7003509071895571,1.0967726361654644,0.44357026944222144,1.3169597346758468,0.3367922141146842,-0.32470350277930016,-0.4785664526973808,0.1191754534118471,0.08004601197957067,0.3813936146609119,0.34651717131415116,-0.1577638104664415,0.2879915117962253,-1.026534098779396,-1.4213814826234805,-0.3273036916800103,0.9541428057128684,0.36265533164033326,0.028306574243530835,1.884198217881837,1.8978561975539414,1.2450537288634715,1.0082418838497333,0.7054443580961871,0.7366995491194299,0.8184844912234001,-0.5134950186385876,-1.1892731664012803,-0.2614897811943235,-0.3767601691465246,0.18904243450445252,0.4426081529704,1.365101216814568,0.34118138329432457,-0.4397821801502672,-0.24287793891783505,0.30136097521107463,1.542586966099392,0.011235065031738656,-0.6187421339439136,-0.925439204481953,-0.14637100443899356,-0.49397655927027434,-0.5919293044087623,-0.1784056984517317,-0.46380413051254016,0.14416345637143801,0.7209790036241126,0.6711593144665474,1.0320177714241767,-1.5999125940511962,-0.8929903252133999,0.7682477390548638,1.0703042751672371,1.5921803792287914,1.4666523212116913,0.1463276775338773,-0.6527830514546012,0.6196395696433512,1.3639307925182242,-0.970222368150792,0.27329869432557446,-0.7220147080489709,0.02278923867571453,0.47914195704396234,-0.46028165480217725,-0.33064031645639846,-0.4674970279600862,-0.8400578086266739,-0.6301377220285101,-1.4287428943759706,-0.006280907095198708,0.22011396371782008,1.0046530316601263,-0.2152731787559336,0.629984314401293,2.269334313042969,-0.48008565702857975,1.0896216443984312,1.2219356071143483,2.0723181630380525
0.5231351776880657,2.0,1.0,-0.0034158015612991742,-0.6939520653399066,0.5366169207923112,-0.18101883256564927,0.3764393224152203,-0.788029434937374,0.22572372815998532,0.34699435341528645,0.8175717821144112,0.10482999562384224,-1.0711229784352818,-1.029187849070425,0.041836976652992464,-0.7625006934742411,-0.26672437010488387,0.0646359816600847,-0.6321557291352354,-1.3890503276194233,-0.3016038797742434,-0.026654972495988152,-1.5861186530736422,-0.7857063125335129,-0.012604103503562836,0.7557409127475979,0.6917617187915379,1.6606923450943398,0.7907701916689568,1.7130307586638258,1.0624555527539816,2.3187853041420303,0.6448101129038426,1.1830002070386723,-0.7275040736363573,-0.8110299297753124,1.803183777640991,0.23657166299484242,-1.347924333206128,-1.215455708316273,-1.1051465235581424,-0.8591175473047296,0.24788107036060467,1.30375627907658,0.7486375333549488,2.4528797375936824,-0.26830972589387836,1.3443455154291926,0.45064474672251487,-0.8433121295922472,-0.04870376603587423,-0.10568855240662778,-0.29301274475013545,-0.7249956058205408,2.3845113464718137,2.2646657200182356,0.7220558556915668,-0.36064809631138756,-0.2992232364763623,1.192970352845171,-0.6855812798340848,0.41243519657873146,0.8448922128432385,-0.5886187811245858,-0.770070122334825,1.3481540873760411,0.7876226213307864,1.6359412178969848,-0.23002069572074568,-1.104294369000432,0.536874006032644,1.146286507981441,0.26557753961540304,-0.3182310133359472,0.5849500291963949,-0.25908438754701857,-0.09675325911055985,0.4037866613303304,0.235878244885651,-1.4587201811037656,-1.6714578548085954,0.6417431549309001,0.8393028866942621,1.28093131679963,-2.4305144701689896,-2.4805275139401335,-0.9419565590500135,-0.7693798963360806,-1.216028327262253,-0.9162095941655353,-1.2866235725760178,-0.3745980367700497,0.7368984278259783,-0.33935129765870786,-0.04559657687718234,-1.2986402057265145,-0.8563214855594907,0.11063163221450573,-0.2566036126228338,0.245020144195913,0.353564887144649,-1.4732527131281794
6.1624725865743635,1.0,1.0,-0.500552834178146,1.4419558295411627,0.6396915331179467,0.341117740216437,0.4124625167840777,0.44768826792981775,-0.8609315111589926,-1.416765269484811,0.25305693022348985,1.1169123196682058,-0.18165097084580195,-1.6516134132193132,-1.6717905444021752,-2.6729138526375835,0.016638180509162437,0.5258722993097538,0.8976671556526081,0.7047877640434872,0.3822946928264712,-0.5264780514109625,0.620431953155945,0.012535335983278467,0.051300118702527736,1.4528928240659744,-0.1698792324379994,0.7717060796752927,1.569444924570255,0.5918615510326983,-0.07596018535286156,1.2922294309726707,-1.1283337021729039,0.8517633927705364,-0.013071341579035278,0.3097082753993551,0.30829794963187696,0.4093093140439663,1.008281522471779,1.5892360605382971,0.8886782923255763,-0.9309835413172979,0.558177696653813,-1.1501823655719081,-0.7891619689030744,1.1564638752313128,-0.7987277936741141,-0.2580380761503946,-1.3785660896882337,-1.3687467246202316,-0.4987780200020159,-0.18867829475023126,1.1469003814490022,-0.5584697621632405,1.0706588090054525,-1.9188013059350348,-1.3225781420862566,-0.1428000149963387,-0.7914096717044441,0.42287042172670775,-1.8992996644013833,-0.682482424959357,-0.4163206716814872,0.9059085329805798,-0.552547419330746,-0.12165489624242104,-1.1872868898348778,-0.3436334208889399,-1.0468904838453814,-1.9490990047390209,-0.5527658776913111,1.1277548340179537,0.3445418236940714,0.004853125600354752,-0.30983749840178465,-1.1094177068370525,-0.4151644432812027,1.0760066799754622,1.1299536563980297,1.142474730306481,-0.0036437051645515917,-0.7069438613984349,-1.3665186070323145,-0.404904465285215,-0.975426763527703,-0.9160470239150925,-0.5121160989199236,-0.04466467748743646,-1.1713110697204496,0.31677636980883334,-1.020464350133061,-0.39833900759927204,-0.1647992655044793,-1.8548165831842864,-0.9244751780243674,0.2193791832525811,1.109369734458884,0.6526225575234385,1.6724802953122293,1.0846166585455828,0.7709324418346442,-1.1715954283060408
7.3883083218935255,1.0,1.0,1.32706606846061,0.7419673916400111,0.8228450385306174,1.6041893541021184,1.3058989611717595,1.0996516871578215,1.5886812072331347,0.042272272217073525,-0.7379176533426162,-1.3867021660560461,0.8616963032012326,1.6312171538819664,0.09679681878891444,-0.5624919115573497,-2.1803611940215144,0.029461429296534277,0.6854535772479984,-1.0778173631026373,-0.7493619300924874,-0.03912996842264316,-0.597354752427393,1.2934873259805948,0.993953364891313,0.7450679121577335,0.24098484789161628,2.208532004373135,0.28072843857099317,-1.0977243152944247,-0.02399912213470473,-0.5788366056633312,-2.463043005001413,-0.43919312222147655,-0.8291494303619655,-0.3315620918632995,-1.877388537807743,0.9719045710689859,1.1039283054783797,-1.7652102248728432,-0.8863539538404949,0.1993582447520098,1.2423290179754414,1.2969370646581702,-0.10416770572884093,0.17565195973720213,0.5280742513426722,-1.241188914088639,-1.7641190307551329,-0.9519161850255622,-0.5020631701089233,-0.17672957195367556,1.3359154109462732,0.011601494517522348,0.1685437471290102,-0.7691242233642899,-1.039929296941717,-0.10864108164277136,-0.19775397047572876,1.9919230729946056,1.3717888091208166,0.003464501256895236,0.7077796629501756,-0.5195200554032559,-1.1722997552664176,-0.15938120317867366,-0.10149589828854144,-0.25473966850224655,-0.3821190395380091,-0.01456038667742604,0.8157327411323336,-0.5252331093239815,0.019639174688471286,1.5120675872080842,0.09337544954071608,0.5663129270447417,-0.04587680951411044,-1.6894590968781746,-1.3448635678656746,-1.1894207294320513,0.002929612425530581,-0.7926670294848133,-0.7066942505937301,-0.5048338398601153,-0.47474724596969925,-0.8285661344727304,-1.0488688788940037,-0.600559814000433,-1.539914842045426,0.2440080667839204,-0.9652214635963948,-0.0069231471385119425,-0.4771122329336499,0.9202559492910679,0.23037499390599386,-0.1961872451571263,0.17566338747629906,1.4006888083094526,2.2263933065949573,-0.5397660323603388,0.4661702665692104,0.2751103871244594
-2.749016553291683,2.0,1.0,0.7358146619769608,0.14643948822156566,0.24863861588218206,-0.827047727766287,-1.9494671043860565,2.195683194059576,1.2965586909601752,-0.789525338078346,-0.9016894609162227,-0.7091715044321576,-0.9222871701914046,-0.38059595229834536,0.008879237648887095,-0.47546196928066553,1.976830605109939,1.1268770887181907,-0.07774729975291,-0.35127804630311776,1.4996175435869326,2.3403106612688696,0.5098969174145446,1.4148462944813252,-0.8480844899451634,-0.6274775005282778,0.33015384772700784,-0.7957220560587644,-0.2883680431415548,0.6950165828521367,1.5349711268566795,0.5122203298328029,0.07210364832399403,0.2697215565172937,0.6905359046862806,0.3338577312761851,0.37417292890318826,-0.5289187779740309,-0.528119027040089,0.34938145152629796,-0.3108714286277232,-1.0440950641010682,-0.09031079966124121,-0.3184566194179925,0.053113531086443344,-0.5423039674314359,-0.8912156933474311,-0.626816665640575,-1.142225432769245,-0.2014038422056188,1.0829395119849292,-0.969456253801437,0.4147106212401603,-0.36992193664303585,0.19664509026626198,-0.4676028771415014,0.7382863982082668,0.268197608063102,1.145430826391551,1.4480929846390616,0.6338617652811199,1.316022817039669,-0.8939602622695575,-0.4135861241485697,0.029772848687144693,0.8895175941946272,0.8946982042348515,-1.3100128160350302,-1.260673247538036,-1.599751250003618,-0.41635950050669057,1.0172186956824325,1.7321591550563904,0.715095182623224,-1.307169318156471,0.6365935317958599,2.4764634064717734,1.1957117516853537,2.713222084763477,1.2405599611212759,2.0672590020461894,1.0294964080733175,0.15161821191532238,-0.9625967657961209,-0.8284925934616546,0.10931070495659295,-0.02054498133129494,-0.4227142669680233,0.9515533439514705,1.2143814379347528,-0.20571888681574735,-1.5916967468669867,-1.5930271649500498,0.5004482981414258,1.3358998696031317,0.7975496557187699,0.7702958831489444,0.3190734454934063,0.01466478304249512,-0.03059755742547942,-0.5947459429215219,0.4412223585137853
-0.9181001726338157,2.0,1.0,0.44072183573717466,-0.1677995378930712,0.3226834000517071,-0.43143756158430646,0.4499732155472525,-1.5923856223732933,0.5619641990362803,-0.1461182269008503,1.4391063998959737,0.42235921965425804,1.9674521535847638,0.7996402794358892,0.0881678389633957,-0.5763457250373778,0.7149036974582911,-0.8462924221022367,-1.0069399122098526,-0.8947199682833196,-0.02415149114640791,-1.2641528361379517,0.8146512477933584,0.32872257144863637,-1.6135862828806755,0.9982970860729089,1.7823289024487463,-0.3883993334916636,-0.3171113378115822,0.2735614120315579,-0.3255245211654256,1.4716853003119181,-1.28295240360585,-0.4511593664267771,-1.245866864806128,0.9676914187077229,0.20027362601086865,0.61673903507677,-0.2271134477143038,-0.2601691235969265,-1.4702949925467614,-1.302981796445681,0.5334224703602579,-0.3354109005412007,-0.6804358408951254,-0.7284076232188559,-0.1515877954554533,-0.7040596257432135,-0.26149320759427186,1.4174185962942532,0.5484503978523338,0.8663113497460744,-0.545291452303369,-0.13620140294497468,0.4586773803831609,0.2536469654390383,1.1595215671127628,0.8506718274374,0.09323436359123005,0.16699791525703006,0.1464623787349657,-0.1728315720120149,-0.25157146766557625,0.7473453416630056,-1.2176895682356854,0.20595794440163118,-0.7899778738065539,-0.8966306860079251,-1.614876168070189,-0.5587125622760098,-1.3209290024665212,-0.6005383499642776,0.0014397151083112532,-2.01460104644301,-1.5649667483594363,-0.8309658900718183,-0.7420337423663472,-0.3083893875418163,0.10665151228285566,-1.2191942436440055,-0.5163897004847371,0.7742057868448879,0.7617661223077465,0.7810632835979063,1.493015699517656,0.4089095420082503,-0.08547619556117045,-2.172009532552962,0.2723317197673043,0.774733595248414,-0.36394121734177465,-1.1542104627256071,-0.7414255667897531,-0.768359946572601,1.5421034859267475,0.30586030874959985,0.9504292564887925,1.1121242876499846,0.6690417273294498,0.9337754606219791,1.0252220467412763,0.6745812685775594
-1.027581981830927,1.0,1.0,-0.5764051082670344,-1.3978654428348856,-0.5697558755669977,-0.8594640774504079,0.4292514828659252,0.03233835927705184,-1.7277677136938714,-0.40469577827667824,1.4085004562003889,1.6670826843308477,-0.6607692766015104,0.3522304457743018,-0.9050048800281064,-1.3917942214337604,-1.145963659335579,-1.3276676515222225,-0.2276661819082217,1.5965594052727163,1.6787760210867086,0.41872659141026586,1.259861770814509,0.1094968000853121,1.690603028143325,0.911884130790624,0.8599084500470364,-1.3803319617420364,-2.175614914736027,-0.3157177182081633,0.08125444457910347,0.9679248070593481,1.055333516740319,0.40797760924381454,2.1366255422982228,0.6425829381412438,0.3490912172789812,-1.6343627743705433,-3.3563865391424996,-3.1377124258381723,-0.37077987784493405,-2.1447413395247046,-0.7002462714136748,-1.1592058164686136,0.30244561027413586,-1.02848511262579,0.2213349290251022,0.11486285266216133,1.5090058364265477,-0.9162196551836154,-1.1801123908998563,0.0932514306221478,-0.15200683138228516,-0.09631297852806445,-0.0744711689992659,0.09412751950627525,-0.7492223722466326,0.4491573111884842,-0.324464524564155,0.0939175576869618,1.1682089398023159,-0.656918485341045,-0.09624734743871782,0.5412454349709794,0.21948677280237514,0.15237473213318697,-0.2611281697774915,-0.5564910241879493,-1.7032511713194853,-0.4596952766959701,0.6765248278478728,0.5954460628264358,-0.3965299751878,0.580683036148806,-1.938770701253684,-0.96623569214997,-0.7444612883545436,-0.15314042667483707,0.16927587060303376,-1.4600064247565836,-2.375772850114436,-2.4019101726752528,0.4731882114582427,2.5220125107328504,1.1350237317452216,-0.22828272621486478,-1.7439484576592519,-0.8011369435493484,0.6402208821854397,0.3432618478253379,0.6821983431428228,1.9537466562240455,0.8311345138266939,-0.04157218972553928,-1.0689830056228518,-0.07359199728886384,-0.3392154688820743,0.6655940994645256,1.9199352926647686,1.381761087835366,1.2276421567215812,-0.15278896442901274
-0.6791792574770735,2.0,1.0,-0.18115187344052822,-0.12763567104097295,0.5271228492401969,-0.1133908373543728,1.0849652140663033,-0.13916718157703623,0.7391342584041402,-1.3182903213410153,-0.025592966713963716,0.29416187808678274,-0.05034428460680519,0.7040069935968964,0.5364783056012681,-0.6301732410988531,0.7362058188966434,0.11413731796231882,0.292455915421103,-0.38805003465453874,0.4001076175585794,0.7662041117259433,1.0482315330997105,1.9957279345874908,1.8794359141253008,2.6587426686663864,-0.06658183988381028,-0.5314404605194059,-0.421934065686283,-0.28793252760894306,-1.4959852665979458,-1.3390386961482243,0.8150650364003726,0.23250136702926782,-0.48306561936712816,-2.061288033119505,-0.6726520703572327,-1.0546963360581523,1.5944318323133022,0.46193454353237257,-0.43913973627406,-0.6463531255974395,-0.57500721483237,-0.6296605124821606,0.303262587232522,0.0509693858528632,1.2867972265121,0.23740451611683686,-0.8243644249380584,0.6714262324302522,0.15181442644663987,-1.2349541103776143,-1.0596157360788416,-1.6731960464438485,-1.7637603061402949,0.5456918263617507,-1.9017377397106707,0.9575165247768767,0.4756196021681114,0.3919525871548442,1.0159739612636713,-0.13575347838893415,0.43840037943585886,-0.5485617545226975,-0.5558230805706117,0.5497502622246915,1.9330152114272647,2.0812813110189103,0.33535452346125005,-0.018488149922602226,-1.3056731378954265,-1.0319260568591178,1.0223442913613205,-0.7908048230342997,1.1271924983963757,1.2220843954747875,1.3439682043057064,-0.37780760187999163,-2.379385440475895,0.8384503041820779,1.0049341137400485,-0.4802625778683468,1.244840878960341,1.666975725536308,0.558301263473052,0.8100648528480117,-0.6278684230048523,-0.5970753925491133,-0.15005880527090842,-0.1678628581004268,-0.14285157412806426,-0.08406737401778695,1.9547158144233499,1.4418997695021085,-0.6328856669980463,-1.6325254926318857,-0.4142736191663939,0.2562170499280178,-0.9133564113374107,-1.4320205051219477,-1.5552178502775331,-2.211352849818585
-4.840959998692946,2.0,1.0,0.033894136779913646,1.6581076470977845,0.5269477228531698,-0.30778165174859773,-1.152670691008893,0.8025380525332982,0.42254362366176584,-1.5949670071026492,-0.8503537277517298,0.5570018469443214,0.3718588473517158,0.7711898820262741,0.9573443121407241,1.349527734700574,0.24760593820077464,0.40990516537980454,-0.14395733123134435,-0.6853153696557339,-1.046809429033702,-0.10895600785229015,-0.9097820753436875,-1.0035289013190685,0.9628122311567233,-0.6866973986732359,0.6820926636289041,0.6425174410393941,-0.12337442391169873,1.085257998734129,-0.7418986150040561,0.135334998407518,0.783022898538271,0.9819594531441682,1.5166761372057462,1.617770549419781,0.40943322376092894,1.2614099557979421,-0.8942051455850285,-1.096876184686976,-1.4299826285240735,-0.7919815980886451,0.11852793371963269,0.4780026754500261,-0.3212044560625311,-0.7999001534832211,-0.25379974837491975,-0.20766549393443554,1.2713540333242739,-0.25128773494697376,-0.5977375198762291,-0.3229993763761554,-2.399372770800758,-0.450957467771669,2.113915934349299,0.6406265093424615,0.4506665876014705,0.06780624269469337,0.3928854624698876,-1.06557219708875,-0.8890817491091606,-1.0663183452635427,-1.1135354029270175,-1.2875124549174315,0.3010136593140751,0.34146014292850563,-0.6964654930183969,1.1766853023556054,-0.4256491305934073,-1.14123407256436,-0.6493481183082235,-1.5525739958109968,-0.9552934894358923,0.03551571202796022,0.8991711511126312,1.9923403780385183,2.003578744068988,-0.09356088708854868,1.3185146990900656,-0.6781665987265723,-1.0123062715358837,-1.708205070990319,0.8465341936276674,0.4448981640693469,-0.24004494369944301,0.5176962539291343,1.1840968827617115,1.5719726608082176,1.094110509757321,-0.228877653787667,-2.127598109203937,0.13616907097219544,1.6452331232184954,2.5693247457175215,1.2713205421024907,0.3301892097841834,1.144845231072359,-0.818472205412492,-1.1708731684411067,1.2606079176958223,1.9653365131166118,1.6396569353751584
3.9398353760231495,1.0,1.0,1.0455680662001,0.9701978482132386,0.12340934104484819,-0.3772330015964756,-0.14560576630276365,0.43925704597790666,2.832565854491121,1.0799941495409906,0.9965929574431545,0.21664257334001924,-0.6011518460267473,-1.1465728208835688,0.2697545251147804,-0.5940516964535139,1.1373391073539807,-0.3433866248145883,0.5434584735446726,-0.8923903895192024,-0.7372311359235749,0.332803782160901,1.637211041676528,2.3098736847699914,0.29059863306549283,-0.23691527388867667,0.6363582659721054,-0.2246588793339091,-1.5223160448649908,-0.041736954616042765,0.6596233544849573,1.097226555323091,-0.3195910613386479,0.6572588379035208,-0.6317461569840477,-0.5005019413777438,-1.5565109585499364,-0.046070538813479264,-0.14385883583525466,-1.3279157741256484,-1.1056839307516857,-0.8295543930511989,-0.06958157196490511,-0.3560222747016078,0.6040536654383865,-1.6720616096223695,0.5605937616755077,0.5290431893474183,-0.01116482953811887,-0.768155374824209,-2.098903828437084,-0.06448983905856287,0.2140056012747366,1.9297679607112574,-0.6816307818805402,-2.4602135468586543,-2.797735767418906,-1.1415981647294209,0.7259139558525527,1.7827342278389118,1.3672817124493208,1.148108076846355,0.0924925554779439,-0.1934591210575558,-0.743347036112262,1.8381008320907224,0.921899111758164,-0.30323879508406026,-0.9465007356066061,-1.2137201743365755,-0.03477690024142699,0.9788026724742611,-0.48010096973666544,-0.4777927511790453,0.3705042508128653,-0.2218136203427032,-0.257076410682461,-0.09369304139056576,-1.5095228352193673,0.017225265112711607,-0.7838600022591055,0.14312723819596712,-0.5517702160011667,0.14101825787644973,-0.06717018230265395,-0.018897060066117976,-0.8992443443800463,-1.8443323268848626,0.736392061153041,1.1246846896624332,0.6784657736876974,0.3320452798034794,-1.7098614345035732,-1.047605758737403,-0.8764213096715237,0.8010012934390357,0.27314220540961,0.700207790233376,0.7018156340314436,1.0330939920743272,0.49009260698300056,-0.8138123698708182
2.471629610041003,1.0,1.0,-0.20346351768825446,0.37320429901044866,1.6635846075302396,0.7318554947076673,-0.13963357584720443,-0.6408053634803349,-1.0512781094603676,-0.17789936073760737,0.3511872183014618,0.09462570844667151,-0.5372159343618322,1.0901802300084822,1.1371035798729279,0.9727324234536452,2.229235459625207,0.5955237358657686,1.0759129195814308,-0.45272972981734205,-0.49525136434149775,-0.1331210495535664,0.5199978926230209,-0.680656568364179,0.6350561569568864,0.1021832735482455,-0.40678801817309623,-0.8501040215076862,0.5286765041157959,1.940976069456536,-0.8680278985987036,0.10554319756550945,1.7055278808263008,-1.6406095083779886,-0.9827113607790989,0.8785826007826524,0.8277982119624125,0.06398064308023108,-1.1091352657777187,-1.7621132828358672,-1.2380245604832152,0.12487598831048041,-0.2990744947074684,2.0109099456708215,1.6343643145633426,1.5243649511147974,0.5467150041449399,0.019981375146605192,1.0055869350728572,2.0457198384916384,1.4208820014600727,0.44017456074207945,-1.3347371140481659,-0.7925076563166717,-0.8887238089798094,-2.1475649020456746,-0.9502059300974713,0.37175334599636356,-0.6636762721640879,0.8878704892091095,-1.4806420754691996,-2.064817572051949,1.33929043054736,1.0273614341298345,1.0375443116966585,0.9681949160034126,1.608319320778658,-0.7569845977466734,-0.7085806589169046,0.3100103748507633,0.7764768736285124,2.1127847980354924,0.45867523080409384,-0.13817140530325392,0.38624160719465983,-0.32468044129314155,-0.5422973077126509,0.7689453606991592,-0.16188299154452296,0.8906387806559104,-0.11936007560928641,-0.5471269003964017,-0.8548639861808824,-0.5252632946716129,-0.32382220748729695,0.9911484296970667,1.3154641551335702,1.9393855332760532,1.7249252851469965,-1.0964418650134549,-0.4054116136923428,0.2740291583164324,-0.2676277558218009,0.13206746110028145,-2.2428469459344256,-0.7522717980696321,0.5527337593914835,-0.8570902233339627,-1.2783678730185652,-0.4096913874336868,0.4262706758764728,0.45275787732714784
-3.0896480174073027,2.0,1.0,0.5576208430859313,0.439677693417787,0.9131857214201734,-0.25899837838093653,0.919274780874184,-0.4049294913219966,-0.4002926589757192,-0.6769759832072162,-0.8234766372421112,1.9286823641226105,0.457321298858711,-0.6890098009099023,-0.576491588506036,-0.191864556345029,-1.8896921083477474,-0.7361259117863234,-0.7486125937231003,-0.4756912602930887,0.602198765988625,1.2050809080074105,0.6273828730069746,1.5283243035365697,1.555791223257442,2.362778810670455,0.6111373278826426,-0.876195191946585,1.4328203091690839,-0.08430634319315788,1.441860757448941,0.4866167702030947,-0.025427251287707238,-0.3964080654362279,-0.09491367572213368,-0.026399933356663755,0.5347590311853142,0.36226761704403104,1.1334696948265346,2.2434950355389485,1.0723451489054612,1.9550811180954466,0.5349660439301659,0.9936010609175933,1.0646052900807157,0.950988201408515,-0.13983191200725498,0.7571758186138962,0.6809501566163969,-1.2041667309028146,-2.388709015821569,-0.4244035517995357,0.9535631822069326,-0.021675458954834748,0.624922511950361,-0.8164974704802244,-1.0457160678585793,-0.20229337560136948,-0.7446267713883985,-0.0676887836384518,-1.0843505270098728,-1.0969062122416589,0.10981291739065997,0.7095556085279325,0.2927390075450209,-1.218275946454766,1.522826422692679,-0.8547088018383806,-1.0212283236298796,-0.35953643898317456,-0.09739482356044912,0.11828800043550959,-1.6585810143273607,-0.9104465033247253,-0.24895426824561573,-0.6906402122463229,-1.452633065898064,-0.030669844681902095,-0.7494337558192207,-1.4137952876546849,-0.2929888649152074,-1.2151900377370655,-0.36209084919305196,-1.9233409632611342,-0.6871824551677086,-0.3915277547342127,-0.9481267823888386,-0.10945856092011216,-0.18191032560283338,0.28315394330508104,-0.44750021274901747,0.0693070505351075,-1.4635273509079467,-0.09221326384359618,0.826556890301773,0.21324610439087088,0.6857306181585918,1.6949756371164753,1.7100105533977839,0.425143643809929,1.608561615860219,2.1298173163119403
7.002002014837053,1.0,1.0,1.52098324240634,1.7181142227987554,-0.14865270292873678,-0.24429408879266326,0.8469456794981858,-0.47640120299009364,-0.11619571503973114,1.5676830062653395,0.343496405835564,0.26145660907668516,-1.9500657483161712,-0.3066435755701657,-0.25015555446490345,-0.4413086052554981,0.4317583115989319,-0.6228977673365844,-1.258989406081195,0.13732576742998526,0.22369788682597766,-1.0736496231998547,0.8756376306350074,0.8824596865979483,0.5622976816642185,0.04587023678344798,-1.056884072970651,-0.361631787649299,1.131773904587547,-0.31919840931751864,-0.6230708526487057,0.14460391188177552,-1.4805391125775542,1.0497415132869938,0.4711561916147403,0.7826525926357883,-0.21905493826837547,-0.07508420281343733,1.43382729109234,-0.5949084323886538,-0.4932331980850785,-0.20705654939368348,0.6705021527602277,0.33303906158774443,1.2237293844828196,0.9840689066903727,0.23423500351310164,-2.1183750469683282,-0.548717205319788,0.8262210498750284,-1.04611508383239,1.4424315634413793,-0.42768387415694975,-0.014457720664470985,-0.7207787076495764,0.4766990684263257,2.8234340822090065,0.2855179243431105,-0.11960664695949347,1.5299706435887415,2.018103724529421,1.6234393279201136,-0.7314404093155541,0.032097552793600936,-0.5963909510502695,0.9949414129766472,0.1592884889490083,0.5479601342270194,0.7345902631071162,-0.44601701882551453,0.8645358200298516,-0.9690126314521531,0.0651204437531824,-1.2800334510777673,-1.1142908248409675,-0.8753290533955482,-0.7444142833523992,-0.08708300213636423,0.48371507838574523,0.8483784933817395,-0.9308862458340985,-1.0233239267450702,0.44304734203178964,-0.9396562456448935,0.17848744949403594,0.016186788482162554,0.40515798986498913,-0.3231659712323703,1.2788766132862275,0.28050997575609826,-0.5006370920809935,-2.6709342235596507,-0.4387431536820083,1.1337476074147257,1.9359128824792127,1.8557358231142702,1.834312779710168,1.1632215084938302,1.7533957280886439,1.0555776441959877,-0.11736558848252965,-2.191883060630301
0.7264261993900316,1.0,1.0,0.5672504263596815,-0.6589312561263939,0.22986455460375022,0.7105883163700701,0.486148141200799,0.6582684221707963,1.0826869992112553,0.008113547196057336,-0.7684550563460795,-1.141044725905823,0.3867518112626941,0.0460041043890214,1.0668348995268242,-0.36921989259788157,-0.11159392188541187,-0.018297392522526428,-0.9352641563044084,1.162522353194835,0.060640081498630705,1.0159695463738856,0.46760482363696376,-0.9624501116183412,-0.5286007525884808,0.08261599019166377,0.7805006443420941,-0.11092807858716291,-0.23901583122866987,-2.085195521842083,-0.39957281441337206,-0.7909532197273768,0.1939740310311497,-0.12852103458309694,1.7438956258309355,0.7448644559817903,0.11002611041490384,1.6041943238606113,0.7519809821380046,0.5399880072516605,0.5168601150675591,-0.009923196076399576,1.0400222769429972,-1.2033401100250973,-0.6580989761044056,-1.1785753547395952,0.5484480408164288,0.44777435992359604,0.7969870255430652,0.5696880549191288,-0.7877419573543493,-0.43054484407291416,-0.07871679827269754,1.8062724362537619,-0.8029376358611285,0.7953483258157548,0.20815218827556575,0.4024569150482389,0.5882314505800974,1.4253015596131609,0.07411954407329435,1.7636897998848626,-0.8084152502248447,-0.8256788596237674,0.10173835066456344,1.5461331261073805,0.40959775052591785,1.6667233939266104,-0.14985961653052216,-1.6211930338804956,2.234249283047535,1.9774240781089703,-0.584200624291812,-0.1791099458491036,-0.1725136291777155,0.5847818642279382,-0.08591441017005882,2.0535836451021745,2.074157070598756,0.2880826014531791,-1.3157374425247113,-0.4373130907754039,-0.9909620003287576,-2.3336741915536163,-0.15670744733220598,0.06146864223081254,-0.020596501937317283,-0.0849946835474335,-1.8575636539461062,-0.8497271101308626,-0.010522880255582956,0.5081048513932639,0.1446164069472985,-0.15286284012191664,0.5018291577945373,1.4000060493204733,1.6397771070001852,-0.8565243003394689,-0.3113029437733459,0.9971669348126159,1.487172554553998,1.041317530007557
-1.6035231475798022,1.0,1.0,-0.23551698088240478,-0.5967366272201174,-0.5351513615198276,-0.7186752075926033,-1.5823829528008895,-0.47942258069892907,-1.6046498012158223,-0.025547728664110814,0.2501441416951582,0.01567760481199,0.19337692284632313,1.4629943450976022,0.8690684592493136,2.1339359892441085,1.0459448442791057,-0.9435746364521166,0.030149069379088678,-0.5959522499066563,0.07208025830494783,-0.24157304770173216,-1.657754568676019,-0.7820424710853016,-1.247536976201105,-0.2500241263759567,-1.0598818771408738,-0.7220385303980972,-0.7252141191602715,-1.257900757025023,-0.06391218251005037,0.6211261289351755,0.3606156859422264,1.4101672941908172,0.19130422231656669,0.6548621253239681,-0.5839408838681671,-1.1496883334460064,-0.34702451977301596,0.13816759014313576,-0.6724933120896874,1.1709845250447914,0.8304329221616007,-0.5910094800571267,1.2302003157526633,2.0358271536094477,1.0288388466919984,0.24043247514703145,-0.3555644643266871,-0.1447007332458905,-0.469470808063619,1.3029561039614124,-0.7747414074032897,-0.16477482910291755,-0.6817348672821367,-1.12244957991968,-0.9029775104769808,1.427849027879016,-0.016256578564100566,0.2254181509010754,-0.35893811229415035,-0.0828070834924908,-0.283845366693945,0.498766100175954,0.8660055214157472,-0.4307194630655064,-0.48556208194598005,-1.34328429009027,0.7189774601929498,1.3040785345751207,-1.5571099832807604,-0.9453656690427883,0.23332582369153812,0.16558863222121561,0.05836062986007711,0.5628234511567272,-0.41549440985580155,0.13515835203336163,-0.4145521310917828,-0.5849637024552659,1.0314179088302935,-0.6834289688925226,-0.4208009588656795,0.509107749393,2.250572211108995,1.4790405534064741,2.5237752030836154,-0.5249034490387586,-1.1155444219818764,0.36053853866903784,1.086151842108262,0.19413728125788487,-0.014647645673740254,-1.2390572391397139,-0.09991825436742541,0.9771482853463833,0.8761704120540754,0.8685785024281828,1.3964562507280573,-0.29471691587681215,-0.9806032886816205,0.3985923365836806
3.100316380696095,1.0,1.0,0.5494430144418997,1.1547773768656395,0.11331315449816198,1.1071931090516793,1.8675625539936527,-1.483330939728749,-1.962620059755554,-2.453569857835385,-1.1607498929143694,-0.9299356123056972,0.365130730945647,-0.38572422070461154,0.25438097668201476,1.5640725467440517,0.7717966686607902,-0.4389775283024122,-1.7714089818900582,-0.8315219149281378,-1.45642702088429,-0.9179622110910515,-0.5807090072268415,1.9968506876370675,0.19004583970315025,0.1836197608995504,-1.1467676595460454,0.4969690092632394,0.21896897948481167,-0.22212740908414774,-1.5400499158610923,-0.21091748531674703,-0.9860510469696575,0.029075889343644024,-2.795379802071222,0.901536793341317,-1.0729710520358657,-1.5883586596813148,-0.7347186993045339,0.22630561057540005,0.3821788429798664,0.711984179333102,0.5147716259549052,-0.08396540243644351,0.5852893702636036,-2.1556546200376068,-1.3394149989164954,-0.7995264195782865,-0.3009613330485997,-0.2680466301678506,-1.4300058887723255,-0.4537545320203358,-1.0253039663817392,-0.5404171627479282,0.19921252354955946,0.5366166243963754,0.5395567034150632,0.23077029685099512,-0.03118497320311607,-1.1403810445243978,-0.4978902087610367,0.1731766980161577,-1.610291905294651,-1.458631692506903,0.8123144362925467,0.8711126040221447,-0.7089144790811474,0.10744676536500926,1.1603999959051965,0.0496832042023998,1.4245843985091822,0.9569158922311154,1.4633343019093066,0.8298584388046678,-0.29374391447743875,1.2892916967748476,1.625004406039563,-0.9111617368379176,0.5986895114496232,-1.1219552196953229,0.07435722895643637,0.3578096200216068,0.5368424128124486,-0.1609477920748507,-1.6535081301704893,0.07640699365650694,0.05828459865917479,0.3325215650031263,-0.571042801298955,0.6622220325693111,0.13385052509980158,-0.5171000961672074,0.0286947758629012,0.4394098621918427,0.8344935076671556,0.991700511378216,2.7791108493633216,-0.08157823159949287,-0.1841007862471325,1.0119185830595285,-0.49664589957423744,-0.5966326893641664
2.487416705833319,2.0,1.0,-0.6935994425369209,-0.19457680693910212,-1.539811823248046,-0.39310337307253734,-2.1448850829206005,-1.9250909614058622,-0.7197558807230279,-0.2457667352013747,0.37252775171761876,-0.5184002923355745,-0.17791122678008678,1.2296222697664545,0.5714274564812233,-0.5806487128277122,-0.08971438553090866,0.7080952550070062,1.3205063773214794,0.9203698611328526,0.45343963003078935,0.15032946460470706,-0.7310305143206837,-0.7085002516619916,0.24238415686769937,0.3905550770978686,-0.6965808012425379,1.4198384522004381,-0.9375539492695413,0.5999957408202419,0.4853827375058794,0.7996271471736115,-0.5108850630860442,-0.2843827741340055,-0.8426804932600007,-1.007254743474388,-0.49704865297105116,2.788877569057033,1.3280758756672921,0.3538900105916031,0.5390657448705448,0.30322681098402093,-0.44643359708505354,-0.7004477992476814,2.047341434617961,0.08157553596909595,-0.28664629228447713,-0.7751926679638167,0.1236322378885858,1.1095907008850614,0.41625335993193163,-0.2839505234499936,0.8343785730887467,0.8935308498880614,-0.1297855870442272,-1.0035255538991912,-0.24086110790574827,0.2937468718365011,-0.2791700068260027,0.25335465963564263,-0.6865541960046301,-0.26287757259385647,0.33223881822076023,-0.24863990927854204,0.598068211383128,-0.5518060410643912,-0.8362615820694268,0.47559707522183714,-0.4383810871860857,-1.3457276887097533,0.42679840170449856,0.06599899769980802,0.4741112205816277,0.3739573809870299,2.1601646443247753,1.1256052524431244,-0.3371618158757177,-1.2102018943196535,-0.18948526064333737,0.6751096720883751,-1.6209756684201224,0.8789022636538882,0.42490152419863575,-0.6671713048698094,-0.8400298567344858,-1.6550205506304998,-0.6562650274332327,-0.5349487558689624,0.24315935698566962,1.08311947960876,1.2782373212197113,0.09125264541254285,-1.4285374135808526,-0.7004758351189132,-1.2065938766103623,-0.9812712010378077,0.3843009663157052,0.6835175207150398,0.4968274365433937,0.8372771630535889,-0.3870411379712646,-0.49423934261839164
1.5059079364298849,1.0,1.0,-0.3699193311848207,1.3549889538487299,1.0711449157300246,0.31459594161171456,-0.13945170614994323,-0.844119132439267,1.2919700662140257,-0.21961067630730202,0.31695858494138646,0.6218871233395813,0.7045201549258784,0.5592499788949359,1.2762851377054418,-0.06797690658576516,0.49738329290808325,-0.6543837651655751,-1.5746020597390387,-1.0435004435617659,-0.5710037056418282,2.336076038766153,2.1882468014103793,1.2152873785855485,2.0067266909207406,0.8624206989262428,-0.7599706858051656,0.8963520071847202,0.7426105104888532,-0.3025186919453432,-0.6079279535660205,0.1438916610717869,0.4895125350525407,0.522940587825854,0.7345663324531161,-0.2722388175310823,-0.3448046936914756,-1.1798822882403228,-0.13101704130892083,1.3358571072592118,0.189519406992473,1.6166668187310365,-0.8479465564233896,-0.9219198381939133,0.7502685503272705,0.6986040346522226,0.04477598428792676,-0.3421007618275634,-0.7207537723557371,0.1863081064184416,-0.7061856265677237,-0.5780202373238337,-0.15808294004461473,0.9290310299611924,-0.1590797292120263,1.8107789621281123,1.8297728040676298,1.299267334873695,0.17872089992614693,1.7370703477732203,0.7454012545923023,-0.17544447652752143,-0.8314818179243766,0.5237676027805854,-0.2500713545723872,1.4940748026651363,1.0674408699023639,-1.1049395606686354,0.8739939259532415,0.1168594441755387,-1.4801588057198023,-1.3540486382770918,0.08302440550279289,-1.100689705418926,1.1209877183304964,-1.8028403879363948,-0.3286186993924525,0.18735971248078614,-0.5369168308740492,-0.9696659764250609,0.08546244181284435,0.26394003236065927,-2.3011719901414405,-3.641585263498852,-1.061026632686843,-0.1305249929290936,0.3050783182131886,0.5890650907742256,-1.0118812974145752,-0.31435224401963036,0.6478405805152021,0.7002845050309944,0.6782563763086398,0.36994938519730247,-0.4099236408796189,-0.14886859534847247,-0.30042020764960786,0.060528970764173406,-0.31421266956214966,0.05528304691952593,0.6038011784267179,1.5481140055918026
6.673393754701114,2.0,1.0,-1.3687761472209699,-0.16501294326483607,-0.34614981900130126,-0.024604017803631806,0.8097028395833612,-0.3161655064432037,-1.2492542556186055,-0.7937051299220208,-1.7358157793149438,0.351091256529517,-0.7386722599687167,0.1521011474864224,1.615632072373694,1.6021092252990705,0.5349229179806542,1.0026888077033944,0.7251787411959902,-0.2831646271830479,0.7432404064572156,0.05891867496410769,-0.1422872906490267,0.7807563503023046,-0.2716574016568162,1.4274601332050996,1.509913162382504,-1.4443579810634335,-1.5954417735096404,-1.4797140179181336,-1.6830520986126984,-0.2019054210900984,0.8466461029146292,0.14792534828312576,-0.9053621662277418,-0.658839514789952,1.750303411398228,-0.053219996589302314,-2.0023532245724938,-0.5408331094794019,-0.910147947103576,0.5791317854356739,0.37614773187659367,1.5463647256514248,1.141392159442963,0.45991879741327535,-0.3667272676004554,0.9773467851447175,0.8485592314524165,0.04258665866763278,0.14280610617269685,0.09110131891455023,-0.07031688755945299,0.6196084763770184,-0.7704741757681347,0.28838229554311856,2.4697684099912847,-1.8622043824319168,0.20013359870834446,-0.9377120813240131,-1.9012575573040316,0.4950470179783901,-0.8569478444579046,-1.10927796356119,1.0219088669217555,0.9522295648322014,-0.13399347133274553,0.43246476679237167,-0.5487476898396448,-1.7723604793996297,-0.12090897506296061,-1.2509171696751311,0.7004696016023537,-0.8023606042856086,-0.6942504390873478,-0.20303258294371404,0.3311543626961283,-0.20098589276746534,1.1962126893718383,1.7088766929451025,0.008730239503460635,-0.792292958987781,1.2286938440149018,-0.11333184366599264,0.010319634623534898,0.5252230934256756,0.7991851901806253,0.6513227444342906,-1.1828126039291702,1.0140638426687505,-1.1679463324349102,1.0172539938753555,0.3800813501757632,-0.4803906490720994,-1.2784334247499989,-1.394777872902857,0.004913721109203628,0.018360435785044992,2.3573263603030252,-0.9985402702544834,-0.0028672478664298895,-1.593140365052656
-7.096328562441523,1.0,1.0,-0.945437477710018,-4.263214562656654,-1.8502995282793124,-1.034888972961808,-0.3564552919646338,-0.7021821743985327,0.08324498673688385,-1.9668822922492797,-0.5697143930213202,-1.5434836308280673,-0.8639659476260325,-1.4740148142227756,-0.784718850129466,-1.142899383187646,-1.9405354663921113,0.5743616598752691,2.0944348176854666,0.5013819003630222,0.43740486492013486,1.054259023578588,-1.3607186887423406,0.016527330248154226,-0.08205985538495043,1.828636958661592,1.5331312776007646,0.2424298618376773,-0.2999481837251913,0.9570116031593617,-0.40077453073706376,-1.1799089033536971,-0.9313570553536522,2.2171913703471517,0.7092662349168118,1.2753751526550832,-0.14611454753428987,1.9634770055842716,1.5207851908610146,0.5849171645086565,1.3400040146918408,0.9109486331457517,-0.20881075163801138,0.10291541144745306,0.6888266907501176,-0.6940047445097647,-1.0537201524157822,-0.6027284502207038,-0.9183661224451631,0.13100318680974254,1.4100465850203983,1.0101494715594799,-1.293929813033864,1.201536158679637,-0.06373145662569485,0.5574857681841592,-0.43108368542595593,-1.852610520836616,-1.321189210064682,-1.0671342797212622,0.03301192211635362,-0.4655472803809457,-0.2206224923273006,0.662409137063506,1.6224821735244621,1.033065016100681,0.27926265229373903,-0.8293386947690756,0.6959212979956215,1.1787690830700621,-0.15842822898170017,-0.30188813415946913,0.5748282713043245,0.415800457078006,0.4660369893041788,0.3587285117198695,0.4377595944723213,-1.9389954337863584,-0.16093434201216894,-1.1351721226639704,0.2602846219726196,0.6657264905577993,-1.4711496159413884,-0.15180223889758715,0.7696410851790854,-1.3105337191010906,0.04260451361973572,-1.1215188861639724,1.2467427905513817,-0.7009172033089626,-0.6889240747437884,0.4774672837295882,-2.019467025607831,-2.1379322502210085,0.1409908499792899,1.4693055687530867,1.2240659606720516,0.3282335422708549,0.5130403513950719,-0.08221391324102842,-2.3452789413808914,-1.5563789045989782
-1.5163803101515825,1.0,1.0,0.1494411835642993,0.29728794234810085,-1.2316722405090534,0.07855778548477549,1.3824546410968002,0.054898801447493505,0.2642991575436871,-1.8007388603601382,-1.6837113432895565,0.700373574313248,-1.3139315908874394,-0.5333120106107304,-0.5720542338543058,-0.07277366312704928,-1.7457031263022826,0.5319926882673087,0.20317027228403606,1.1471964811229796,0.5061769516705782,-0.18266843931492432,0.35033599412251354,0.016928537095239143,-0.0720324692597935,-0.4551905385303302,-1.0152859726500494,-1.1686896941254565,-0.9826085802671388,-1.3001300929742463,0.4009513930421603,-1.2005448342068878,0.5272173908829841,0.26110877877747624,1.5211964650892815,2.505735994271778,1.4710813325783898,0.7597742601109811,0.46281608536134405,-0.24399805986109438,0.42847234213314006,1.9156740981202507,-0.7683192421418874,0.2695488283494354,-2.4305328439336575,-2.1210206469347397,0.16656481007762136,0.41340020879334083,0.5201520942631637,-0.4352564946571049,-1.3868795200348716,0.6963237800590256,-1.4840201004139697,-0.9818242786268488,-0.3648066641160871,0.9857858876423023,1.3458340640942161,-0.6962655672124645,0.4535248873075796,1.5512281942579345,0.3780441003652948,-0.01326952816792884,-2.2228199690596515,-2.7157325781710577,-1.1194903018607854,-0.5788267817884873,0.6599400508997726,-0.22802625707043803,-0.18361588624887717,-0.8457266611205944,-1.1378736977171253,0.14907108755663778,-0.12863654546307027,-0.4377083728163371,1.7510245857943179,1.976791188177552,0.5181632865577823,-0.8204423736409955,0.3884940453412712,-1.3314324177503833,0.17601980072048717,1.4139881861633445,0.02371896081060003,-0.1247727501177057,-1.9857474389340244,-0.3853317311002367,0.6067864560219657,-0.28332553376545266,-0.16553417850108884,1.973286667642383,0.40399101479390154,-0.2605883802817877,-1.025140071312586,-0.13017891697259965,-0.5438140011917698,0.5333970953241334,-0.8774683735273913,-0.07198510501449772,-0.19780948406094961,1.274171445543258,0.05770326351153865,0.39322030140384234
-4.996682617600729,1.0,1.0,-1.6082580162011517,-1.8951204313102812,-2.328136135960627,-1.437913348524807,-2.4662460626854226,0.9411123938849127,0.11815742724384698,-0.7024786232811104,-0.4449928853842689,-0.555614948134871,0.6985927887617489,1.2843796373455678,1.4340789514096164,-0.6371321105491008,-0.7493006348939832,0.8346990408701567,-0.6717268806733134,-0.7467639381319434,-1.2505296476436591,0.61854428408268,0.9678283369339459,0.07415384067735425,-0.5913017949876217,0.018561252168708436,-0.5494493881825694,-0.351330595095628,-0.04390790847763208,-1.435139758584322,-0.5154982822401879,-1.9409892359739642,0.06654893392213991,2.3553373685860572,-0.03989344038207343,-0.9502191553487025,-0.4918398464252426,0.7006747840423171,0.7954298538209865,0.6572553205625404,1.3551366680766879,-0.5329787372586681,1.2746339859822922,1.4995725713837402,1.8882951582247522,1.4494466024174846,1.4084133015193274,0.46868124380495574,1.1168916386239949,1.4161158558899407,2.4325383685062256,0.15205448777585073,0.4592546011627351,0.04689834825379449,-1.552034456726573,-1.804628517129443,-1.6269964561830557,0.9885478280323552,1.876680313731043,1.8723776425089156,0.019812802000345964,0.7577066183674422,1.0494355260018615,1.4237265844203266,-0.4747093706910238,-0.5661223761036942,0.3259170290104743,1.601474387529569,0.3129001728225712,1.8248392343151256,-0.2492554919380673,0.2043903196296618,0.36831490585218396,0.22199644890633033,2.2770224752712673,1.7971885407093853,-0.2548104239325899,1.0046439757709205,-0.7906884266476925,0.25777861623093656,-2.0950168609734408,-1.393919870150048,1.2723140295031898,0.8058967369760044,1.6257416121766486,1.2325175806469104,0.8146177484461423,0.04191586262186607,0.3188440786497252,0.05065937646243218,-0.19333397994219495,-0.37458152215153395,0.43767589807714496,-0.6559515068759865,-0.301428251877487,-0.289585525944966,0.8558489417246465,0.8117505421892592,-0.1175367472262453,0.5979058609583896,0.5703634005690056,-1.0796648460100475
1.403762163047263,1.0,1.0,0.17577600441754063,-1.1129424487660757,0.621238633437798,1.7316406885058249,-0.3644381910602902,-2.0883590252040434,-0.7628689363978901,-1.1295290771800923,-0.8080694609766368,0.1613300334147274,0.7686604489448587,0.6839399147336638,0.7181611630180681,0.8399457181104638,0.5932982300436223,0.3997603574696178,0.10108068379802025,-1.0312378668187494,0.15261116799710417,0.9031629479093815,-1.70781610100375,-0.13266862931179035,0.50448843278362,-0.5123115724123971,-1.330412210165551,-0.054677025035291094,0.6595735053553075,-0.5173207486437157,-1.6624073026150905,-1.4612143310977608,-0.25104313411241264,0.29883861666192185,0.9677199916307917,-0.6656184870117564,-1.0443184107829746,1.308557809081176,0.2848897879003915,-0.369247924623053,0.12140946713885514,0.9631939534109342,-0.18321669254309564,0.9782876739030317,1.1167039251805102,1.3880655985974164,-0.2431865290416113,0.31821689454600754,-0.6801647038581059,0.1785283892340872,1.9945770390615323,0.4710715477623471,-0.3563043516547415,-0.11449220113044684,-0.9482055675139154,-1.8445814789626014,-1.4037844267332864,2.250097666240493,5.032914832618282,3.282646538247474,1.174045425837426,-0.5777716784592459,-1.0713421512246033,-1.081258919188723,-0.8271384343370743,0.32046195287905144,2.1207747635596355,-0.17495147128958863,0.5190213225480707,0.8884510564905903,0.3911898138365101,-0.5113038568407845,-1.0343006605104208,-0.5971647107797734,0.6662073921770983,-0.7588631709425393,-1.6787237911112125,1.3375096092619225,1.657731452158965,0.42785614430738095,-0.12762971488314265,0.05021315059022022,-0.40841532673134556,0.9269254177688484,0.4908089746329545,1.0035426175867421,-0.6803686530696708,-1.2120485856160474,0.8577273900119153,1.488634582282871,-0.8529122792990071,-0.8407292004400033,0.45286289924581274,0.5977789236979747,-0.25236268166050313,-2.0155463753988654,-0.7419496438295059,0.448566878288852,0.13406346296581828,-0.2179681032360321,0.0035447305959475234,1.0777815559971213
3.4839431817159534,1.0,1.0,-0.07086057368372123,0.07449925422297929,0.5365808671184749,1.645474611277284,-0.37498102717347404,-1.16314756620508,-0.42689095702613844,-0.08214247927548926,2.0717696888830983,2.6550754982727938,-0.4622619784297205,-0.3148398109129846,0.7417572980811302,0.9177199826553482,0.5152617474171154,0.5684071357570019,-0.23843181919459475,-0.6809223352341419,-1.8250601174676637,-0.36411294067168215,-0.5648971089243133,-1.2083896871891822,-0.7119428346905334,0.7287880335083509,-0.10598494461382052,-1.194496373264141,0.11348685412436382,0.8517103717069274,-0.7186710746032365,0.09569281332805757,1.6521312675433928,1.926957428786581,1.5917910022679815,1.409584084361346,0.47078519934117663,-0.5432906583707492,-0.12761023428634338,-0.5214693090101983,0.6019428586065482,0.27712013946771474,-0.919822300941619,-0.9578854746814633,1.1122108808294076,0.19700985335889137,0.5616693839185404,0.28684797489706026,-0.22676430266030362,0.6650041049530283,0.17564821449130757,-0.235369961708528,0.25759973426776295,1.8837476836150338,1.4466993730928572,0.6412961434257076,-0.7166792075633508,-0.6100107094655091,0.150838216546251,0.7003881357030967,0.6262634570554761,0.06575762314050018,-0.5730933249988774,0.6851916310074473,0.7059090912713445,-0.4796564026687998,-0.2471914656714234,-1.0223702095191252,-0.7876137082713275,-1.221615726658074,0.9423399359648112,1.1589704894661155,-0.19458792187816534,-0.17114933103304258,0.6870196919777986,-2.486394322463018,-0.006934802949307817,0.21779835246508056,-0.41072503940233235,-1.146825162368795,-1.5562202619963719,-0.6709854317502926,-0.3918049785412994,1.3372588457346422,-1.1638632466260126,-1.9274059756005677,0.34013656222690214,1.3971113274828741,0.8033985377755994,-0.3111281555720249,1.1676362303518628,1.3343787216364407,-0.10908166936932745,-1.7836618227601249,-1.7446851693325307,-1.0848883273353953,-0.4864461521811959,1.5366815143291137,0.025241115689934257,-1.1992795725620171,0.03961599418435424,0.10579810513539539
-3.3876956433199665,1.0,1.0,-0.23849621061826062,-0.586709770082778,-1.6131055925644984,-1.3237965401675935,-0.8376792276260145,-1.1023506113720096,-1.2393346417401125,0.08481620967562553,0.26881126661114707,-0.7486313372495843,0.07866706758689958,0.9164576029314357,-1.0909632709972537,-0.5025580640949501,0.04933467221777402,-0.8885386522760715,-1.177753662042162,-1.3703281892639474,-0.35994726976701275,0.8281600538159105,0.22818219034513415,1.4504628502391077,0.6855205220353967,-0.3477214853354351,-0.4840582590601612,-0.5617679876937419,-0.482710278358605,-1.0902931935673381,0.3081011929624098,1.6324681137949697,-1.9139999092010969,0.02043661569875821,-0.2137068912356753,0.8530268495255015,-0.2440448138703063,-0.46460354142426497,-0.6985815871215512,-1.031845568742733,-1.1627135262130175,0.8488745159904073,1.2617477732691087,1.0502614496979974,0.01589286264593809,-0.4304886479571169,-0.7826382698831085,-2.212031686625283,-0.0564039985800886,-0.48768601522646987,1.1095247863075368,0.9382653072336641,-0.006513126640372867,-0.2064862900434444,1.3787153114421302,-0.0529668663814723,-0.0204344885972526,1.9445650955532061,0.969120932844663,1.0866299293791115,-0.4636312000913655,-1.5553990754395661,0.276030886819714,1.311295760119561,1.2377537334956596,0.1829385244899957,-0.314044429327758,-1.312542204639027,1.035215886574412,1.0871374856768212,1.3295361212926151,0.7729380504793641,0.3469071129352532,-0.14598350893998077,-0.2381756496308043,-1.0777009748338355,-1.062854626892452,0.19840075173366378,-0.8251355116832877,0.05545244824937534,0.8559023498870213,1.3548369565848042,-0.3735964014334261,0.5873581818203502,0.6563493362399144,-0.020499014233179125,0.34903436407088406,1.1924354189403523,0.23571788115425646,1.3388096419385325,0.9914106564261548,1.1654329670224244,-2.507773020624292,0.6308913734195605,2.3709130225587405,0.8198908601057999,0.4460016831786656,0.01702033505808568,1.8561106089020392,1.9790827714004209,1.7730628274613365,3.0200733735033216
0.3067582319373527,1.0,1.0,0.6679105983855088,0.07895212221402623,0.5032712703764615,0.4281456479390181,0.06609824482227876,0.5587486609771707,0.7349681146442241,1.7643615657541476,0.06197030299148043,1.3467221428843372,0.054517081287319864,-0.38701699332407113,-0.562734820584668,-1.208294414449738,-0.38159522438646337,1.08194965614191,0.8253671798868758,-1.0514132983088897,-0.9796974628074697,-0.4070566517287679,1.0936633664588282,1.3412118035539828,0.901157206989079,-0.4600336693898561,0.14681938407883668,-1.2603920528479713,0.22094536410355736,-0.294818069926798,0.7580153937128137,0.5256028797130559,-0.07994267917754079,0.7569786574269871,-0.8058352661008064,-0.02050263834112659,-1.1542994024790825,0.2953832266639154,0.05410841609447989,-1.508624698394898,0.15989528088827187,-0.8728571294019638,2.216569272983028,2.3209291736178694,1.4418698133530015,-0.39759432064475864,-0.000545440865730773,0.6174462239017958,0.6943117532057892,-2.081930829586128,-0.5935241515982383,-0.3859525775879876,0.39699352709687596,0.3959063520060305,1.1825785598101461,-0.28340077290334004,-0.9146014877933345,0.7303949716547498,0.6500936692037325,0.08843248622728342,-0.4134627781686781,0.8585736392678359,2.0189252928560317,1.2143746855632755,-1.7552772963277397,0.1415518872289142,-0.15870975546776026,-0.5451007892662035,-1.2588266107425405,-0.015375129564791756,-0.4359929130795035,0.5928728818371763,1.1634083594701796,0.14525112723530764,-0.10762942486900037,0.35266340189354595,1.2025939718684322,0.5173615882851861,1.1989252979219998,1.2601522619895236,-0.15406891941076029,0.2445391459213223,-0.44018170691218517,0.4224663866023647,-2.139889782308722,0.3757043309927499,-0.4547518806508802,1.6947220097227544,1.27695947049425,0.19879281933710885,-1.475452152945988,-1.4143184190859137,-0.20393862885433242,-0.5013866102908986,-0.5423351804381509,0.5641221211461416,-0.6804918580125066,-1.372630478413512,-0.8455469406333416,0.5012625102309559,-0.3646031193393204,0.7159932054764286
1.332776597905875,2.0,1.0,0.37358481381356473,-0.7368609521510193,-1.5082594060900194,-0.7610441382493804,-0.039368130754968866,-1.299179332053679,2.048033584161549,-1.4310895961010632,-2.067528166496263,-1.3335547276887145,0.3380795247737387,1.080842147974181,0.23023181233548007,0.7666155123763749,-0.8616304461792019,0.40906599078263406,-0.6235439088390454,0.4652453949589733,-1.5530436119812485,-1.1407595249014801,-0.5700709065960419,1.0612212919587611,0.561968799247138,0.32719306291469713,-0.36677063535671967,1.2133617003839576,1.8693845499837816,1.5621581995985485,0.8540342846366806,1.0148293169782918,-0.01014671018007707,-0.15525582815994765,-0.28656443735398196,-0.15579472355711388,0.0667100306078086,0.7201568852942993,1.7684823398353302,0.6387499054719205,0.9921027976220305,0.29021716038075074,1.0166199631225181,1.4236883691090512,-0.15066557611916298,0.02942711358607876,0.9523741640462603,-0.3475500861058367,-0.28674442006123846,0.20045967952435134,1.7648138246290932,1.4361701840539585,2.06403246134961,0.8506951751779248,0.20192894542914422,0.8379819047535643,1.5522685080164025,-0.08302492633310557,-0.08911235195115264,-2.154167297058888,-1.6393380509436901,-0.47629058696530924,1.4475764963528595,0.27081016508535993,0.7676479832606729,0.9115871738016996,1.5841113893017078,0.983094562025099,-1.1404793273402798,1.4086828659112716,-0.6443830032869968,-1.4923458024846579,0.11199047487460081,-1.3975003858028396,0.18279007711928996,-0.49934924314680235,0.287414300204572,-0.6034677626393553,0.6183508105628351,-0.27729125154176837,0.29224624493420437,0.34135098938948727,1.5395708704637856,1.092018831979554,-0.10660343961530383,-0.4057587550349284,0.46879257636497174,-0.9208584860255629,-0.5353400517744915,-1.403370014081647,-0.3896350757567331,0.6373917921023382,-0.49961101817310083,0.595584003579705,0.3084754620535358,0.12539770466345282,0.3626001358390148,0.6583751060627862,-0.4020246149081704,0.10437211372415245,-0.2546846457620558,-0.7327867610670968
0.8608694112896201,1.0,1.0,0.7777864635775805,-0.519884197718551,0.16738907791823304,-0.21618724364372652,0.8534314423608956,-1.4036908700557118,-0.5255577847737072,-0.2749628762921169,-0.1906799699617365,-0.5541774990838955,-1.1947002887288534,-1.064642883299041,-1.9568856295806,-2.3089963024141054,-2.557772075254862,0.8555948156058196,1.4349677197571669,-0.3944924147163116,-1.5455812162792215,0.05187353271087303,-0.12076619346016397,-3.0559522378524244,-1.2988065200309455,-1.8785706188533902,-0.3858962775311304,1.2282272668497511,-1.5698973020820988,-0.0292235392119774,-1.2178742643022114,-2.6423635844529185,0.9684284028883922,-0.5203967614011388,-1.2194431424130006,-0.1804493357572649,-1.9363727170089904,-0.3645821732426528,-1.139618847874176,-0.14340048185508003,-0.21754724243373458,1.4306119432932995,0.046859300535905694,0.10843921675974783,-0.4742544277996864,-1.6561713421729485,0.5002968029606985,0.9478892414953868,-0.42270027110399266,0.20455445234150277,1.1431923343509043,0.007005023257014464,1.4541313201246633,0.25586239024257973,1.1899518192958678,0.572274569439187,1.3671912723819941,0.852467442815537,0.6573692623651091,1.4174059609107241,1.2683548999491574,1.3672063542424926,0.6620948076012609,0.7947649133404142,1.010767883836542,-0.6779244695083577,-0.6000014661930925,0.26477398165257693,0.7829278135669238,-0.454294023952434,0.5685088148808808,0.6140385664525914,0.2801206998090245,0.7411413833536571,0.5829189517478252,1.687953091199045,-0.5719775070682815,-0.7662241009426825,0.9903054222919414,-0.9307385755958014,0.35082938120735785,-0.024410762603525538,0.8202291457888465,0.27371381147051793,1.3422787034022823,0.9735450963181794,1.4013776324924088,-1.108915188025756,-0.34439295370463713,0.27701950970246325,1.9113661307794885,-0.24597870854622716,-0.5541084461074488,-1.521625010846992,-0.8489427322557258,-0.6462051423435399,-0.047284835898970035,-0.694575893838356,-0.9047520057087741,-0.5622816665335686,0.3319705686539059,0.5674523416290362
-1.8889199493001976,2.0,1.0,-1.099037003992156,0.1584303624922192,1.4045896586720727,1.222794710482762,0.7671815774392776,-0.47329358113744174,-0.2647322996059117,0.40518283331546523,0.7340009147746462,-1.5398304164182517,1.0276666787636248,0.6498471873289777,0.1529775296451796,-0.7149376525656184,-0.3579555525507767,0.15547736161689468,-1.0685711987553157,-0.6358971728781019,-2.6717266227908034,-0.5596412760840935,-0.2576774430414643,-0.9650509799073316,-0.26650045377478304,0.5735905864951707,-1.6033821396020032,0.6475718926957403,1.112807122635855,-0.3343224453426847,-0.37617349388344157,0.9773485771379771,-1.105104395137975,-1.6462183440900073,-1.9998339951588793,-1.7111871969227037,-1.3933409992997645,0.2797695186703234,0.01708840519417515,1.4674980195498866,0.8476020417314865,2.3806690515770206,-2.0782460665616505,-1.951651134895287,-1.4952074862568148,-1.0702554492649616,-0.3925382216432586,0.47314666076004724,0.5816993789324507,0.10692695946365863,0.8228855660393598,0.38448482037443676,-1.936599112283471,-2.0683709869841906,-0.33883883294820283,-0.18649935018434027,1.5781991013696353,1.3685586547805115,-1.132489369784499,0.16095471320029753,-1.126449872287534,-1.5424679176587677,-1.2594697121028848,0.6159215800456578,0.851812422975291,0.6704327065045932,0.7937233132336468,-0.11000344977780442,-0.4493615017952355,0.08944156702622869,-0.04089194452926684,0.4709758482189715,-0.32380672991219284,0.041166578855722114,-2.357885793036422,0.2572622720736265,-1.6909056171904178,1.900808334515521,0.5613667355343311,0.512907519885429,-0.18471252738556296,-0.8455446837604315,-0.4783651150988197,-0.8052162835839671,-0.18353484630981035,-0.0239270638159043,0.45826574505809464,-0.3275901737145491,-0.08613374190359135,0.35927443645797447,0.12492625877940466,-0.005994462664893882,0.47548181575940496,0.6074199413587194,-0.3743096352496681,0.5061471666528277,0.5942485934771825,0.9004754477193151,0.43744829271100016,0.2970282406395761,0.622489965605614,0.004425253929262768
4.0061455352302895,1.0,1.0,-0.7396395545587781,0.36736491724385534,0.9583154368260418,3.021101407572391,1.5580492583396381,2.1405405206314896,1.5784850881165484,0.5952708019690068,0.1746569936487119,0.43611667933292586,0.5200524407305566,0.6696170309616728,1.9714394588807216,-0.3173473929433819,-0.9402028460624847,0.7871376245991896,1.5497076705286894,0.3094126690385833,-0.6811299732061231,1.3701490916459016,-0.12641590974031708,0.4090767722317996,-0.7165165457557138,-0.7342318952999451,0.2240795825462708,0.014350856088304357,-0.3442772456488313,0.24419857452896995,0.46841755306213295,-0.784150426118198,0.3548151461845561,-0.575108322658646,0.7524241466757029,-0.6698708870902615,-0.45119752120177525,-0.19764370671883577,-0.7838610730015014,0.7545587843291018,0.7145024077889124,-0.2208504222784975,0.7338589694099331,0.11593354245920695,2.504536732427789,0.12272322663510071,-0.5764313078718151,-0.3287096737373555,0.08106776517274888,-1.3327465886867371,-1.1192198114332945,-0.003668126993145726,-0.2729302705604134,2.858537057783252,0.08662548337104203,-0.7375603752358166,0.16922089094161613,-0.9509522284021609,-0.591753523361311,-0.9421174622666565,-1.5908740504682242,-0.29402360223225854,-0.962088429879343,0.7162346226138652,-0.381853360429323,-0.7974796018703222,-1.4912497557170565,-1.1931988639734994,0.37290497568240144,-0.04646403900704671,1.4473210401408818,-0.2789423594860203,-1.0415840454265484,0.18459616874442997,-0.038160379297193944,-0.7965870266363267,-0.8265910200604043,1.7645582923324692,0.5269036383449937,2.212963343406507,0.43426781399751824,0.7204025498191232,-0.3895902137031951,-0.8164166134052298,0.17910527801891063,1.5910817386390081,1.6520471576832496,0.6563910843702758,-0.2461146063841695,-1.0689817773459438,-0.3010381745887136,0.18319751690335398,0.30580589623179777,-0.47814095601104045,-2.297585368521286,-1.757016588384042,0.5682093658580516,-1.6694328987648983,0.2540948846071377,0.7302051887290741,1.1654222547909545,0.7494425610148865
2.7199579755451593,1.0,1.0,0.09809329034270808,0.15828333880477952,1.0039240267287044,0.7876674086123809,-0.3975924416551689,1.6717585796186725,1.1060006341725106,1.618600606143406,0.5874329745564417,0.0816478395497533,0.5019313494302351,2.6704392198654787,0.3446641129288208,-0.36188970751788985,-0.8322917015490163,1.0148599774143867,0.5014750655497867,0.80851472147849,-0.8640261072085083,-0.10892988112174484,-0.291378338987525,-1.4941789959207463,-0.89787375512086,-0.8162044653808543,-0.46599279106466285,-0.34699261065232573,-0.7709607026995993,-1.4024079841385548,-0.5039796181114611,-0.08154843548406908,0.06995300562197514,-0.762849664869069,-0.6645647330093096,-0.3780673683922864,2.2849216649697595,0.0584564154370932,0.08077035553153301,-0.4956075695747007,-1.092760257061137,-1.189911450365298,0.8672760014874209,0.2358608610360367,-0.7632924398107678,-2.107868923149344,-2.015802260098166,0.2260847062976673,0.27432622419420283,1.9194745831735605,0.8206175358690481,1.0183369948550383,-0.24592048502231878,0.15459122032788972,-0.2894925111146477,-1.7099200273205555,-0.32269583615710856,-1.3861059725117513,-0.8821234564676315,-0.48463325438714017,0.35952879941787874,-0.26018999774269536,-1.3472546110630257,-1.3982885947164418,-0.6416102198662157,0.16811456044811735,0.30018384915684904,1.0241286385018815,0.11061286574998225,0.015271305682358845,1.0792739649078291,1.3583899703179516,1.9104370288166546,0.26188353033120015,-0.7896047632898571,-0.884990912326534,0.2989330887557723,1.322587748199121,0.5619410366265672,-0.6212775917999869,-1.9287411429518713,-1.8556819653092185,-0.4373697992139188,-1.5489171175560124,-1.534482434464229,-1.177297629759025,-0.283886601247459,-0.4760936521306606,-0.23971725541897346,0.28520132901005746,-0.07580064474330384,-0.5366057028490213,0.5578448321142797,-0.458275906299905,-1.0947082404938975,-0.0856593165319735,0.7268918848602288,-0.6607891472685359,-0.0958329198072341,0.6292633700791725,0.9773851417306297,0.38831875660058873
-2.164601389836652,2.0,1.0,-0.05827747680503463,0.012533482787676964,0.15545348556341188,0.46825860284316884,-0.0498507203921531,1.3238914829215391,1.681157559904567,1.1856579886443126,-1.157112883355496,0.28109361854238,0.37973787682158566,-0.006604398225488084,-0.6558254034990026,0.17180593388283977,-0.36872763538893766,-0.5651238919911277,-0.20463036450283872,-0.24412774334270798,0.7650734928831654,0.40874204917067636,-0.8188003544243253,-2.221570857081121,-0.40760373734587235,-1.4253255745597373,-0.1796157697730893,0.1669712439101691,0.06969354557724008,-0.8091295710852754,-1.5872046165907776,-0.6450412475867778,0.8230158989010946,-0.8284907794370023,0.2405828378809458,-0.44653670334201734,-0.19342657944393626,-1.698279180013649,0.13384227119713898,0.449586205289053,0.6972772439525607,0.11458274139597044,-1.9011337415813803,0.005340049463010921,-0.2917050098575024,-2.728717655583262,-2.0785470868203157,-1.18744256315297,-1.0595179184519428,1.2665341568919335,-0.1884649956689355,0.3964038315396229,-1.5334605270101427,-2.523031055980062,-1.5093195372436792,0.1799714905883466,-0.8138730080994283,-0.6832147915252748,0.7799692244446074,0.5198796884111337,-0.7600893812738512,-0.9503494344876816,0.9770235527429982,0.4013862629558136,-0.5856074980910415,0.13819073378825356,-0.9674872568191982,0.4114389468850457,-0.07872103046635465,1.0481315504454223,0.5534855752133881,2.0159666947826738,-0.4094896880482678,0.1639169273342803,1.65669293969132,-0.3440846086665137,1.8791366269298846,0.39294216670725346,-1.3294086214033745,-1.5670892477491922,-0.4054691056415176,-1.2828727057483893,-0.12838418302158364,0.10333137267106507,0.36111203502294553,0.24631141298902748,0.057630037163515335,0.6768584911763352,-0.11691000046265232,0.5412063296909572,-0.9028151523149529,1.2629099515894295,1.383737269870817,-0.3043231784258058,0.27265599600650303,0.9978551574183527,0.6765584598794077,-0.4815307666590778,0.2928464957014312,1.6498029377296013,1.726007688597671,1.0003660313506755
-1.7272102152650068,2.0,1.0,0.13313004903573633,-0.6559248669001497,-0.6989321619399742,1.072927378961546,2.6063391674174228,0.618404804043325,0.44766783046261427,-0.38739652573068645,1.6904448905868097,1.1798326858578139,-1.9009255882920761,-0.909563037187784,-3.0398519919550813,-0.8996305220539746,1.1151892044501874,-0.03190277278314804,-2.0988542500538867,0.6792699517145762,0.2304251027074481,0.9394621170520799,1.2166539942000405,-0.8715273371179999,-1.3911993680419434,-1.4935174705670025,-1.801282387008531,-1.3169242461210215,-2.2904411240302003,-0.5285364534986676,-0.7569604867716879,-0.25082050941526857,0.26963821005822836,0.05665165873280667,0.8731762009640391,0.9229605480780516,1.0788317226958977,-1.63471433435443,1.2170342414946052,0.9317343135048777,-0.11915025734506307,0.2649973593553797,-0.4976944347187366,-0.33938341310719944,-0.1455833342460198,0.08909763114765808,-0.30303059865335785,-0.3209203168783018,0.3317346569038383,0.13130972767314256,-0.9908660914575685,1.1917124514185902,0.307935238551893,-0.9588168644937067,-1.2600236653532089,0.3541616293772506,0.9333715551575024,1.29370825963511,-0.8129375052848581,-0.0971647836140872,-0.6541504831336612,-0.6384985354381785,1.7051103116129538,-0.2699206588586818,0.5129406000473226,0.31218981977399474,-0.6954590226470256,-0.2638994924696346,-0.6040022931663824,-0.17860898598903172,-0.7196299445247224,0.2528047567449486,-2.1258122400338118,-0.7486358421213197,0.2673972036250562,-0.012397496041861772,-0.4554922525633097,-0.1650686527460564,0.39227211964052844,1.094542099662138,0.4467312192329541,0.5269119500268102,1.1533557553226461,2.210755558364229,1.0302948690909055,-0.1419375686919478,0.8240981422694229,0.08592814371082329,0.6399674527183862,0.15140796785084062,0.12748784032556193,1.4499925216460618,-0.014534282222572357,-0.838349152061116,-1.132502143508556,-0.314096539934167,-0.05678013766239849,-0.21362123579993353,-0.8478588502354223,1.6915357920806158,0.23352956013287546,-0.5961791137354318
5.967374586004121,1.0,1.0,0.03555729779946924,1.8959728774949431,1.940195197820442,-0.14259685316782378,-0.5893072941622495,0.25567378929701357,-1.4936540199079789,-1.0491128006496788,0.4057108716306246,0.28337740195026434,-0.8107665380104816,-1.6111442102945852,0.6385106843102382,-0.25077944122980883,-0.1372854094723136,0.5263820778479025,2.6172733333030265,1.3157822558442218,1.5145591287284939,0.8145271049834281,-0.4944569943906145,-1.884181746020677,-1.9801720500778068,-1.361536264175384,-1.0696483506885497,-0.6283248046122706,1.15702335279909,1.3130974981670005,0.7868526593248055,0.030124063719765004,1.0633464627023437,2.1727974637572145,1.8688389167382908,1.1168279504021714,1.1325422214140866,1.7342953279715418,1.633931369477446,0.4737786826431083,0.7650386310260214,0.2651278404047952,-0.6081562306389275,-0.620462028514882,-0.8306716492105701,-0.6690123298675188,1.321880266740828,0.49542549452659745,1.6964330754868544,-0.21859816080533634,0.479671719308113,1.179331814877313,-0.5446519420945364,0.93535772145144,2.1755050680614736,0.5975365826469687,-0.4900073534428274,0.8900263084024124,0.820151651997316,0.8974192841002699,0.6290961506077755,0.8140578172753694,2.2890212064574276,1.7110314584864734,-0.8777037385748333,-0.26289106760608083,-0.41946422456290194,-0.7072789838023098,-0.1657314851065663,-0.7172147380134031,1.6288637101276584,0.8920465777612063,-0.7898446821731505,0.764200380427729,0.05983544345580555,-0.33460728654934263,-1.198165741497621,-1.700814947213521,-1.794645227520724,-1.5401218904125165,-0.5991747688355418,-0.9000171911346918,-0.9654309924583345,1.1528248414899376,0.36380016334112586,-0.303456810585561,-0.7875043432835467,-0.4779681431745038,-0.9094296754049307,-0.19635673828378164,0.29269245649583425,-1.179896133778519,0.5395128770697767,2.264742621014239,2.7641720423447045,1.8825564722443509,1.520227130163974,0.26172996633652357,1.1973506183981677,0.3323776939826602,0.5499382142777515,0.32504899256469466
2.24042812639134,2.0,1.0,-0.3325967098876742,-0.3930030091894627,-0.9100826502713024,-1.7950351157364008,-0.5916227133692286,0.5873107990933045,-0.4394399683686978,-1.3458723716325829,-0.8157532167234601,0.9238187602485203,-0.4165355871102383,-1.1732925661435512,-0.2453616846273949,0.5721500576725863,0.9306410327784959,0.02735434859135364,1.5796991877166093,0.26406602573623533,-0.4173626954402068,-0.3705773104202178,0.47177101575307256,0.8491664956803486,1.9243090240007859,-0.5329918962069096,0.002017713815609612,0.4908435296321771,2.078578324677305,0.6084878738080937,-0.21780762550922506,-0.8624613335869399,-1.053679694333578,0.9351010747625106,-0.039063060019096374,1.14867515795939,1.070069374881072,0.41637498892203934,0.9597449666778093,1.3078494088491233,1.616507613554949,-0.20326578353712432,-1.9512805222309353,0.549862767871909,0.3593669524697185,0.53646834926411,0.1393176454514516,0.6278162418143273,0.8750089195657775,-0.8615034087873918,-0.6008571087100787,-0.5784065275306718,0.6857029817516508,1.971556539741501,-0.5313300981797036,-0.14036042771192558,0.9867335508299515,1.1746852426500154,0.8211433725652295,1.2320349979745395,-0.4769039260286563,0.8014821268414233,-0.804978573513008,-0.8396687945149466,-0.17572037142816227,-0.4647798658327141,0.07616179717012561,0.5606063578717863,-0.14100036008764988,-0.2586530992455658,1.078146651019989,-0.2886290119895756,-0.49865641790074644,-1.336153759577597,0.03104825392292143,-1.7042582549894465,0.4311354110579987,-0.6486055846708495,-1.0651646123104785,-0.3722117052233569,-0.9019528314462002,-0.012765391941025495,1.0685873258016494,1.2315439545410278,1.536445352404314,0.766226809286186,0.6845284264876599,-0.4376693195062159,-0.21903430830813925,0.32801522251976867,0.37889045106265695,-1.3014461060817144,-0.7484342859313564,-0.49664861172127117,-0.46472200654351375,-0.15104874780374242,-0.7837652542638955,0.24656151961523737,0.5597479619248209,1.3262039186440833,0.30075535468778675,-0.5863671115646795
-2.995386400703703,2.0,1.0,-0.5332994823566578,-0.30741720799805305,0.6412355126118893,0.2843641266290437,-1.4814221156302456,0.05231378600533374,-0.21341727226778312,-1.5070705852028696,1.424735055814161,0.699897162660997,-0.9115155282567264,0.4046006853241934,-0.17069212471892495,0.16352750413181383,0.40317524940773025,-0.500638935108114,-1.4577515614592513,1.325500340029949,1.7429147590957172,-0.11546853079458141,-0.9003499024585896,0.1392602669040699,0.8481929139278924,-0.11050901421655729,0.26018902226928087,-0.3678333977455497,-0.5212081998571644,-0.188670395382597,0.24326033953443998,1.139324804481725,0.07568830894360411,-0.2893032731307005,-0.21040117489069066,-0.7552845794763259,-1.580601235831535,-0.21234198356651987,-0.1101225580941781,0.016252471191369446,0.21222274318081513,1.6880122709431131,-1.2701655676511252,-0.6056230280738834,-1.0775428193881285,-0.25492155610894285,2.026468833962976,-1.092477476629861,0.18100991390166066,-0.8816090117366424,0.9651558327382372,-1.2410144354623491,0.06401094794397257,-0.1167189180501876,-1.4038500125209434,0.550804218673963,-0.5507906379912849,-1.6297434862965976,-0.7813084400637416,-0.7671630295982936,-0.36378226278113884,0.024779711344791816,-0.2265116794994503,1.7611107970069289,0.773074922910136,-0.5764664634042336,-0.2748229116074316,0.9668601726159642,0.5294703437946184,0.49078412590915893,-0.3615888417795011,0.1650874089140418,0.008099983327154104,-0.6489257496347476,-0.40126665048991605,-1.4859762717256635,-2.3154078693116737,-0.3270325543887794,0.105850584375459,0.8876122151124386,0.14864057810573994,1.2081502674558668,0.8486251957864437,-1.8836960903586377,0.014345172298083742,1.164502047352379,0.5388315981468155,1.1903479471670828,1.192942896390395,1.257325639215476,0.8759667294437998,0.17583453277541433,0.9585710611921928,0.3696008152432993,0.21077114052928703,0.6036070311079723,-0.0994801560205126,-0.4068836802012785,-0.5131156311164323,1.9344667781436737,0.1726301535645126,-0.10628600641792282
-1.281655299264251,1.0,1.0,-0.044405189309566793,-1.038292277913346,-0.5356337693080884,-0.5142578964522657,0.24152213328785166,0.03503178691372773,-0.9423836050529623,-0.015476787027242145,-0.024923258874015253,-0.1401474089355064,3.3165933915698655,1.7898998473689636,1.0908274199783836,-1.8523191348755856,-0.9951548771530588,-0.4398157386070304,-0.9221866571358599,-0.5227423719795283,-0.4667143897386225,-1.5102599462465074,-1.8260228955732987,-0.6629195132368908,1.0970718545108105,-0.9220802635605256,-0.22441148607122538,-0.293834616401472,-0.46951632866162885,-1.3670770452107888,-0.3860254208437873,-0.7701217268293536,-0.8962322068185554,0.6983320638404104,0.8521204199793468,0.31968016943080185,-0.6819318764043261,-0.5383999475788772,-0.5016768251489521,0.7698232277002243,0.05657605305704605,1.0944087428527622,0.129157731243816,0.4808863578140077,0.6138282985360576,1.2684017181276364,0.7551632496681984,-0.912161532695555,-0.9983907082733874,-1.677550879611847,-0.4281920595695498,-1.972114743605156,-1.9404532466181614,-1.146723430220002,1.24643742523359,0.9027505970538581,-0.21188244487766394,-0.47121932699952995,-0.08170987662644658,1.647048627122249,1.0822313583923293,0.33601656801091884,-1.0468074009598936,-0.5178099956596997,0.09076637169308943,-0.377462775903949,-0.03606886781035952,-0.6452483580582571,-0.8137416962870571,0.2741754403602816,1.3228325595535224,0.013216231577003246,-0.11602731468372965,-0.5074832224217409,-0.563529021106655,0.5761081601824557,0.06431295807508208,-0.5604983969199938,0.5543281019574665,-1.084616077554699,0.07140167323049296,-1.5562032966445583,-0.18476309295844223,0.6660676976754467,-0.49215018204541305,0.3745458145650975,1.7430041344834408,-0.4571729536650493,0.35642009112403195,1.00308392584484,-0.5130766293378455,-0.3850886100127967,-2.6430227307695855,0.28470437074527033,1.3254064383716482,1.1733545305895734,0.8005913274005996,0.28513994046500307,-0.30164961329164325,0.16296775183160905,2.38307563740039,0.9549669047023936
1.5876741169142568,1.0,1.0,-0.844597985279975,-0.39219073599757637,0.12552556191720493,0.48487490873142775,-1.1152403845166368,-2.0542770432265365,-0.4880822495540893,-0.8083060714466758,-0.07720320344570011,-1.1497884021766285,0.9114029410534961,0.6555285588120082,0.9533746022790867,-0.8965554628667992,0.736760927853783,0.6600474854223168,0.5845680250076188,0.498610533360999,-1.2238708227937816,-0.7298896318251407,-1.4410446831189194,-1.0757527885411338,0.47874172183628017,-0.9231762545145755,-0.19293513830704656,-0.19868215131230932,0.5450467230327387,0.4949075475189791,-0.12985735882683008,0.21694315553664936,-1.1977752938985937,-1.7740187885180225,1.5452284514011216,0.4505288509460359,-0.8311823227507864,1.1983086980289341,-0.20052036216008373,-0.13603056190892643,0.2518808950419828,0.7438823075863543,1.8929251773449522,2.58863502776447,1.2117971041956759,-0.06307181126131406,0.4112531321188141,2.9031053991283478,-0.7036528710444454,-0.870442828653091,-1.490907582584734,-0.23651734088234178,0.6962548730772761,0.10113573184605981,0.8520440395548933,-0.63388755618913,-1.2074091003617977,-0.9439447915124051,0.10037849302511348,0.5039410273775551,-0.32248352608375047,-1.0025404703331677,-1.0459664222932334,-0.5872279519088288,-0.12548921131269025,1.1823267766160317,0.05464834505092114,-0.09745528344030573,1.4470339559200027,-0.05394875659821985,-0.806801660835404,-0.683730022834505,-0.7791221131593984,-0.997611625499519,-1.218640823526694,-1.644211127061074,0.19810017076691155,1.0694737350878425,1.8285259720635552,-0.939783886075788,0.3302674850353244,2.1688031645783377,0.7887119176856787,1.286547888837028,0.7798861570046012,-0.8204528106611864,1.1699085276715613,0.4465849374486765,1.0449700998610958,-0.3114122891379394,-1.1418818322049897,-0.0428871275778292,-0.7208120679782634,-0.17738248939691242,-0.892211782309433,0.3043916816752992,1.0674989139477604,0.6834579302103994,0.8088106824241403,0.4106566588587027,1.2022840724594768,0.3780435275128732
-2.1000444337120405,1.0,1.0,-0.6468715209779355,-0.8500499250550972,-0.05885463490790532,-0.8528135815842435,-1.3505044989894506,-0.9033583067810639,1.1490948376278365,1.226375629159028,2.3459705154239665,1.8745194617389773,0.2836525702948944,1.0101290085541943,-0.39434734272728167,-0.27049376329315994,0.6213387333388154,0.1678585952466693,0.31709110048426903,-1.2446889484036696,0.8806489601440164,1.9178608178352357,-2.439108848882653,-0.5941453898015359,-0.7819364230799205,-0.1840809390684624,1.016205667905114,0.3255801611569779,0.5284008780743231,0.01480917811485924,0.2790141470688281,0.9683886910553483,-0.6658289003338589,0.8446769005076993,-0.9706189801405882,0.7128284826861478,0.7932933708815278,-1.0758707243810846,-0.6274364631295452,-0.4617605434767532,0.26651011860002605,-0.6767661190138711,-1.081318186282417,-0.5795938615608791,0.7417033238033471,0.7320484593781076,-1.2999352871999448,0.09687920082121236,0.2825624904342209,-0.5352136338079853,-2.3599396576839635,-1.3145299372972208,0.7780381964937696,1.4093816201597815,1.9321953470996007,-0.059113359477785066,0.4969078649777019,0.053027077817576804,0.5520255306232015,-0.4471872761024666,-0.06781811123388737,0.3801772508534539,-0.3320148012534669,-0.054390159772948754,0.3327802496917581,0.22887868172962436,-0.716086529818303,0.4735713385760292,-0.15693816897957844,0.13856183959973897,1.0926645802815886,-0.10426851207245197,-0.14506909444491783,0.11470741454468228,0.13584969902244914,0.32682566322631257,0.302973946180666,1.744816031993247,0.6470593059514218,-0.5426030466715304,-0.29671240041433183,1.7394340991837007,0.29172730083287546,0.48347752911859015,1.3396480386235228,1.6499011337608387,-0.4004595059269933,0.48080293585135053,1.4922618661459615,-0.104777110877041,-0.40460812606436813,0.2045891291727524,1.0207039640097924,0.5130153428028604,-0.04686270833364742,-0.320585106063955,-0.6624564416402261,-0.6260174001014721,-1.4363470617093512,-2.5806111652836132,-1.63390600834966,0.12449357920760429
-3.776052180541025,2.0,1.0,1.1343981307474347,-0.3715241179172147,0.5251777542895202,0.3118917550218743,2.0063044389310147,0.5106214647182332,0.15676715332999738,-0.7516320952066862,-1.6038294176791248,-1.861740839001265,0.6753924108364238,-0.21223659815372997,0.6311879443880514,2.0939715586680845,1.1141002665157638,-0.026603878957840228,0.046230489806663964,0.418285365148949,-0.5859042639495589,-0.02930218056908837,-0.35004242510986555,0.004773574180220841,1.6093671331228474,0.7159011888486361,0.26477399340588514,-0.45418393051156475,-1.0164248048964688,-1.2796142512365858,-2.2039851072579175,-1.176261528423575,-0.4201647184262888,0.6971653902749264,1.4456125480554702,1.011980359091251,-0.8773778804839335,-0.4959694076337189,-0.6579888628354239,-0.24789712237875375,-1.1069310665653924,-0.8459235457534551,-0.7945476267870673,0.27364579164792496,-1.2147479227208384,-2.1661187981493413,0.9763058855942992,-0.64532532854975,-0.3805080039012394,-1.2085504937228013,0.31407314926580776,1.0326033818624523,-0.6512450433936575,-0.11168291999418198,0.7356439563810337,1.803699425242518,1.0512563190583122,-0.42022259732501477,0.5525429747338899,0.6551638356989182,1.9775907050319792,0.393183134337998,-2.4356960953011093,-0.6895133016512616,-0.48550641328900146,0.056546624373737864,-0.14413241635111,0.39904955257954555,0.7486181386211375,0.03328010978686441,-0.7499507821476987,0.4656137445607936,-0.616931592163286,1.2117780431731522,1.1513449299456004,-0.28551749276771615,-0.19772463833118467,-0.31587940653325336,1.3045848117120578,1.5527294295245635,1.976451286184283,1.7622347149181836,0.2913561312119666,0.5469541333233885,0.5802203198322353,-1.4897172481694478,-1.1116031998784668,-1.0551095593052853,-1.7407296375843306,-0.8413599530786067,-0.6358375199887283,-1.000238779970303,-0.6050244616065791,0.04692975399894442,0.23679374704236952,-0.34646022928880416,-1.549380126383647,0.17211003476406098,0.216217564770586,-0.12214570654064005,-0.7061447454244741,-0.03471058563787735
-1.5783630161081463,2.0,1.0,-1.9885830842220493,-1.168338844377855,0.0018939844288459184,1.3116901093909212,1.3654513280336769,-1.0854512165252495,-0.8722663758473481,-1.0914025061248243,-1.652137161557879,-0.9329039814061375,0.7879294024019207,0.13165188147694376,-0.020754282223672746,0.6138239481062786,-0.3006488531382244,0.17027147301722892,-0.17466516304368457,0.27103535023041536,-1.2082068347797352,-0.5784919527812817,-1.4217102048693848,-0.16257107093674966,0.534784329763952,0.6576650762984982,1.757457889691178,-0.860888517069301,-0.0934128686444462,0.8185089285564764,-1.1838996815718175,0.24380819519565655,-0.4420388862338249,0.24112328592458715,-0.3088565788290587,-1.272280295297793,-0.1803407224466944,-0.9689550281297363,-0.9568998072539048,1.6410275601171476,-0.19811226177857033,0.46124633044794267,1.1893401694508106,-1.8478380667107188,0.2042220604969599,0.27606374282858154,0.7269010232070476,0.28095623837366646,-0.9233030176461436,-0.6076593990725562,0.2934776194552008,2.0030547728347186,0.7252616248539712,-0.7353267417578238,-2.1138053499287004,-0.7834348846563383,-0.16138136443006992,-0.5716598991994871,-0.4315823741295486,0.23545291349005287,-1.001038859070934,-2.065062952880428,2.2154746814769584,0.12513608746183058,-0.2717463380952569,0.666883292207241,-0.3529478562739904,-0.1323283308368898,0.5481047530921798,-1.0986178700915195,-0.4088826532326626,-0.8657135776311697,0.362400371481657,0.8490860342888514,1.438465559621764,-0.23141761862474142,0.0023587965597913763,-0.081096731503927,0.2155613224296255,0.48661387519951027,1.1093911676039618,1.3586350153890336,-0.5426109964502357,0.15373027900153746,-0.340550313707921,-0.15082390287039155,-1.540420750908167,-0.0976896867412891,-0.6007321488994235,-2.0064402517692406,-0.49386011098377636,0.337531223900319,-1.001204083950878,-0.5928824502721186,0.5886734310486442,-0.6352953601692274,1.4937772427938674,-0.4835949675848984,-0.44204253340205857,1.5942325834323472,-0.9486286977906111,-0.42714549103515165
-2.2224653940150416,2.0,1.0,0.5189026247429304,0.34061971919770406,0.271729942664928,-0.8967203356509822,0.3899347705277559,-1.8079549020824182,0.20245940160748355,-0.5498462781619127,0.5478110037205446,-0.4098920601102981,1.028340537953951,1.4081499501719243,0.024794741046934132,0.555213315366276,0.8613686898278838,0.8649069661851192,0.21998638149775213,0.547687403876818,1.9789786930776543,0.06290451918619255,-0.9356421666750228,1.0843559179646047,0.6560731100402378,-0.14720479898539818,0.1444057931285944,-0.5770793134737194,-0.17054663715534274,-1.2234360115489205,-0.7426995012802176,-0.44071946592417516,1.1542458014925367,-0.24512378398887663,-0.2336425352170517,0.6371097496011394,-0.16615619926376057,0.33162925699743107,-0.6924559420038009,-1.334000938875279,-0.7200500906761524,0.15716891916923037,-0.6692214922949683,1.0065541767390676,-0.254689797640023,-1.1758077163981993,-0.10276678782375936,-1.2115195214823242,-0.011582083069212212,0.8828063135695615,0.4841329413602945,0.7192510945866675,0.05906505502851798,0.11575038486112715,0.31537348642758106,-0.07057176618202751,-0.5259061129842864,0.5490669903140992,-0.22732568510881393,-0.051021146095009726,-0.8599760209626012,-1.3341436857511346,-0.10507282077022917,-0.43205065844474494,-0.09526883523165805,-2.072529132477135,-0.5418056987357815,0.793645290497279,1.2398491491521573,0.3897750540890455,-0.44564429004240697,-0.19374815875873683,-0.09387763431346571,0.6834585338253225,0.981067580645598,0.6839338217461135,1.9582556964377247,0.8235692457128565,0.67319037710791,0.41635308571850044,1.8685406187078717,1.3792457096156294,-0.6392490242841644,0.9003170061485871,1.4276681912590257,0.4999759583729231,0.7055639735593664,-0.9489679104391354,0.515483787242351,-1.7267594867357703,-0.6904124969793617,-0.6108102764104253,0.9602057320047634,0.8372938455315967,-1.3265138403794938,-0.6951526380458337,-0.9307353796150126,0.1339112881957339,-1.3656851051288714,-1.8384663504124832,0.039773116228755345,0.2087534088296278
3.9106001745089634,1.0,1.0,0.19860571184424566,1.6774434593284033,1.022870963496134,1.6505742512489547,0.08165072147159014,-0.29658108236046477,0.6483292364481359,2.3440197744489057,1.6021481428790867,0.8415498544944051,1.4764860670054,0.0533992631528426,1.655215048405035,2.3067986187318983,1.5753345426664196,0.4727763813258164,0.520763057580158,-0.4812613840873925,0.5550529883079682,2.1446068918111125,-0.6871271459703465,-1.3167501956593162,0.10827970805336262,-1.1561676055116028,-1.2927835933506415,-0.058818118014891785,1.3650153594702557,0.45837444326899235,-1.7298663325283212,-0.5327415939011904,-1.2770229352915548,1.4445130112461806,0.6805837092496585,1.176405359309057,2.3660033887430822,0.2177184007318196,-1.0058015740953024,-0.39035611266743664,-0.7603714941095833,0.7100315698404298,1.9655808414800358,0.7911967853541151,-0.2547468247481596,-0.6134756577973961,-0.6073385416212596,-1.3893742034082297,-0.04612470326291396,0.38973816038499887,0.15062758252470967,-0.1708461974186626,0.7012082391654774,0.6441660207582827,-0.550390977131968,0.2564350332071763,-0.3586515893806015,1.5591215446000148,0.47454615231068187,0.15905255288102704,1.2099442773720441,1.0424845015489972,-0.26861995247216996,-0.5393113253978249,1.3828544793726818,1.8979149610816608,0.6308236989024288,-0.48058629797091107,1.4408456867396193,0.42011279306481186,1.7292655347843362,0.052089059737330246,-0.45477361115934833,-1.009529933500964,-0.7417508259631312,0.7403348196079185,-0.1168900561977923,1.1200578296287482,-0.3395173716928904,0.27756606199681233,1.2061937147837636,1.492813027746994,-0.6866786590091268,-0.28376489127076887,-0.18098878455570383,1.2231696899759592,0.5189813155562106,0.9186373022983111,-0.6693579880957972,-0.19556179304106552,0.5185479397924972,1.3248651921646286,-0.35023964736967333,-0.6881884675897745,0.7297086446120529,0.4347285101848357,0.3665324562608816,-1.0822527355722744,-0.8531204288333103,0.1595249525617391,0.8418722222069701,0.8479790633355837
-0.15053869551784427,1.0,1.0,-0.8312968455861822,0.8343472572552315,-0.3509892564766392,-0.49792240223159456,0.8249707557918392,-0.2385409039660424,-0.4025577265406951,-0.45190188990961677,1.0564580569894357,1.2421298538070074,-0.16650085054778957,0.8950163867878659,-1.4130707173962487,0.708161263475065,0.1608693998551658,-0.6334323015139234,-0.41006071273988753,0.4971067970918729,-0.6953319453915026,-1.971347724197148,-0.5712321041798623,-1.3552120977384505,-0.33146861383052056,-1.4043221102058496,0.35800161052791935,-0.9853724616786926,-0.05447751324126393,0.4127294986776586,0.2511009131908694,-0.6686902709020508,-2.2566844889802886,-0.48097679462375753,-1.0240989716131443,0.7822304348137312,-0.21539386939520466,0.6097995144436343,1.007985294006767,2.6560199836425933,0.3727004121683086,0.6221809083613736,1.628801412717441,1.605453609605394,1.0481472798849316,-0.7500244083287413,-0.9693370358752011,-1.1055970734084313,-0.43006951656203024,0.011022197306783582,-1.4346558912031977,-0.29266990227960576,1.184928957739714,1.1366956374473973,-0.15315993664670224,0.06435474240238989,0.4805924252393796,-1.2129529576278193,-0.9195859058482125,-1.1972044735615301,0.5208781474057496,-0.6820465849171742,-0.12709703011160223,-0.758060259709192,0.06502797760944418,0.27139366356217054,0.16798016244010217,-0.6991536971433858,-0.9820910812003696,-0.5222004536459951,-2.0931998477830263,-1.6169874519528857,-0.9077426382937618,-1.2879267019144511,-0.30477876120026676,-0.735584215277114,-1.6266068671143958,-1.2473989979042062,-0.4045867493288957,0.38636030673956706,1.1508071297163227,2.2261636230310375,-0.42537154413170797,-1.3280024714710033,-0.42680314899024874,0.7818247330012503,-1.1000376520411819,-0.6891104749429929,0.2783997718959793,1.4110997661072218,1.6000428741584205,0.4102712990796476,0.8525154176337494,0.8614663435050587,3.0917518187323907,2.2708915614028875,-0.9789793313924654,-0.33785074352650657,-0.04431305589160445,0.43113062314879397,0.7138503991352555,0.798953422810293
-2.754535584620287,2.0,1.0,1.5104076648194966,0.8169659372428671,2.8210027114757468,0.24838896127932808,0.10877343919400592,0.5600528284500322,0.6411698858932913,-0.48596814764983864,0.28358990799046035,1.3646280832703108,0.10552120523477056,1.5517432090700998,2.224446444985726,0.39932865344738555,-0.21101976277136675,-0.22058204627434433,0.5830838929562465,1.5528528336965084,-0.7113937510228054,-1.4590892397949515,0.4386743195433521,-0.40343705085407233,1.6997328502954117,-0.263463469473902,0.534306562392332,-0.01019900514128018,0.5763990444976586,-1.2780737363126593,-1.5070860164046938,-0.23987501040462528,2.5240608588370765,1.5730350958450185,1.4248844273386716,-0.24718371115737603,-0.1048367856216572,-0.4968467501486123,-0.9262873093627257,-0.37934611615406866,-1.031341884339477,-0.3435357260858567,0.2772357093638333,-0.09036163699661746,-0.6277260045232461,0.5769611046163736,1.9528880861220013,-0.6479269636058492,0.17442916891496596,-0.6453501383083251,0.8322884115556389,1.6931527289294737,1.4414400569157693,1.7598499523425948,0.07425225880558184,-0.9607746931336756,0.17681522021450297,0.8512048615601991,0.6114441345955577,0.21223102544560968,-0.19924910585407019,0.04680294430304863,0.19999076762707632,0.5596703764219472,0.7365323277736072,2.6182279542320943,1.3637873279623507,0.0382820068381996,0.9484303929990593,-0.14086133634247572,-0.7240141748979585,-0.25328630878385877,-0.8732837462177687,-0.6894766846305733,-0.5265241320608924,-0.08184620110625829,-0.21170141271781245,-0.11483458890983576,1.5333303396020592,1.9767640885668967,0.93613879954258,1.5802929037161972,1.2124005462285432,-0.5057808094952412,0.33670734972674854,1.9928980563719074,1.6513702675099464,0.5009267622565453,-0.4866322431940131,-0.10386808108429307,-0.5291237144591115,1.2328924792107308,-0.8682070727092912,-0.6129031418016883,-0.7226975557498804,-0.38569021273682297,-1.0108914059643002,-1.1869045870016797,-0.7638790191667003,-1.2290228335688487,2.773529326540511,0.2404842447079819
-8.20061642329304,2.0,1.0,-0.2334240463719336,1.6189172434541468,2.3591207697495373,1.2681168387242707,-1.1388508619324675,-0.3134651961561477,-1.2793415180620276,-1.3134988225493878,-1.7451578155165162,-3.3850105605132184,-0.4403183153961415,1.362028162377689,1.394207401067787,1.327374893418619,1.3109912034475342,-1.1672455697119024,-1.4695575346584442,-0.20096408585712427,-0.17630470077804916,-0.4616474450432239,-0.6151748798775547,-0.604201672035414,0.9970484675944625,-1.3312250426141676,-1.515431598442881,-0.2485057221446694,0.8782644374371561,-0.17418442121133454,-0.09562150755801874,0.2852757850798694,1.9282662186276633,0.2514033099324233,0.16834499789265467,2.2444264381284857,0.5365075069269543,1.179963200706366,-1.2333262889764185,0.27104261627501486,0.35412492816804353,0.7139754195635175,0.6219736496203679,0.8065993277881771,0.0014598552901840534,-0.12918046456039506,1.1200623290428187,0.5506986700860219,-1.46596321934992,-0.9939704642828374,-0.4024377718861554,-0.28706600692173134,-0.3298733937307106,-0.5424261549349748,-0.3333558824654765,-1.21367037586044,1.6783702860214436,1.3112545626737309,-0.27164178124837957,-0.1696344944553555,-0.10476959721983736,0.15167300438952114,-0.5236417903203049,-0.635393625173169,0.5747155745857434,0.7666703141295474,2.0951624276369216,-0.028098719720684954,1.0114308556841904,1.1765431490891367,0.6550614678456429,0.24217039738830795,-0.5754930799578445,0.6424117169546799,1.3006385230333661,0.5571617956943651,1.8279430984470961,-0.18044998896740957,0.09876381056110084,-1.1679433892380524,-0.6319563536372348,0.8723262047470204,0.0932767913490124,-1.088363295951113,-0.9942345548959166,-0.7595054695409471,0.19331722243725347,-0.157185571788008,-0.21099439544193604,0.7215910122602046,-0.621532419385758,-0.45065936904469683,-2.0946848429307523,-1.8091924719609667,-1.7399580798971916,0.8597004885122579,0.35072844115733237,-1.004793173715582,-0.7002778642929708,1.4011815503166096,2.352860609395801,1.8865563751723
1.2479480678031565,1.0,1.0,0.007718276501913557,0.7028216159810171,0.4631764726232124,-0.3241257225879105,0.5400608171440286,-0.07129295638269897,-0.361594430022938,-0.8882334675623498,-0.48194820046320286,0.9048241516614919,0.4114786888694211,0.11004037695276714,-0.17857613907878248,-1.4004476164058934,0.6470143877644576,0.40377597109845675,1.9726560027984168,2.386591048038195,2.8033359052824527,0.8918343934332719,-0.1231305074594321,-1.001109405132461,-0.9354962923233234,0.23578490301218435,0.6407350226511448,1.1791858951598206,0.6203159767724082,-0.17290653126923444,-0.062223884140652774,0.4427666810122355,0.8606206666086335,-0.30601198378764105,-0.4523882926632436,-0.12460226798299609,-0.866184933461274,-1.0925831738797354,0.3951093874152011,0.3600653477412171,0.021159319655138897,0.1739755658672702,-0.255680416094993,1.240923458584394,0.27420166883944774,-1.3209414892117506,-0.7451369327045059,-0.7978786018579017,0.19043345435643022,-0.031371293451061044,1.204081151737332,-0.46567505583485014,0.2763074544872583,-0.1164150725372809,-0.07682988407668984,1.7409432005539571,-0.0551845339734135,-1.3831087416985937,0.5366803222733818,0.7740613745042128,0.24096298756294943,-0.08979221787421877,0.4229657217820747,0.19022768612541227,-1.1499149689520836,0.14069247969564447,-0.2985494042505851,0.27953392721903303,0.44353372847013645,-0.22299820011848637,0.16167158894021325,0.9003104509958397,-0.9696494289368317,-0.48016119564167903,-0.344438421427237,-0.6946852183676626,-1.4184966356545043,1.9145586721896442,-0.014673608899257284,-1.174688443455279,0.43674723120859754,-0.15374954263339746,-1.1140954239800194,-0.37411633671411515,1.3322642119179597,0.41723205213075076,0.7000604762163953,-0.3441465597088921,-1.0891313475969344,0.22362637192337403,-0.3755166978809521,0.37332091954783986,-1.2419079948090523,-1.9037427533190359,1.2481494594078228,1.1977481806469736,3.236222255230566,0.5138146934659338,0.16857837941972986,1.1365389410469864,1.5165512999071742,0.14144011061180378
1.1791343889545747,1.0,1.0,0.5635061719728571,0.43767968934677004,-0.5672924035018878,-0.696135344014295,-0.9521739552005802,-0.7771356734573386,1.8569063076388002,1.4395860718910893,-0.19205885506639753,-0.49438602267715603,-0.6545907296004477,-0.8804163550571912,-0.15110434974958942,1.4648297101076908,0.5737260176021756,0.8599542651654265,-0.6007495412068591,-2.315568815175486,-0.06227902657056328,-0.43261587779922245,-0.2896220138809212,-0.5115485265172957,0.8217720548387674,-0.7539076588785883,-0.32321722469015624,1.2351987559822242,0.14549918396297662,-0.39616858508417174,-0.2551420310965409,-0.9813347968862687,0.34599425302738707,-1.0335034280761588,-0.022114208914928102,-0.14512071134054735,0.3585631215851409,-1.2069106494713662,-1.1006584839857254,0.11549661855681892,1.7169431070958523,0.7933331957781299,-0.7562498078602006,-0.32213896361533717,-1.6262150812950906,-1.375537409980748,-0.8634107266079374,0.21564606659518754,0.8403239752460033,-0.31054247481455116,-0.17311734489591532,0.8797735834444099,-0.27073298321647216,0.5005927617277235,1.4774962464359513,1.1234199985096711,2.535900790827799,-0.5395966855786886,-1.2085370134033009,-0.43745074013568636,-1.691174991256306,-0.2855205510026319,-0.1284574672313282,-1.1299791676296278,-0.3598734954625451,0.228274312846182,0.7382127471388159,-1.31122451055599,0.8044470772520643,-0.4655107969802559,-1.3805935602054469,0.0922787335718106,-0.7800083131188625,-0.16123557752157341,-0.6363746983312302,-0.12895663654446637,0.3142318360699825,1.4132736097265455,1.1249287786046906,0.6046008774253526,0.4730728874007191,-0.9374942033284337,-1.2349334614539655,-1.0859470203347041,-0.38340061395631175,0.18760159919438396,-0.5234335085792593,3.359550366602058,1.793507112714937,0.005534205549097115,1.237739162450189,-0.2228822577917935,-0.9609734545457429,-0.6000190074597502,-0.13652083349849148,0.008496308170648996,1.2780585787672545,-0.25491292831761336,0.43445583490442224,-0.44374650542005656,-0.37472136032603065,-0.04943738609745511
-1.0191907612160023,1.0,1.0,-2.08388740082704,-1.4438829318161877,-0.4866237394545118,-0.5961818081305837,0.1654842774722161,-0.026773621824939413,0.7537015699823891,-0.618487988325411,-0.01094545112090306,1.7770493042575288,-0.9394526824331918,1.0492869035791332,1.05976657288158,0.4472019557738029,-1.3490402007251818,1.7124456124736935,0.3287235911838436,0.6146087466276177,1.7126657457486947,1.5938760449975296,-0.054902280572383985,0.41640323582693195,-0.17136999707597775,1.060195552107888,0.2685575076713124,0.2274008389804853,-0.17727701091827391,0.19327643197668287,-0.03721744852642839,1.0176938690732158,1.3867371180989436,0.1034656983570918,0.8987400617408183,-0.16155704513550168,-0.635424688105609,0.8242943287612796,1.5133651010823035,0.0838060873394858,1.162321537396315,0.9546179950294738,-0.5174336659917639,-1.2168760932608589,0.40288727015522424,-0.8867084990845503,1.0995236506536197,0.21743989969285085,-0.05381977226932583,0.7680993847888931,-1.2411571583824785,-0.5995152717439926,1.0988875156277669,-0.08461245388310923,-0.4831333839435987,1.6088927389997987,-0.4376640660122497,-0.06860789112477533,0.5847369299937254,-1.2679671470212137,0.6678399560119943,0.3647786057025264,1.0211569268888525,0.8071938726165597,1.0432588154008602,0.32753000376387487,0.3598643749588937,-0.09865199570958867,0.08516434656425691,1.2427032088062455,-0.0002026299243985119,0.6063867032688527,-0.011236191807971705,-0.17400249769470866,-0.9032755002848631,0.26250319880205236,0.9639145974676566,-1.3856260038768058,-1.1156337130179046,0.5346708202473904,-0.8661888017454014,-0.7112058082380465,-0.5030580529455788,-1.7025613440392267,-0.5613500621892116,-1.0905703842533245,-1.8901865675017595,1.1341539512825471,1.6857917260111677,-1.1207597239886387,-0.6013069884983254,-0.964184614502204,0.37926551456620844,0.37168670474790616,0.28727425231777104,-1.8422914163255468,-0.2875195077473896,-1.9435909475992001,-0.7167221758664715,-2.226260891599617,0.5601395144413504,-0.566585437280889
1.6859266413401,1.0,1.0,0.6247635800370284,-0.4898785400913734,-1.1283395230784894,0.43504693682009565,1.1446756532780442,-0.43689988567061183,-0.037177199114453635,-0.6213775533261319,-1.0878372947924153,0.45044865298769526,-0.47038825615098,-1.9625196914659666,-1.1910583018472725,0.3430424266114892,1.1548669029872989,-0.8800261144416581,1.0910404318971911,-0.8249218558438938,0.562437983091576,0.019269026061541156,-0.6297714537582498,0.09681230762866,-1.5414818886345174,-0.17908726011237713,0.890405470696511,0.4281472821575058,0.21322101641163038,-0.3095333089395351,-0.4684573588413108,1.5436013754712354,-0.24272889088355146,-0.06744956800290411,-1.6544327169339779,-0.06613517539044744,0.6758023199282381,0.5683745023572595,-0.7189956036029038,-0.09421972076265658,-0.34383545923100933,1.002422324177574,0.578574571800303,0.29913467678544375,0.360362770078102,0.2875595205423205,-0.509580924055978,-1.399161963852048,-0.4344317282907939,-0.15550680254684598,0.003726148645057943,1.5697713423549065,-1.5312173621375464,-0.008981857098366519,0.7855316554501837,0.6097930636868237,-0.10821581805046723,-0.6817464302952985,-1.9214177705357602,-1.0093668528280568,-1.1660586893448879,-0.10527884055411468,1.3424777747140204,1.8966265557468542,1.3020558724694926,-0.15304035143582184,-1.395920503701084,-0.9714623045252154,-2.2037206613373432,-0.4014058615399885,0.6474896708899458,0.6126984767821846,2.1285041765418455,-0.7754373281058342,-0.7047617396369895,-1.323193035726303,-0.8899001279635594,-0.015697959174928812,-1.0481524269870146,-0.19863122389634166,-1.0407168940889655,-0.4861237074885755,0.16051776675228166,2.5105710320995875,0.8172425502274274,0.257186025002297,0.7911300536278156,-0.919540752359656,-0.1404693901987444,0.7943656041445533,0.8304691968684614,0.7316139833741591,0.7701550673862395,-0.22544092157997864,1.2227537915998834,-0.037457863792760615,0.2856503543919303,0.2648982104180147,-1.553634881210606,-1.0242051594133614,2.191966614268755,0.5075101628802663
-0.3883767222673334,2.0,1.0,-0.9221922816155421,0.39554596730945274,-0.800459680020311,0.19496711141009848,-0.4904058062196277,0.15069160664257247,-0.2873819370521455,-0.03506710484929382,-1.2359420751157824,-0.5289784476989934,-0.7090225490428047,-1.6662314183893592,0.7245941886589785,1.89458831541862,1.0073637013013077,0.34341380538824257,-2.2001358962903783,-2.0980345702119303,-1.7020910812847192,0.07643976577856348,0.38412904647833396,0.9735247171182865,-0.20872498078963775,0.23309041135360814,0.3505155920170488,-0.12064904948385659,0.3008692728305748,-0.7175508007848999,0.8218787812140349,0.14932237271410523,-1.0871623005810314,-0.6988301717677532,-1.0308521393429673,-2.464014874008707,-0.8864515126800131,0.1379700850607229,2.0648285953854995,1.081117559753724,0.5543953844189137,1.4645705051170068,-0.1302903398009075,0.7467376905557057,0.786770667036212,1.3150611403010606,-1.212922320904982,-1.6549549408724582,-1.6770215558874322,0.06426766547989926,-0.7863788733381029,-1.6905305090854088,-1.8003857051746197,-1.0665772720641402,-0.41406024907527106,0.24985018031079864,0.16382396585119952,0.6180762110594704,0.974437116822407,-0.2709331169698069,-0.7402961940651719,-0.5495445060001634,0.032013713786139514,2.238152944599671,0.5851892187276,0.41738770887982923,1.0949016986431084,1.1080351590041828,1.0376521340598313,-0.07538417613079096,1.5083421659931675,-1.1497872522268957,-0.7373965348780211,2.3906611619657117,1.7194435535756654,1.5709980454033365,0.31734629454874574,-0.6914257183954917,-0.37446177110784945,-0.10250892238479703,0.9760752575071749,0.19051078764248316,1.9668388719734784,0.0826435469367991,-0.6999630996504258,0.25445163516349867,0.4194889876297833,-0.5671050008953445,-1.8387310846111418,-0.6143350668140457,1.8632424030853292,0.6568692061250667,0.1708983378301638,-0.4904192992430069,-0.9482213551228675,0.5685703398822717,0.5866423416734128,-0.8794284658490938,0.26061991840818255,-0.3859627437599097,-0.785767409268231,-0.20214667875267994
-3.370511982706186,2.0,1.0,0.3438115240037679,-0.066430866243184,-1.2297705898590532,-1.1853595681329203,0.40619496967146,0.6910045084676756,0.904801633533495,-0.14944353225251772,0.46746925001165757,-1.4061755724290848,0.10823824017385514,0.9818342422780413,0.41323122723932726,-0.6569835744041382,-0.6399553335366661,1.347412476770268,0.5384719920757375,0.9159917910202127,-0.22375140217484613,0.7183317982104149,0.7705639204210306,1.3815021915470862,1.5253110215892156,0.03221815053832677,-0.6230930409168972,0.6753203741158946,0.2079390022378411,0.026228289023199763,0.8455022756499749,-0.8036163919142209,0.6781424264100754,2.0813609101421404,1.0766330619527003,-0.321706210153544,-0.7890975159700959,1.238819758194575,0.5058761132859398,1.0052170476595026,1.5002701438360015,1.2334374659085752,0.19298653464383814,0.4907233967968848,1.8146932541217167,0.9667609495126809,-0.8526817869603994,-0.7785966898436198,-0.12938090530549343,0.6410453423752553,-0.7638755283970006,-0.20911260209845678,0.8257855401380622,0.3718565167271532,1.07020289975031,1.4210784289295986,0.7891171988148815,0.1964114568993556,1.0887534699131756,-0.009669387079832448,-0.4104300963027674,0.5157023683311098,0.5447285069396798,1.3301025658960515,0.1993259560332179,-1.0205091186247182,-2.018781356475551,-1.5218183573988942,0.829402732578312,-1.6901923720882994,-1.09888653625491,-0.7102479930909575,0.5505825154322287,0.5046579010865697,1.9142742472091823,0.9542895005813609,0.8702412722257818,1.1826887320734845,1.30557959295663,-1.7162585942214672,-0.7310584390271042,0.2443943643340996,1.8916152654495006,1.6998117346860844,-0.8095813612883198,-1.0384009065119164,-1.228830769338719,0.5863617870070497,1.4679965409153244,2.489490128327126,1.2696175065723299,-0.5516221798414612,2.321063517320849,2.9373134130801395,1.5411198499520073,0.12260928190732517,-1.4263467231980687,0.8006238399198471,-0.518807994903691,1.681402071768699,-0.12095104870789719,2.0737762712132453
-2.9870189533349674,1.0,1.0,-0.37383835172463076,-1.2664713578561408,-0.6024781782837576,-1.2824527607381482,-0.7787683872792472,0.27821668046017206,0.1828582955992377,0.6892615146237182,-0.7404377354945988,-0.32756788850452756,-0.6278870001113469,0.5972593051240564,-0.6236787392771913,0.12472690559676564,-0.11083176431939423,-0.3590744297181436,-0.5580240499304074,-1.4382741418981535,-2.287136913347006,-0.532872930400188,2.3278832223637576,1.2381480256604351,0.40277380995904283,-0.1076425918809551,-0.07850964344911211,0.07402456010816628,0.01745884898389663,-0.08716813641051904,0.656180542622288,-1.1899344328486103,0.8992003572776051,1.3000821954554038,1.4347511931302412,-0.020069657767273097,1.1684290489414826,1.6220147995826235,0.6786978066459721,-0.12557436378361103,-0.5662911617185642,-0.21858403991714212,0.015763908803248895,0.8112045307314034,0.21678119733715157,-1.6571096922597115,-0.3042884280784983,1.0742179128619012,2.590895961295126,0.44904576186601386,-0.15262730522396045,1.3402527004183615,-0.010698114360588849,-0.24669019540910989,-0.6193216816535055,0.001060264708243469,-1.1533534340769622,0.06057154303413562,0.37293780311971386,-0.12703942551784617,-0.9615182318172921,-1.02320652133941,0.19898751157935332,-0.14605938536425328,-1.7229292551599864,-1.3185258733550789,-1.4743684896602942,-0.08605356462996656,1.754195367073068,0.8288582630176715,0.6713346496899619,-1.229962919943363,-1.301202172259614,-0.2349939280434335,-0.13538958631162026,1.3144490807574145,1.9057242327105999,-0.44383146608155777,-0.5262473392976137,-1.5792069554641466,-0.35162967596651973,-0.043248705512515015,0.6872799299214156,0.0038964597175429883,-0.7939174225807041,-0.6292220175673453,-0.1365687800790197,0.8162181155324748,0.23382520073530788,-0.3279708523879845,-0.9269215107583046,0.48038762022488873,0.3147612049486184,0.6211651698570839,-0.6392231023192212,0.658586028816012,0.5280975171108486,1.114750402341417,0.8902661610545974,0.5635168892785083,-0.4787901166836572,0.4764792004276923
-3.3066777337745803,2.0,1.0,1.758757868684426,1.4282264877898654,-0.7910789991500898,-0.3924798517879767,0.6215988115614953,-1.3994400588094755,-0.3451044439758754,-1.3581322991254132,-0.137407094761808,-1.0353706061767003,-0.17111163671538338,-2.0803067436555907,-0.4109298906997657,-2.57808490297075,-0.3626961606829824,-0.26410009508273713,-0.8074118761916549,-0.9403770100753855,-2.4881483885503988,-0.7650184446937627,-1.3250564437406493,1.2865491324156864,-0.39014914570546355,0.30577751992679525,-0.5157802469200333,0.4641534232984862,-1.4101095675811774,-1.0564785598630269,-2.091172687324373,-1.5196148959329032,0.36090993499867574,0.9675370132136756,2.787432392323647,-0.7068404816627947,-1.2804983426894645,1.3301981141161932,0.29464548767506815,-0.0034095967743308503,0.2515560753976764,-0.44068778396627606,-0.5853361078759174,0.253726980518394,-0.5825694248167496,0.9699321939596237,1.053897110184743,1.6780527550472777,0.01725521677239583,-0.11187846084157747,-0.5329828742388129,1.1475212874356404,-1.6818385693057947,0.09724546145722945,0.24560838923978234,0.06983104725009198,1.5491041114918043,-1.0594502120031928,0.11233225073462139,0.9021132826019919,-1.1395569251383233,-0.180916145829562,0.16265170028040796,-0.40085138027026357,-0.3378660319978286,0.3350464394500612,1.696165718036553,0.46262298143882735,0.15909884596022314,-0.1294861882629762,0.7882919478108861,-0.8450389999151808,1.7454755414160648,1.2574357425434557,0.599602302534363,-0.4496704091708865,-1.2040505198829083,-0.024566646661348456,0.845998647969771,1.5481202060271024,-0.280941608960699,-1.293043593699307,0.5236250594395698,1.784272953371359,-0.04022211835213496,-0.16252997442552078,-0.18163079451492775,0.9515252769927439,0.9697313299773659,0.9096346862504876,0.6285867577462321,0.09370608057107963,-0.1795155996650469,1.1542527612543731,0.46465687627029334,-0.034731175158962735,1.2131276282431298,0.27603596577329376,0.4771655003789703,0.5865526486061068,1.2155207781255202,1.812851746894704
1.0312726622932786,2.0,1.0,0.1864240361972635,0.08856151549603833,-0.8344363925576342,0.028941393732673903,1.0043357341735022,-0.3132739062058295,-0.07203487180793267,0.4486277286015634,-0.43888614392911574,-1.8750264540832124,0.1724597209792113,-0.1943769914144809,0.3557403102162263,0.4550465056009635,-0.6128157509304042,0.6058845863924933,0.2517425879815527,-1.4381859601984814,0.37733826590306163,1.7019902328145229,0.6833130491646062,1.631987364756834,-1.2194360913233362,-0.6919351159714033,1.2039515956201576,0.4665751600531024,-0.38944216185219926,-0.3047056749431676,0.5628443032618896,0.4663902503861117,0.9117641501620125,0.5709674272075362,1.0949301817323835,-1.5574535156393035,-0.9868926071460922,-1.2397020502232157,-0.6538973065917936,0.19884701366796953,0.8915502451949987,1.0831860273821436,-0.44742844029867873,-0.27284618109364156,0.5737255871130312,0.18035417904479895,-0.16941973250077194,-1.3589998660513418,1.5012322475395024,-0.6689004243933673,-0.3461371071311146,0.8501800355776943,1.5291688438749662,1.2812174725463588,0.6654293491410468,0.21257491816238416,0.882695214539136,-1.685985917989379,-1.5142577382739728,-0.8391207280707849,-0.8415711070186997,-0.8900217011951014,0.6606634417102718,0.8031521099912022,-0.10423617904606908,-1.1400952091947452,-0.35708852584898,-0.7408175244590962,-0.34265473409059666,-1.0705057385582335,-0.362631070535816,-0.48061073220910266,-0.12153479079291253,-0.11003657043455717,0.5097945486224429,1.8455166284957596,0.3743537624793643,0.8905472933185046,2.3795003213445582,2.6565496859496123,0.7756842959272188,0.8092359157183053,-1.5554882857894972,0.04237175088828393,0.1092870691645542,-0.7538802934118816,-0.6414859587783132,0.9550696426314639,-0.9907374835520749,0.7325612656352927,0.47005410323340807,0.26249440814619696,0.19102305332200548,-0.427846016404502,-0.5295954132139917,-0.18416378890538174,0.31053553612092066,0.9987252079349508,0.9169449377819818,-0.8465053844701111,-0.5917899769242349,0.2970830679736601
6.177706212447838,1.0,1.0,0.22171845517337688,-0.19019660652322926,0.4982581337868042,2.186736775724966,0.10435331423092775,-0.14430891126400966,0.20475941247228038,-0.17798722430732622,0.7561491552301353,1.7046272794957402,0.5070031850240878,1.2299578692722277,-0.3447401166384072,-0.8209642543229612,0.10126099448483616,0.1706775330077352,0.04595133720962471,-1.837941166579266,-0.14975757296994818,-0.8417351427909269,0.6106740373112547,0.2567435186788339,-1.1269520424633757,-1.6179376318524166,-0.4034185890570457,-1.589723205054728,-2.234363940250228,-0.20983476037569493,0.3312427028859218,-1.9323586744660337,1.2785392802739615,0.4021132997684018,-0.09963947081145824,-1.1998164937628861,-2.063793344329605,0.4716275401202923,-0.13937888282731406,-0.3528484068936558,0.38500063544683405,0.8649265614766533,-1.7370958160240157,1.0057235021686701,1.5257434294517047,1.6926148501439002,1.8672337419510239,-0.4538940909637406,1.3065984203574064,0.38346901029198,-0.3485376289046379,-1.889411679630741,1.5925033776743835,-0.9161159412212712,-0.7282185587943966,-0.06326168340584834,0.011152780982482256,-0.8160771717432442,-1.6573274228191606,-1.4350467405324787,0.25527239542840474,-0.23520742108836687,0.4784431778495248,-0.8338048106085948,-0.8405520790455229,-0.03752261671601265,-0.9463177387709523,-0.43530900196381267,-0.5632602551089236,-0.4743177935365048,-0.08474310598302737,0.22441881829879906,-1.1426513188982284,-1.0556443063200214,0.4390838764555972,-0.3261086930745552,0.6237938536875535,-1.4482858735775892,-1.1847014658624626,-0.41640598521577077,-0.36690585775703993,0.6818144175478081,0.46968291539672763,0.7145770283146003,1.0676088187175174,0.39024943571513243,-0.9613530077651848,0.5873995622099056,0.10470548222713055,-1.0454308520995697,0.3170450228277581,-0.6606582906795405,0.056981070667797555,0.9306298329543953,0.28207031325930676,1.0184190294924778,1.6638189028087886,0.042229349685720646,0.13706528614051786,-0.12160860037622687,1.6691339221598882,0.5065959813835975
-5.423659936592172,2.0,1.0,1.073604189893671,0.299139680233787,0.9205835347671169,1.6754031579254254,0.681337601556427,1.0484366196246615,1.6949783079700418,1.3788317546130278,-0.6597663348465698,0.6623367747654292,0.4081317704267156,0.19870358753436046,0.05632054850007852,1.524261474985591,0.998693311198234,-1.763711643662661,-0.8158863827295274,-1.4805814678232967,-2.3754531399915484,-0.2584201803368039,0.8528036755823728,0.49161421859065313,0.15097143480349887,0.5915562769581697,0.7806746927687758,-0.15015554973355527,0.8938726188851174,-0.1385090017648069,-0.04592273663864182,0.5495578286741399,-0.20073208218030794,-0.7011954148336714,-1.1180470354876975,-0.06993351138981102,-2.471633214347209,1.036273891007117,-1.0989690186322045,0.5101552634136071,-1.1376534740161366,-1.5193758623055724,1.8961164818212832,0.8286306630067729,0.13988918429945169,-0.9593694395625159,0.10640027649968581,-0.1291350251164885,0.5451012518007728,1.4132537977418316,0.8414205395207964,1.2504240627203944,1.979834260017423,1.5039116364113345,-0.8172556781422562,0.8133439683778704,-0.23356103235914183,-0.5712242534732824,-0.030828483994931072,-0.042875062606019504,-0.5767039261482244,0.615359425811808,0.6133650187273403,-0.1351514805869399,-2.1367122644045384,-1.4800734380528415,0.01092086580476892,1.6877629641459642,-1.62207356506948,-0.6468832240853645,0.5844993090571442,0.042261839623752656,-0.6949165301678661,-1.0248897603380085,-1.7429866227144903,-0.3568262873529069,-2.3913012922882864,0.8458261399036316,-0.3363284225875017,-0.6897918129062262,-0.038060890672688696,0.7089435272569413,1.4493480982863296,2.2043379847780167,1.3918333360516781,1.8333978950963052,0.592604499379034,-0.6344295822255075,-0.2885999792385095,-0.12196985126924154,-0.23026284150562598,-0.15094646675066611,-0.8951895612283525,-1.4528112758034482,-0.00573568938875435,0.8169562245075648,2.0127252879802073,0.30664956304788393,0.0834533005071576,0.9442938426953964,0.19769780756079813,-0.6614703985603817
-1.2750999365881004,1.0,1.0,-0.5515213828955646,-0.9158438227191903,-0.4699120520468165,-1.0342069961322373,0.8254879979990635,-1.2741482143527356,-1.3802986135218918,0.3412385869775658,-1.0902361217692962,-1.583518243617918,-0.26682177787530953,-0.4239137934860616,-0.570919511311039,0.14494982131768241,0.5952950986966934,-0.14091821421240408,-0.9830046914229691,-0.06294883499932491,-0.5366125343117238,-3.2599899368413343,0.5902912060823553,0.6644528202419442,0.17123483322679536,0.20591488977942754,-0.8922877866905126,-1.4980753599027277,-1.6445824066215007,-0.9683309878826111,-1.4047922124907708,0.24874769324656842,1.4967536964571966,-0.2183754200675072,-0.43106296187957516,-1.6611227288443158,0.4309417695351704,-0.44547054262616165,0.47661338095373146,1.8703763298750657,0.6299913690705948,-0.630193772879996,0.8621458578229775,-0.05459986519424803,0.37434318039965586,0.1644345062261803,0.5179703715016845,1.3150048776693437,-0.16605242186528424,0.574541161278193,0.3700790185654527,0.46036146330259237,0.7381746585456693,1.4730035300854492,-0.5014571593556232,-1.3731804289645033,-1.4807537028720454,1.0461847310446384,0.041480591176432546,-0.3607867347750312,2.492055996863901,-0.07487973864031128,1.3813860196817058,-0.5669687175260884,1.633687899208613,0.9216307447505256,0.28101442538650245,1.6362741320621401,1.4086894905462743,0.6584549182072391,1.1213454586982377,1.2152152546236006,-0.0952088504626266,1.8325892259933174,2.081381967867033,0.4344929630999901,1.817133938976487,1.6421447003940297,-1.1983674859923577,-0.4675558008229867,-0.6922518737427754,0.8497728217892313,0.9344056804992308,-0.8049369750181339,1.4572020950197553,0.8615490068772735,0.20607216488712732,2.6081507142323996,2.531744722907062,2.878854222625552,1.002299042036098,-0.5676960338969446,-0.33769555399028567,-0.2270814340596013,0.05397771486583691,-0.011211688362413076,1.509560589449968,0.818245918476953,0.4707934769619913,0.05889112668015867,0.3470828771248036,0.605469276200521
1.3561766569267464,2.0,1.0,0.12270681122022928,-0.8061618594116197,-1.0541942184443556,-0.30809880255410155,0.28662068192703577,0.8265267794558673,-0.05765439285034657,-0.1965253105499828,-0.06340138761241446,-0.474595196998178,-0.7540275596422304,0.09169604632846856,0.31333867828709233,0.4937455618022468,-1.3278591406990852,0.27387324619886394,-1.1594538423059044,-0.30497419206961485,0.19192962409304465,-0.8497023371236957,-0.1916031626619152,-0.3144121695614114,-0.4570700773074823,0.0208513842677453,-0.5732295866484559,-1.1610146798251948,-0.6674890692111148,0.3942940000627523,-0.6628980044941668,0.2653456715634481,0.8356688746516007,1.3548619064518583,0.42261010197873017,-0.2675766008858255,-0.24666203345900453,-0.8604892759744585,-0.2534027427364642,-0.5695438698778514,1.7726781803659286,0.2765401189751324,1.0767078702775068,1.668573848572983,1.7219428326098192,0.9673530820824408,0.7522654270898506,-1.3777113262991565,0.14594793882096446,-0.5954396315963165,-0.12916374261318286,-0.2777744478858806,-0.09050697891313644,0.7227920855824386,-0.061701852114724454,0.45134424150966607,1.5667197819844019,0.4295733977894058,1.0881297584591656,1.3176157580893049,0.21045947515043611,-0.09157236544141534,3.1426627314640494,-0.06761568169362375,0.2256668472415076,1.2369901327976294,3.2855397806616766,-0.2797182650973697,-1.1557784447337047,-1.5816671376303537,-0.8306074466715836,-1.307212341679931,-0.13519622211134066,-0.9494118529019601,-0.5714413455392422,1.961939698594131,0.65124268144843,-0.4302458845967257,-0.5088345285778865,0.630012104182865,-0.822278296579461,0.4921982413097799,0.3510518091934848,0.5580992169854879,0.4939601454378255,-0.4281754066877363,0.12296565059831494,1.4245556802181587,-0.2186849015246104,-0.8607871337985351,-1.4058406372077832,1.4520854004746466,-0.4431446354840154,-0.31839121977059764,0.4006044749568608,-0.1934342791943896,-0.42306232226174506,0.265590550348187,0.08488686582738869,0.7240643353824292,-0.09302309334606662,-0.39937087407989746
-1.829983431049889,2.0,1.0,-0.25548838833938853,0.11918986375847712,0.5615464535407296,-0.12683300718304524,-0.22241984412782362,-1.075095034463967,-0.029503813341859864,1.593271630776701,0.2983071621011373,0.6264617370414445,0.5804428923796169,-0.5100025983775922,-0.058177639896935446,0.3273271318456201,1.1622801906732818,1.2571760835936314,0.583723583555474,1.067248569050694,-1.0128493746487235,-1.1423509584163456,0.4939746882317773,-0.9172967946161477,-0.3806234858239272,0.5742019912093628,0.5282993606544055,0.26380460509633824,0.14873826892225087,1.0767066543101522,2.1571519470813816,0.047150234871725316,-0.28824559679426487,-0.6712133565967122,-0.8833676828227208,-0.03116310153398727,-1.0331792457486269,-0.7387693927362656,-0.7290506581880898,-1.2172358818245672,-1.7782931923967682,0.05166896875277649,-0.2510666705276196,0.22765939383960826,0.3959893060695423,-0.2762166820656913,-1.3037782053133198,-0.05067646857262992,0.22144366531181678,1.4349028940304267,1.3396986538063,0.379527142081436,1.7602639448016137,0.35433280382914245,-0.505659762072056,0.08276973951599978,0.02857731388254986,-0.18734091209417036,-0.8446357676286974,0.030909720882996095,1.9732311621157914,1.5895935425015697,-0.8220511392690338,-0.14278606491805043,1.5554032998239238,2.1778085770697206,0.6510089682248908,-0.314695587687618,0.25496887142628344,1.4387716184036505,0.3242988566126339,0.42415895991410923,1.5116460212577654,1.2192650633644624,0.1599734616485496,0.5720934972883296,0.31459619388505433,-1.4956137534425973,-2.8720382790260595,-0.69327577135548,-0.34279713425976777,-0.9395773134527056,-0.7340390478129555,0.22066585904910163,-0.24754725063704364,1.2543389791752269,0.48300179442581803,-0.2134998972806045,-0.10355296637415295,-0.7378638077917361,-0.5279844914367946,-1.4755507013274056,-0.1869470696234116,0.1672925347451319,1.2037991596149167,-0.8296902476716568,-0.902789183357305,0.23000556603642097,0.396302674165181,-0.3206534009468753,-1.4117239331173712,-0.8819907885716789
3.9933789028056674,2.0,1.0,-0.39356217453972614,-1.156303641897518,-0.8662301249050676,-1.4011967773048302,-1.4931366313756738,1.0648835334969606,-0.15929473171831382,1.2076319285449908,-0.5780512468332198,1.2605389906292008,1.3420676070342945,2.659399787083803,0.4993394241399539,1.7902971328059567,1.4801133720746553,1.4093515177062819,0.04667051340072981,-0.9818831880080665,-0.3242367375711821,0.9217165757762943,-1.3285157596556296,-0.5679170782414915,1.2070563780611892,1.7734328846132148,0.5997333285210598,-0.06255855707988012,0.9647599395469602,-0.6890218805294149,-2.041254738742877,0.2278253330953932,-0.25898386470342,-1.0147220020636178,1.1681707928485277,0.16634781097421286,0.2091029743258461,0.18489448286442148,1.224632919585133,-1.0921797822001802,0.3139371508111049,0.4716146086685372,-0.11983874920644892,0.8322723406883642,-0.21258085423270123,0.48660765409112045,-0.9158874714840243,-1.0761834719173244,-0.10999338166734501,0.9524887950229284,-2.0567732968927706,-0.8074168392725183,-0.2624186829830461,1.271479465319977,0.2968765052464384,1.4401330735020774,0.1571937559382387,1.4933900326709832,1.8767989254897453,-0.0639750770700852,-0.8351168865432959,1.7512752261441564,-1.1263859110010062,-0.9242991640004508,-1.0708520028441257,-0.2767581712753644,-1.2279849332456714,-2.0963733131290243,0.6933818500556465,-1.0678679534812612,-2.3547938374366564,0.7741729961477717,-1.491423714081139,-0.6114061375017137,-0.5508757877808589,-0.9729131248086653,0.6033715708112067,0.08392386661736019,0.22892820987550586,-0.34990200654472686,-0.3827072744013586,-0.666382454299483,-1.3270692581535175,-0.31615131013786896,-0.08382601797575949,0.5134769616161928,0.21463796947595426,0.18134487829012977,-1.1237606516368714,-1.245314306734242,-1.5203328591063063,0.2144452991281085,1.4785626090881179,2.1560957644625236,0.8568103750675209,0.39156153247892583,0.2987114963727311,-0.8170264907617963,0.18468558408941094,-1.2454312528040357,-0.40292881749781595,-0.9744343270037312
-5.2123862891105865,1.0,1.0,-1.8006336045056102,-2.697536498804128,-0.8575417129197818,0.7911390142322087,0.9701839374660013,-0.12859178090342838,0.8553635722506561,0.6376416624859513,-0.0015351027034751774,-0.08391683198448684,-1.0193956414781695,-1.2420770358756026,-1.0431572155853805,0.30086496987047184,-1.40189106763414,0.9716863005277204,1.92357627592579,0.9880738177468877,1.6221609352683437,1.488239076958393,0.5868075420565643,1.8620447397737385,1.4086860279260136,0.8375757958426169,-0.41322453881768795,0.39173053163804955,-0.17374216954608696,0.07641605613293359,-0.3836601603337206,-0.7443363174361164,-1.3547060554800923,0.2170530826801219,0.7028855327194315,-2.1287507538130517,-1.2686121572359204,-1.304500488541645,-0.15806264005913184,-0.10140778732051131,1.213165482525318,-0.4303791109901922,-0.4675019201729424,0.3656627083928651,1.0347148713641259,-0.5636207446977352,-0.5322646481551576,1.019372907600792,0.5877291461953409,1.0737306138655378,0.9943190772720855,-0.25088326043878095,-1.9214444256193834,-0.9723751164827201,0.11392762720935257,-1.4117309794802113,-1.466899614525326,1.1950658331344597,0.15733916574997553,0.44465983478672166,-0.05366495043679134,-0.06199734193428447,-0.1371549138817817,0.9181477365945572,1.265115652890966,0.5297895907455862,0.9524980297355277,0.10829670633267813,-0.26603767760250663,-1.3981187526096746,-0.10074131774211881,0.9199621882452642,-0.7900885409306806,-0.3761993174174971,-0.08408431958406822,0.8779922577937747,0.7278914814740854,-1.2195908758231762,-0.41470668052305515,0.2496574470910201,1.589650216452984,1.7116580205517304,1.4913872928223406,0.048394099248045275,0.711513042165572,-0.2315194491520461,0.4833990340682257,-1.4871161334596557,-0.9318629669139853,-1.4597204795251684,-0.05551685095159775,0.22324628011229378,-0.37153997756374085,-0.3775544070310679,-1.4686075747307448,0.11633423068601789,-0.4833750848603683,-0.3024135306096297,-2.172525784575864,-0.6020933887441103,-0.9499987481051992,-0.26950892985982855
1.0795450477780353,1.0,1.0,-0.6561839405541314,-0.23244659200684145,-0.06701822700455268,-0.07711816514281865,0.45040386265497384,-0.9242067294001841,-0.10911506844152374,-0.5663275788248899,-0.1464200524564957,-1.012212094176703,0.03466091788553904,-0.10954706341456286,-1.7252962751741916,-1.5168600197567996,-1.7651404054360444,-0.5518798664588512,0.9998491197072185,0.6058384703385868,0.6589270147701518,-0.9021532728443894,0.29168121555620263,0.7154319786054244,0.2871019846207773,0.18887699384336323,0.13656721347777645,-0.7610511418632196,0.11297094851183054,1.0490156238157804,2.4831362621637028,-0.6083487987765432,0.10924834922737804,-0.6900169755377276,0.7364952120277286,0.935359683121491,1.9927101558164693,0.2766171237887057,-0.31570828177809995,-1.7374418417925575,-0.1897190398518459,0.5479644359690938,0.650820908711562,1.6628422753329544,0.0517789737062907,1.6553442319126699,-0.634627207398532,-0.559639450864976,-0.2763977293155565,0.2696117497729521,-1.0202354790464219,0.25991982879846903,0.09397077562267182,-1.9639899005923611,-0.599763381459712,0.26583277350892914,0.6913781089024452,-0.9925235921543276,0.13325666237149303,0.7489986570704024,-0.38856929068331064,0.5870038804563248,-0.6498620663953737,0.6806287481121736,0.11124989003794236,0.37338432110477876,2.2556659169041566,0.22146592233138648,0.2993211661875472,-0.1834261971738929,0.08227215800054877,-0.2047626706384731,-1.3905973723939797,-1.3714110636255588,-0.45572427281839295,-1.998708550630994,-1.8123946580583965,0.6255020590863648,0.7153182244399436,-1.3689148971804985,0.0817790523184393,-0.295662872776119,1.1225337026440179,-0.3245392396486767,1.0211942328536987,2.103410248203564,1.4030654701918108,-2.1223036722182997,-0.8868019518180256,-2.0064088228027597,-1.2474892725905968,-1.367283899180459,1.4837590067008475,0.6987049601234965,-0.32857947155406314,-1.8725603083030933,-0.11928914117818679,0.7763852646040946,1.635886429345139,0.2914256785744006,-0.8046869645450643,-0.43752229448891927
2.4501120944911987,1.0,1.0,0.14587180412243958,0.21005762079472012,-0.40613997061463286,0.5112392957491138,1.1413090792301004,1.1965694249271819,-1.0393006149037554,-0.002888806650804654,0.08198349689489555,-0.9239923144798887,-0.6756812423822803,-0.20038164525178875,-0.6902359263237388,-0.8642707670354262,-0.8490536693217827,0.06833579297642652,-0.6652381904149761,-1.497858487628281,-0.39227474851286537,-0.2690395982866083,-0.7945806309136639,1.676185689688697,-0.02016336431235355,0.06950971827058242,-0.9916958306369446,0.018130780251707276,-0.5689063646946053,0.741426001015558,-0.3330291783278029,-0.12688590223418764,0.48436924333620796,-0.13101763507144729,-0.804686799441822,-0.19799075437366326,0.3737290862263215,0.34541524319245903,-0.41446803997192194,0.44903401405365523,-0.7678813461498528,1.4291566973722902,0.40902204378046253,-0.4588720301072263,0.035604176527614856,0.06672734111764361,-0.5340910112401998,0.45359670955223724,0.3856036042987444,0.2016231190945797,-0.25928154747024773,0.2787911899878375,-0.05699512118540857,0.8744739954157172,-0.3167669397967204,1.5896170257348419,-0.812924667607546,-1.5198276628057603,-2.427004178284052,0.3526517842600789,0.9048494837678049,0.7816622595426377,-0.08963557748588954,-0.5413258344299305,-1.5440173521534275,-2.0610189628458153,-0.1655235053211933,0.17498025287482594,0.5754757616847156,-1.0153265825908826,0.9399696918941263,-0.06385301228693085,1.0338620487516172,1.7345159801450425,1.433293058978717,0.9466141748719765,1.3049671490755639,0.7089537118710576,1.5524833785588874,2.040531318216319,0.5966236469388868,0.37927004894418753,-1.174884758394195,-1.946800848558898,-0.925783144910967,-1.9637191610050628,-1.012752691827544,0.1300081706135085,-0.1957684910875395,-0.0335085706149927,-0.7436595772739218,-0.40681768641360333,1.9104733627333077,1.6560954980852736,1.625314932301056,-0.35337456748612495,0.4805613789036537,0.1273106419022334,-0.15782627459193221,0.014768144816949588,0.8009998787477771,0.07340411106464462
-0.02082831260226323,2.0,1.0,-0.22218027306699056,0.7999722126573213,0.20360286910052353,-0.545551430023662,0.4714517094225092,0.8667733281721484,1.514703687838272,0.38358939254955804,-0.28586641782792854,-0.3443224511804543,0.2588031302109531,-0.656382682165075,0.7124958362755187,-0.5498307086228043,0.10328858368097299,-1.2131672457710758,-0.07382451441873716,0.30063322600770004,-0.5888749360115392,-0.31946581993421896,1.715334375620462,-0.35759668521565513,-1.1489022102890805,0.4860400035254438,1.2167529293546053,-0.21064917260847899,-1.2915162604285981,-0.09697954461147074,0.38510652064101436,2.5571769146466043,-0.44150283841721916,-0.832449497608632,-1.170192250776929,-0.5266350821307406,-0.046693123688578225,-1.2860119195857158,-0.7399480867940196,-0.10400296065877748,-1.5916210790220702,-0.5758830305351565,-0.10244228608226144,-0.47710245805506046,0.009743868687976998,0.7011577449165438,-0.27687949877025547,0.7308311968284211,0.7057803626183701,1.3543870769615531,-0.5059145612633745,-0.2469360510147025,-0.19432468523482202,0.6577048048377756,-2.5660272579049925,-1.0583534080689394,2.2671803429605273,1.5880502686372104,1.9947946603370486,0.36526331862122197,0.050646027480211006,0.6122454433369361,-0.2648922865378781,0.8932945786879943,-0.5085585184790045,0.2187052585416298,-0.5760263236518064,-0.3651339358090794,0.6047095647462835,0.26717098107398596,1.149144987237238,0.9685861274806365,-1.5407598724145608,-0.6804390862132182,-0.9865142706188801,-0.09202725688155539,0.9488739176104389,0.1194293376195477,0.42470372187130584,0.32091500794050154,-0.10384820912344872,-0.9030298886472681,0.5164483322039692,0.7494690751481271,0.15664530432448734,-0.4348505723430105,0.2100194943218474,0.1961259742059827,0.6030173286632372,-1.052085316068779,0.15486157583026167,0.22266564749906018,1.4248534177347274,0.8664481458414034,1.7232116622896012,1.2081445080677495,1.048082338138326,0.6457324431970468,0.017007375991075796,0.22169142549572954,1.6939915383527198,0.27092241333521905
-5.055405505189001,2.0,1.0,-0.07035104047042529,-0.15897933218729218,1.7678069371999183,1.0268973203962934,-0.6089551582603808,-2.9186839312746726,-1.7305790082098516,-1.5694773031758151,-1.3642218706072482,-0.9408084085395263,1.2582214737647717,0.5591018022759446,0.28326393928991944,0.5384589856972481,-0.8452941713277445,0.33438029546652964,0.3561552112731067,2.144202804647084,0.5760042495262814,-0.006735076306589177,0.16002080223917528,-0.9278770023852039,-1.0055836581104713,0.48156567083101437,0.2536766003224707,0.3451509496472038,-1.5234812395600816,-0.6653291079543957,1.8385105036541582,0.6443241514665274,-0.22055101582398506,1.1208749935970088,1.1266138293632328,2.385801844775148,2.3297651356909994,0.6888274476948072,1.1520027029252924,0.14699969958432985,-0.16686849086132532,0.24466278179918644,0.8465473188542517,-1.6647595465073994,-0.5566374980985833,-0.9553294264263519,-0.785041641773401,0.21331816036626294,0.1281280092390191,-0.8277906849204218,-0.47240402574909124,-0.4640506094933926,0.27272778792440916,-0.06418444003390955,0.12629906182463782,-0.002897901174562942,1.0784780890584253,-0.3830198775395017,-0.9050156915322639,-0.6555002543494659,-0.4317945092281362,0.08723943036870002,-0.028115866751126532,-0.07407018895028605,1.2197614730334072,2.484930456480897,0.10745730684436994,-1.4354030740750239,-1.6989563237643133,-0.19955385386071173,-0.1833886181420123,0.36949573174968214,-0.18377708975533802,-0.9785741184246123,-0.962097400289414,0.4289326699480643,0.5140566667076025,-0.47701531976580763,0.6648729627634018,0.02904512361236411,0.6452690726017544,1.064231547648585,-0.4839328582665246,0.9088302629033191,2.7777475786230337,1.5701792879235303,-0.46015724653563383,-0.5670566818964589,-1.3878547970978512,-0.3604180187206023,-0.5452976693494547,-0.7156989207052937,-0.4351415489741394,-0.03897634233124847,0.7625558351452236,-0.1617231769279709,0.5208400882087993,-0.7267284348971081,-0.931479429551162,-0.29512444035962027,0.18227177964696997,0.8468914889202847
2.1200926302501175,2.0,1.0,-0.25648925098136904,-0.6968202472843724,-1.5687239227386964,-0.7664902676969004,-2.6892368972659524,0.8178576394952425,-0.5042424036518216,0.2907707892150666,0.2950515152549973,-0.03240007655919258,-0.008349108103410184,0.34249866293685777,-0.35371237841766173,0.5382284220274423,-0.484736926625207,0.08564279487479884,-0.44387287321936564,-0.043097396359305984,1.936064234084775,0.04050275015906146,0.6084503684897052,-0.6775251518054858,-0.8856369905008112,-0.3058717538624202,-0.1810634037693438,-0.4512165169186284,0.8705314168959835,1.1700017689874582,0.5443350632041036,0.8679796549656855,-0.465066023981838,-1.5766153966986773,-1.4385322186405565,-1.3396412965019682,-0.9048247398040373,-1.7735096737986549,0.36496016714915225,-0.5397998659940588,-0.5080864523474891,-1.4139822875874926,-0.7542363353363891,0.1322815531996842,0.1405846146599361,1.1448618260778978,0.9575260932581163,0.6732014888223569,0.1903768466479927,0.28948155387888636,-0.12429290969573245,0.8427867739350168,-0.8959233231111994,0.5035817839640784,-0.7804966269832967,-0.014222470153331723,-0.5935054127833419,1.5455414914199912,1.0374000633996376,-0.774873122164752,-0.1635708700309863,-0.6160109168884512,-0.6151161936572469,0.2963548723944247,0.7615406004377847,-0.13147334435340624,0.6602207839875951,-2.568860902813897,-0.7554614530630073,0.1571816575873513,-1.615467806994352,0.017645836621024258,0.47853501423396927,0.0950195212208386,0.5032747935142964,0.8722602924038001,-0.5492983315376712,-1.4486043652126037,-2.3264761069302917,-2.288571007132778,-1.401974371418513,-0.17136166428567196,0.4873205615943541,-1.2059209617223612,0.19724951198305413,-0.9059042751911095,-0.6232612776183714,0.08260721107806694,1.0359230574852103,2.213275422680621,2.130738874238702,1.549285298670095,-0.23096404000798895,1.4224951237103183,0.31072645112784386,0.9833654923366296,1.5987167840217733,-0.2408932093467691,0.006334935858475332,0.5186757431206848,1.2390101534235605,0.09954860343313793
8.144717360986572,1.0,1.0,0.7843415744536638,1.1405723037729216,0.21512419861022475,1.6590302023444992,0.3652734970896521,0.07682804542092786,-0.8186194519487168,0.4983363383467104,-1.2164224343970784,-0.822088660342088,0.4727382056199777,-0.33197624155764793,2.311778486612914,1.102337933092112,-1.4059531176275448,-0.7549381131669491,1.000502885602881,1.476455214377793,0.8463831686553573,0.5476008817129222,0.6685180306483967,-1.610919531701226,-2.2898424779139055,-0.11444076615550791,-2.160721497050415,-0.7350951806667845,1.244269812351202,-1.2910998065274346,-1.1486841145573565,-0.03451673981348963,0.19118361383413926,1.35366625578486,-0.16472715019137496,0.4049822213929726,-0.5763547722776982,-0.98266800621091,-0.16532002931398412,-0.677384931615401,-0.4088205355548127,-1.8902921737937262,-0.3505449753544724,-0.04692969737788749,-0.3431964940979299,0.11722834025241083,-0.8875583601640467,0.3088386292853045,1.096680706144535,0.2226168354421746,-1.6213611256394156,-0.07999250269758884,0.002153591661534994,1.3179079809883647,0.7822902157625418,0.4920413194919765,-0.26853795463501445,0.36409338963868404,-0.13158372154809497,-0.04569501975416781,1.202334697104045,0.4340698188878591,-0.12517532353738173,0.1839495155224705,0.4282759537799439,1.6009133912979745,0.24538051596901683,2.6697317217715337,1.3563476115400341,1.4050392327813732,-0.17324251236731203,1.1908651065581726,-1.0889726387630843,-1.0306190055889806,-0.5312710484825112,-1.6135186414259262,1.8008228545066647,2.6685976557150393,0.33591483113857923,1.7356087537075449,2.467177406207933,-0.2341665064973215,-1.3424020961790475,0.12307840937875136,0.005665874348731538,-0.626664067667098,0.14592073675084571,-0.2620501604010877,-0.38239783444235287,-0.44278273438395205,0.5884543963236186,-0.9472367832500287,-0.09861535960150412,0.9776531571707386,-0.521345936054439,-0.36120252773563843,0.8111895690387008,0.11693704411059988,1.9766664054543166,-0.7161082026206312,-1.1774697028874357,-1.6372283981445652
0.959093512880015,1.0,1.0,0.21070311720636337,0.003524332543576897,-0.8490854990173261,0.07561828182012359,-0.5289723536903156,-1.1911252668366723,-2.500699321209325,0.033365291544311226,0.053025324166620966,1.3854869191175276,-0.09660785068442845,0.5696228188501804,-0.726179900296718,0.3107488204409309,-0.734319550187861,-1.0307653838118347,-1.158840196262443,-1.372209548634688,0.6006444000458436,1.2008534479481965,-0.9267534019110506,-0.030996607088792927,-0.5903930916943458,-1.7691881267846297,0.7212766772454225,-0.5379309623051599,0.5179491137797019,-0.06739956887288565,-0.6457288872354435,1.1657413660919875,2.7309173099356405,0.8592494601474039,-0.1084592330714918,-1.974563379028038,-0.14521767329806745,-0.5848010982167638,0.4146486909399516,1.524478886188695,0.2918528002009107,1.050104160512439,0.5187379515718524,0.07486387662751778,1.4777955489603323,0.38227923788472,-1.0700555599075856,-0.2479986898341118,-0.15302891541081715,-0.3838332120552712,-1.7081082225591837,-0.6190095444301708,0.6086316949976666,-1.2446461848095363,0.05984879898272677,0.3451579558626764,-0.3283355008511993,-0.36704977758840257,-0.789745640121138,-1.3660279260128374,0.15170111312996792,-0.08820330817692665,-0.8854054951389645,-0.5419164616322902,-0.27209016320638296,-0.29024035248302554,-0.9145651967264761,-0.21968717777760635,-0.9140578481005387,-1.200898713743733,-0.18569454299465143,0.005883607032925273,-1.3878634168520443,-1.033529530928703,0.7381464913272706,0.998609476411829,2.797720482942601,-0.4797089072130296,-0.9077869066564725,-0.32065291109386773,-0.3256238921539205,-0.6144604532024618,-0.3515273765852885,1.2049922726018092,-0.8259555486707728,-0.215392328567571,-1.005483590883128,0.09362849150228832,-0.08089237810103739,1.330147120022944,1.8093780146176983,1.3749125857691218,0.05591332201841285,-0.4060033755527485,-1.3837425797065344,-0.7482777701333423,-0.27934155880273404,0.18363722445152367,0.6315633782391111,-0.691571824799722,0.6678999583662388,0.475171532098155
-6.46573356793395,2.0,1.0,1.0051085579603016,2.23181619832287,1.1338662110773168,-0.40363634204880416,0.27941522840862953,0.6241600711001674,1.9806797715101632,2.0710279984139013,1.1034286008562038,0.0821132952430021,1.028391835669976,0.6164038210456524,-1.7633770960532749,-0.6213897577871016,-0.14503239932323542,0.09201086058996234,1.160119023964328,-0.9288139946204981,-0.12071168507495944,-0.6059415725984784,-0.8915095640980193,-0.008301476970333399,1.344162801647931,0.8217652605429254,0.2810172941082927,-1.3375593008283597,-0.09869565167609812,-0.5049462505616842,1.0134119647303357,0.8643720582208514,-0.6443234563523474,0.6710629191479456,-0.703358980942775,0.3264018772487189,-0.592246601324882,0.5923550240051063,-0.6708616169027377,0.4792775715114839,0.7014406191582838,-0.12657868356747098,0.6403637307959358,-1.037665975726623,-0.6723895441996577,-0.8858252780303777,-0.4277358975505774,-1.2085250714595646,-2.70084561109405,-1.9077057821413652,-1.2173787126140307,-0.048244986051716565,-0.317654093703132,0.3167940659403046,0.7181532626558349,-0.33277369389258227,0.187771897508718,0.032345340647151936,-0.6060337680905818,-0.1814762634142142,-0.6150944233728665,-0.04231935324322508,0.7667031185492484,-1.6403210254070928,0.030017190989191422,-1.743130087878353,-1.4178909790499863,-1.659506400015158,-0.6279646842761784,-0.06103098712901037,-0.5488029470083852,-0.8002124304771046,-1.1059969775938399,-1.6524527105362632,0.4125103431782634,-0.4197533289430419,-0.6935245602731654,0.8561115652583109,0.18155809460077127,0.07564894476216259,0.069078355988964,0.22573553600242086,1.4153751552264,-0.6239469140700163,-0.8658807170383083,-1.214634523807677,0.414056633710965,0.2976103352340679,-0.932455180013776,-1.6502738767257201,-0.047060524101892987,0.7103698479509484,-0.4053325818699071,-0.4282630591353908,-1.123538175342728,-0.13614202204496711,-1.3095747135101357,0.6559980837825123,1.7029053939774685,2.4117073532648856,1.3600916177870703,2.064704056832646
2.3158050198826796,1.0,1.0,2.0893133105550112,1.385822288171874,-0.1132356963912371,-0.4173052319536098,0.4152199706161817,-0.6040146427399785,-1.3090576656539596,0.198306028933098,-0.6381891774313907,0.4795851119548046,1.0340582725073086,-0.8487458148843996,0.7421158522704557,0.36923623194290467,1.0306257623852015,-1.0331505946296349,-0.03922531035834048,0.1745001906458964,-0.8905759745067559,-0.1898607997501621,-0.306699630297425,-0.33180179837480556,-0.09065952591705478,-0.9710724571344865,0.014788657297091834,1.6370404513215597,1.4780804478347307,1.460330687901101,1.1954341606082708,1.5680727378371249,-3.732851431645069,-0.3297609522046223,-1.1050925355060826,-1.1705425775053715,0.13535472884404498,-0.8188331111080052,-2.1317476869616216,-3.4742402123290885,-0.6701063728100722,-0.34967949730739534,1.2701174356287281,0.15135120615684444,0.16438957770300172,1.158557520096631,-0.43719748882322296,-2.053437382333697,-0.9958073247119552,-1.9525450208890625,-2.4424749702461503,-1.541320657467129,-0.898433524835383,0.10588828656323362,-0.30930648299485763,0.2774708926406665,-1.1693427310772313,0.3210095501951547,-1.4575613429919316,-0.8811645731782247,0.9054495083093426,-0.019829083846655216,0.6956355922467576,0.9986941952623989,1.0461888477541677,-0.7446889267650876,-0.1936495617849715,0.34506419409522593,-1.5979003207166962,-1.103142570389304,-0.2507992756868782,0.9902702892728101,1.3973146645016308,1.2184543894430453,-0.4545711869925115,-0.7653017293564168,-0.8305007151151016,0.2454152365391875,-1.7047884932589628,-1.2650175594940118,1.121025332145451,0.6654363183961953,0.8307552537312909,1.3871133607076755,-0.29583555771704184,0.2187439137619379,1.2391383055450562,-0.45671238289199234,-2.1105552015152,-1.119657579104366,0.7405573985720781,-0.7962531850918719,-0.40026986074909604,-0.33238433765243736,-1.885271578555848,0.4987978887772879,-0.3861835903444014,0.054970832594733475,-1.0558332837445839,0.2837720830278241,0.9673044655401879,0.3700377092807242
-4.421802183861261,2.0,1.0,0.458945222485391,0.29329222061816995,0.1236400021528751,0.10632071106986671,0.9696297567605625,1.203477018594791,0.3997832738043371,0.017621204600661217,0.19446963464022232,0.1143711163508597,-2.257143961099105,-0.7741064342842647,-0.6814500034930888,0.006746439960131911,-0.3709900014700608,-0.7584158194534213,-0.5708266008667051,-1.3115015288546108,0.40873049060437383,-2.0010024065210756,-0.03401317240074928,0.2673981963094946,0.8472153127360157,-0.7878565026228975,0.9212899971609613,0.6943743498724599,-1.8700530613701223,-0.6448277222884282,-0.19962413700968715,-0.44383403540868677,-0.34341916852612564,0.0047076714647519835,0.48887660865699983,0.1047048195665386,0.09028631541383443,-0.5455538880439227,-0.7403256404989913,0.689283456727156,0.3376241175223379,0.3373015069132085,0.7424510262347912,2.3312165749664207,0.3299286899899516,-0.7159728432464496,-0.6103570665689395,0.572580681737463,1.539490599217976,0.8031291043082375,-0.17209244781694905,-1.0003469876227198,1.4060307659408344,0.6081528598399399,-0.29226252582923345,-0.6070952319394255,0.7510743867097895,-0.582398099642259,-1.6130468341884368,-0.1898369425721248,0.17205279876344104,0.06174354262740365,-0.5376094862440021,-0.6823652179829487,-0.30376713307414793,-0.3066699270500608,-1.0461639803619402,-0.3808958699394841,1.341131142569654,1.3549057144746928,0.6109773421775567,0.43641661647331986,1.8731093864219137,-0.4323584939438707,-0.7154233342065992,-0.6193585784650625,-0.48937440346673744,-1.889164292756677,-0.5477301844486402,1.4257024075178961,0.890946825422624,1.498108356200922,-0.8548244290457216,-0.20438468487767658,0.8757682367689952,0.13244904514824288,-0.5347675042019229,0.29385342125081704,1.776937842676812,1.351122923298138,0.22167317374221085,-1.3929609715464797,-0.8345159411390276,-0.8013850413026825,-0.14575325075937867,-1.6168026563342623,-1.4135353414442424,-1.024694769794905,-2.230384943791664,-0.3706771038784178,0.6018352255332644,0.6320230363474157
-1.977853502936725,1.0,1.0,-0.20736010425812382,-1.182375398073526,-0.6282897620054912,0.190667930181179,0.5729714638379461,3.0328958406536155,1.8045233243077778,-0.2517523558016671,-0.9649224278075363,-0.01968690021000702,0.3807269170640106,1.1502390928956046,1.1237505740658684,-0.8785203070637155,-1.505639297610611,-0.9932556474656146,-0.6436929665976054,-0.4878209758592543,-1.6888335813703539,-0.4407673071150673,0.8912548661935894,-1.6053067701518724,-0.9267978442018349,0.12458222391973917,0.28624513145676594,0.3069986543219915,-0.745241612151227,-0.8269053004369056,-0.43848229449530113,-2.423716390342352,-0.37444301594501855,-1.5797042314769132,-0.3055482538121641,0.4111116381872717,-0.9119095568038367,0.6331318225447413,-1.6239693195393254,-0.05862324782864148,1.0838926970579241,0.14346709059744572,-1.995226549507022,-1.6640975499657014,-0.8555792723489326,-1.9074463187960327,-2.1079771024738885,0.11531460375511275,-1.9111589551994819,-2.4886483804083186,0.6452327954187502,-0.9514772512696592,-1.6624450600355967,-2.0463355306493094,0.30400628387205786,-0.172479765345195,-1.3694382119627249,0.15230182673052825,-0.22308688403176438,-0.46731145096359905,0.9573063045926635,0.5039738349631907,-1.166904757541418,1.132030304833144,0.8736989533942248,-0.5385645899260912,-0.1195040969255533,0.9263811240874031,-0.9767712939740782,0.3456479551549283,0.6886735871122601,-0.6813343072301024,-0.5904161184017008,-0.14277552026441215,-0.37695813860632654,-0.5626529838463281,-0.11819305381713338,-0.0044685275796091176,0.6992547474028142,0.25294916786098837,-1.0061786320792718,-1.7369106785543318,0.4235989902698509,-0.6070535564257673,0.011409154362344631,-0.3629720705253711,-0.9812072881279584,0.9976819068898138,-0.5118907368048993,0.5209244686355154,-0.06450909912478875,-0.7349279264002831,0.20276147309640694,0.20820366455733819,0.3860628530620482,1.3699447078476068,0.7224187207403929,-1.1775321201508568,-1.7701030015074966,-0.11655301352038472,-1.107881584609794,-1.5209370945528682
-2.612364428312035,1.0,1.0,-1.2688178331345854,-0.0035730656365372537,-0.8439526574299894,-0.6724895505654066,0.6883078929365133,0.07314894661693756,0.5757363784594476,2.0015769737497973,1.7548035090784277,1.4879299500459156,-0.8295930915044603,-0.5827443426202428,0.550445910478599,0.5686740485315659,-0.5344903822370836,-1.1784343589062756,0.21181026121873492,0.7813757797732397,-1.330542683322748,-0.7417677116798412,0.6034089887301093,-0.23890589254589178,-1.8632913863522167,-1.8092358725921387,-0.5202953363694216,-0.2293769594207309,-0.2541614483273083,-0.5241837134895866,-0.3725503897994521,-0.022262966903565745,1.364707781159768,0.10760485726826285,-1.5701597106192373,-0.14790395311687965,-0.846795877896908,0.7128392573332926,-0.9964092288593005,-0.3149187553942653,1.211938078610192,-1.6897564642425262,0.707568088030463,0.12110511690040021,0.27085619938834515,1.143912616932683,1.5572119807221692,1.5117950208019624,0.07630262108534602,-0.08540939165767955,1.7342203570312218,0.8042988931835233,-0.6416111759725552,-0.8938901448047294,-0.17728883101220297,0.12277449930141221,0.14149419925407114,1.9609673956572087,-0.5343248237801468,-0.5987477383469948,0.5496115607801627,0.39852264137882903,0.02932764938098631,0.33574990307563196,0.603138068179079,-1.9959290058669166,-1.9710137664746115,-0.955173180459234,-0.9164974772705501,0.4952907474384916,-0.08300693617573074,-2.0307563032713745,-0.22009341429704127,-0.9292373073290835,1.0461270480743514,0.7678354202566131,0.8862056578304081,0.5111667009326663,1.82888190720322,1.7059641780829398,1.5458067277124419,2.502000011711365,1.624743506887249,-0.444272461806569,-0.8542514099107295,-1.9275920413335912,-0.4250025194077141,-0.757110542222632,1.2583385879374276,2.115304994010435,0.7993593341435508,0.6453384246810614,0.8357283474517073,-0.6034308421315745,0.039386616705909205,-1.05799000076853,0.7786077365887659,0.4382014661898617,-0.9566688120098233,0.22572251338446575,0.48977229831397007,0.6895099628699501
-2.350714261679316,1.0,1.0,-0.6189183613617332,-1.2528207994374814,-0.6209203993613897,-0.16777291486276574,0.5983248500766343,1.5437376294302663,0.5079620812512683,-0.2852159640516756,-1.6226633494175917,0.1669859582193417,0.24898602304524392,-0.7733836665305491,-1.2781033583692867,-0.6380014152477808,0.5995509914422875,-1.4159932115897904,-0.2990097484040609,0.610039794699172,0.20131108319299998,0.31249635211337334,0.16176499522680327,-0.15107094866647466,0.9335345434299253,0.3738676809090786,0.4242204099804817,-1.2504516645647374,-0.8162811584699159,1.2184680868660824,0.5404984500897003,-0.9643793478830991,-1.2204684283915648,-1.3721311114530135,-1.4932279251792928,-1.2066593173261793,-0.19470568261521837,0.3445991788659277,-0.08366884083012596,-0.5251477232795987,-0.45999278054733506,-2.5200648524105103,-0.8210123072603699,-1.0920224123525943,-0.2532709411578771,-0.9823593761308675,-1.0948782631947362,0.6534807172831393,0.8082938741243737,2.1207848904607065,2.568964013423683,1.6222236769572267,1.1268747270678299,0.6327742223415354,-0.13119468136946305,-0.2558755278516759,-2.1245275462330815,-0.9103749898280282,-0.39923113741809535,-0.7348232683488279,0.31210266984754564,-0.4946111053923896,-1.7031698748151922,-1.7401347384454464,-0.40783235020322334,-0.9995721160435873,0.26494548597417117,-0.14061488726998567,-0.2734643491508316,-0.5169609527134866,-1.9464045460379207,-0.35705314587748904,1.6896696376549392,0.37395201132056666,-0.14088193299206897,-1.0700089894033307,-0.9454751387797775,-1.060188347370648,-0.9571916947678881,0.03598121996969711,0.4898629634463968,0.19961502356400188,-0.8020922981966015,-0.1639138198831191,-0.026483811542286753,0.20764200184195328,1.548435153048224,1.0487395500955454,1.0280192770392023,0.12433082261238287,0.9811965874771362,0.6558557595095034,-1.0694303956019549,-1.0704873687393575,-2.9343588725019836,-0.600012658886157,-0.2914931698370856,0.3062665063572643,0.0772418158022091,0.33111865344234737,-1.0468800678942993,-0.49944607007972497
-1.2870865429568135,2.0,1.0,0.7814236565945155,-0.09149448527159637,0.23878510142437445,1.161004581165706,0.8415701692161668,0.695606144804259,-0.47202374710596157,-1.105016139433467,0.1630094866839389,-0.4021564498169994,-1.2282661264577555,-0.469019809576484,-2.0805723634467768,-2.7512735839064155,-2.7592192989890454,1.2198956302351482,-0.15229498745729275,0.522804197317652,0.5156762058396599,1.1322496129366297,0.04040257490304229,0.5610800576929206,0.38616086059914423,0.013632254886530776,-0.6558503609823115,-0.7973351403031701,1.9569251438529576,1.397575521637426,0.42433155792286276,0.19320737952585193,0.40205826232686187,-1.4472987106826782,0.12612825613625211,-0.5775445474443146,1.1297740187774665,0.2298356062623085,1.7679569770846189,1.39131622979142,0.2026455830146398,1.126486404715071,-0.8625269402479111,0.6693275833076107,-0.4224685689631341,-0.8220680071816242,-1.7491757706119322,-0.032961165710960666,-0.6731202052141361,-0.6506079617611924,-0.27527785325884363,-0.05515520841646442,-1.6102643199037967,-2.236866886757979,-1.5955153787132552,0.41440227407314445,-0.12328129841917143,1.3508924480385827,1.5677182240414482,0.5745956331441042,1.2831477737406287,1.0455113355288401,1.0584005827015373,-0.8281981837699122,-1.2156173747404595,0.4577815985218737,-0.43811583820042754,-0.051569411002604294,1.4960181441642753,-0.31587621018213163,-0.38026023049905433,0.14318926746928398,0.3873906383384217,-0.47564777366953703,-0.5791386526759519,-1.3946884763401988,-1.2696056335861687,-0.4136798975385488,1.7126250326509946,0.77458352831753,-1.060221908560215,-1.4315921658161632,1.2180398451810563,1.3076447898621257,0.1285926179586791,-0.8363594675319888,1.352623102819087,0.16029320373239692,0.4054336826026024,0.33837518955864276,0.7359417770308205,1.7587545613458855,0.01890212447465188,-0.30974163993965265,-0.34905422298930955,-0.6684213333399889,-1.0523544744131232,0.535982772083551,-0.4291343447868604,-0.2996631422632833,-0.2848557734157988,-2.0317316714036866
3.398962841276333,1.0,1.0,-0.13687995299861055,0.44795970563156884,-0.5098398693802819,2.126868903373148,0.7092416444376566,-2.473589398179928,-0.8582710313151372,0.34335617461524615,0.7385017586946141,-0.22216647994545702,-1.5358205985254354,-1.0916589208884533,-0.13974148972942474,0.05077584704315859,-0.06776151979913973,0.3005207725522272,0.6842220573620651,0.3025007386303728,-0.529847896156463,0.03638758772221762,-0.3341489945153703,-1.4270267891675572,-1.030631453156784,-0.43791862985252,-1.868016306369338,-1.2955436412938053,-0.7777573482925622,0.2484908689155107,0.6393782200628897,1.5302749789363816,-0.41689902688340774,0.19097400293908773,1.4075045276916667,0.46451669553215474,0.676096291754364,1.7654460070358797,2.1536705524678936,1.0550467007227335,1.1908054205722813,1.071224730835653,0.8482774867354984,2.094895321664266,0.2142190207027561,0.58756169740078,0.5204960772116065,-0.14826550347872566,0.09796021370433422,-0.9490670819824136,-0.7417463707749419,-1.3111284937381433,-0.6678553002473473,-1.0525815927731406,0.22392177014309445,-0.7430212656678785,-1.1545398785086465,-0.2238707504579802,0.042576819433740934,-1.6060431657367686,-1.068381894800308,-0.053864369173576065,-1.5973854748257825,-2.594825416559546,-1.1475929545666699,0.28576988566790645,0.15669290146225567,0.14322282641166809,-1.0612764358874374,0.3145254458047899,0.18140940869400068,-1.4772866261558293,0.1419978841263261,-0.3147301217836629,1.1654006866179842,0.9271180872192363,-0.3402143322969935,0.6758907406783738,0.7964129837975822,0.6079919013313753,0.9120399577112078,1.2062282592353764,-0.015257894098814801,0.8125989808026354,1.7183328612774753,-0.9875753140289999,-1.1835339143111632,1.2103833448866237,-0.23755439041688947,-0.2770450907810306,0.055635341536252436,-1.2231644301377451,-0.5965954363891153,-0.9790487547176872,0.263427430258348,-1.6362403364797335,0.7997220668051322,0.08584232592346216,-1.8809037415553964,-0.595463566262665,-0.343210614066121,-1.0178000550362603
4.289399995414025,1.0,1.0,0.7727273706046043,-0.6566707039930448,-0.16873958956585222,0.1951143051981217,-1.7961790486239015,-0.792544922780184,-1.307120595427568,0.15099205317341846,-0.7990733278189563,-0.11347611716962913,-0.16893315310859872,-1.1370562733525815,1.8830520789392953,-0.19643916640309755,-1.563852192928922,0.645691176374716,-0.026951375491588603,-0.36972702792230866,0.30698392887404197,0.7693433490037953,-0.5867663803985147,0.34906482161223124,-0.2116271479250568,-0.7784774449392311,-1.9121576433627607,-1.837741775106917,0.04391108085190765,-0.34829459741928265,0.6350780305929398,1.540460131712031,-1.27040938183598,-1.4792945142043843,-0.05230301332321541,-0.7606033806940813,1.0940119557709338,0.14660151626867787,-0.3599680929198284,-0.8648858434680137,-3.0703708957621316,-1.4476405998711495,0.01132242623206424,-0.34977397505096186,1.3953643917860103,0.6519834497614002,0.8783802723375647,1.407187506164876,0.772298184103891,-1.3562412171250182,0.2212636249334028,-1.1351542424364414,-0.0798696674951195,-0.7310960316997224,-0.654375828670255,-0.840475301143474,-0.42927487342378595,-0.015075689819467088,-0.715930863518885,0.5062818580928425,-0.314146195775558,0.023211998020511104,-0.4479703947977201,0.5620964692393435,0.37156034690701367,-1.2612331466625852,-0.512214552225661,0.8892601794106445,1.1593518639438505,0.8183773114271853,1.1874559786502459,1.0047490844897338,-0.5924094348151203,0.9910133004605353,-0.4380291774113428,-0.10758431502058804,-0.33482587177286105,-1.1229906808864316,-1.409941084306157,0.29404185380704184,0.9350682846079759,1.671197170248686,1.4939478526167564,1.2168421904119957,0.2498079559163554,0.3417090629447812,0.9160157036121545,-0.9677278421213814,0.13554138234156565,0.44232180856174436,1.216099477439921,0.14883651231383094,-2.0652472854414934,-1.0805782826166417,-0.3520111437156403,-0.680715271227981,-2.4462959286685098,0.9283781564732048,1.038192090856729,-0.53646693715302,0.9585741162596603,-0.062008905750658094
-3.0619839080317997,1.0,1.0,-1.3913197275112397,-0.2863968760172872,-1.385403658654876,0.5079177265251225,-0.3445978937913927,1.126749608827591,1.0959524910423504,0.40034516697386713,-0.5313181338372371,0.3197795367365988,0.29218996827397553,-1.364581954545286,-0.17829834168471853,-0.240279843910547,0.6835258720268442,-0.019788436878992875,0.501086911416688,0.41159575624524114,0.27185092231335034,-0.8617533552996309,0.741405304542179,-0.022988660117005455,-0.25632691015093195,-0.31640902695531004,-0.12235590731366516,-1.7260817686046679,-2.1954997293800824,-0.9383847999731411,-0.870272533036732,-1.379230608900838,0.33423616512644994,0.2822800574749139,-0.7621574979618029,-1.2361010240209316,-1.1811097761691824,-0.9879180499985233,-1.3487691055066318,-0.918084135466174,-1.1800718869088413,-1.6213755539350032,-0.4845899191674847,-0.6840559495058134,0.6395051244860437,1.1527077539381891,1.64060112614465,-0.2213202973125069,-0.5614264821118674,-1.18750498153545,-0.20064020759799128,-0.11901563087856437,1.0767952052777428,0.8783977578491644,1.6770224448493645,0.7646670335622128,0.5130066564727356,-0.821729415073085,0.4017428990911801,-0.48959019438900997,-0.5147733254721332,0.6486032449499103,0.2815870243090682,1.1384524956368867,-0.39430110980768723,-0.39625676309181523,0.05754050602197758,0.7402076916884767,-0.012453590102014633,-0.5825238483534733,0.45968291356711644,-0.2887326090560218,0.013858436508680166,-1.0509845708829537,-1.9778821131789779,-0.2703951447669418,-0.8198490430475053,-0.026421625131738676,1.0044138899279167,1.0141167404194642,1.4402746039213674,0.5388347793636754,-0.6713401145872024,1.5028765341523935,0.5750923287770732,-0.4304062248166245,-0.8151376896311944,2.2733230938431035,1.1701615588898895,0.32064941310012707,1.8825784405738433,1.0936843884558733,-0.7673314575383662,-0.34549904409357896,-0.09226669024603718,1.0927177751225674,0.4464486198939082,1.7600591448710092,-0.2854042926536525,-0.4553083994375044,-1.8017782605120118,-0.4780035436727411
3.6824282973985634,2.0,1.0,-1.4400688670579906,-1.9600390171333837,-0.3127345396801826,0.10004695984459633,2.1381621445908747,-1.9564448904680538,-1.5742662507772667,-1.3045944080675806,-0.044805845176576764,0.8703390973967853,0.8287883073503317,0.7067968473263326,1.312390673648001,1.1926571072475682,0.8330562185301377,0.9980932504471068,-0.3931583852838243,-0.37307914016861277,-0.2330785094265082,0.40999427427418583,2.58551293932719,1.6497445389637724,-1.3564774799055166,-0.09833732586632998,0.09719258858744051,-0.5282478657758289,-2.2313446614268826,-0.15023319862627127,0.12429671892762018,-1.132597437378145,-0.17034442881089068,0.23562417746304848,0.6074730591445083,0.499857586392756,1.7446142400687161,0.8247109117261976,0.09591648518577883,-0.9925940157949101,-2.012744382524188,-2.206474161324219,1.2554861281770529,-0.5716120582081656,0.9116013188636187,-0.06291561823482067,0.08966217773197718,-0.9499516971751806,-0.41322257903867227,0.009038816178027487,-0.3651505657251792,0.21429766584372772,1.4238703317004597,-0.01793132397112851,-0.2859143924802885,-0.033020918398925195,-0.15131365897686883,0.1635531263016349,1.1011925565434943,0.4271477745880297,0.6657904425182295,2.419032424908115,0.9500924562098175,0.6146470809432849,-0.3924464227387374,0.09169990613154469,-0.24620659752513438,-1.98157951145347,-0.32628184974342495,-0.14704618199863528,0.5278683532938745,0.2320705058164055,-1.9677530205958973,-2.1067100403341286,0.1956847911591031,0.4927894038785588,-0.5517997306577875,-0.4085715294306608,0.21061607054264342,-0.49208260772863827,-0.21399704217193785,1.1685231350435774,0.3698592684531651,1.5112935817094715,0.9979902800310958,1.0899484981936556,-0.08661960138183222,0.47194726799756626,1.5212067624407006,0.7825968342840333,1.041271026612907,-0.433462752847113,-1.2557677207893103,1.5123252865568912,0.363829288875883,1.9301132889842831,2.088466492650968,-0.501831136248858,-0.8446268792409166,-1.5454785631951782,1.8572140135673094,1.2565346340174885
1.8200004497049433,1.0,1.0,-0.055254692070485056,-0.8498324868956765,-0.6975019235634106,0.9567882716685152,0.4833950342444917,-0.12822403577910602,1.2561999953945833,-0.46749013335593526,-0.3347518886572089,-0.46252503417622864,-0.04179699484759564,-1.8612545224079013,-0.13787546705689857,1.4662951695303632,-0.3883632287556886,-2.3321354589897387,0.2212275019518649,2.082951520055893,1.1882635956854704,-1.3515268645035108,0.576292242766318,0.22128870030238232,-1.7219726209652775,-0.8686702546644416,-0.7989656258964939,-0.7952040952270972,0.31258437930467164,0.8877174365540167,0.05191103381007406,-0.5914371728078809,0.9471247536962981,0.2304883378086882,0.4946076286856601,-0.009651944325366063,0.06630396305618887,1.0193700715166556,0.10333014953436048,0.5992816926266795,-0.6170703178581964,-2.2914107468448486,-0.4293259187311046,-0.5138155885689804,0.09643011770241017,-0.012939048480191277,-0.8295033506204207,-1.4518421546993487,0.1302883302418123,-0.5632590939858945,1.3151637314197404,1.5454311114422794,-0.5502672471033869,-0.08482924779120934,-0.3587872570569602,0.5827175140114524,0.015939710198246443,0.3629002105505877,-0.518836823122355,0.5762511554056399,0.43476192874215736,1.5998696847061515,1.2878244722160186,0.01970824353473105,0.5483974535852549,-0.3881155299908682,0.990274064516174,-0.8058872004011727,-0.8356081824404766,-0.7374417284254033,-0.7478064926036986,-2.0244295921626216,-0.7917966348360894,-0.33660555074369897,-0.5644829202161118,0.83468575162042,2.2776161193446223,0.7590558937002153,0.4329731930736731,0.8919949862511733,-0.32728168688056564,-0.07510180934898683,-0.4556060773272158,-0.6610955811976759,-0.7291083537305967,-0.966554163806013,0.43056600794968425,1.7726944223171064,0.30287219100027657,0.2553618243754695,0.40152746492127916,-0.1302782567654215,1.199579023263123,1.0353954748785135,3.408884750363146,0.4955759183923647,0.0872270804939709,0.15925705879884988,0.8589566608507812,1.3562418808778838,1.8262304065947488,-0.3221998404902757
2.5458672619823455,1.0,1.0,0.6340115432774487,-1.8571650110698497,0.9530164201325283,0.24638377723565358,-1.079199600737542,-0.21308667938502102,0.06650897103163068,-1.380672666577483,-0.00032937974242186474,1.1181655438142715,0.30202752192914967,-0.38786549594857256,-0.16161334292892315,0.5408151088845948,-0.5848742866487049,-0.8521922640637027,-0.5582062520349459,-1.303850453275583,0.01564816687370696,-0.49180116542581886,0.3587834529576083,-0.5935430035393682,0.45275171479720033,0.13446369603044375,-1.203090296314084,0.0601247907033589,1.2395314133813726,1.8814517018578123,0.7850574106945536,-0.2587799578104166,0.9071991320718583,-0.41319018873031876,0.927155806438007,2.0152680522513897,1.004393585688551,0.6196792011954796,-0.6189022619631921,0.5798449674707226,0.8362810961598347,2.2946941984729055,-1.139975933132989,-0.7005439841449144,-0.36032526370524676,0.44252712006763173,-0.02242731417405719,-1.5881340154789156,-0.7495182751040834,-0.07271874306876824,1.0494232270231476,0.8005491242844915,-1.9960011510937388,-0.3998033052991838,0.8719359872870796,-1.7733131302241139,-1.0392871375896504,-1.461173854863004,0.666711696457262,-0.1958773302644673,0.8176179949809348,-0.691318816438014,0.7931705073350988,-1.2347233462138891,-0.02108127455913561,0.6050096270055869,-0.4720790030824848,-0.6525640357846187,-0.5077496479576664,-0.41005855045335554,-0.6935382043190752,-0.07846508760550677,-0.2226935885074868,-1.1774673558641742,0.1880514283203074,-0.530836796696321,1.5848690482363774,0.49688893161143294,-0.22691683282346578,0.10264813522065643,-1.8809741630243557,-1.1813450525694984,0.35130396967661137,0.022849364709198863,0.5653145003991591,-0.5696687205921168,1.2007224591669052,0.20571180914842277,-0.6632790032932232,0.823737651750944,0.16800089144593144,-0.6129234324621458,0.09749796173040817,-0.2579408551387671,-1.3213185768311682,-1.0421752970826295,-1.274961885848506,-0.38382509380450475,0.2657355872835929,-1.4800537187819898,0.030894526120694765,-1.0194070826174162
1.5373557083390736,1.0,1.0,0.12345720631676782,0.27974298242758716,0.9128610782448535,-1.058104435573855,0.6602482719173051,0.6516033444214603,-0.49488138645978186,-1.2980752957792447,-0.17419927527229134,0.8073916757185771,-0.6861230630418995,-1.1576079109577424,-1.7632693742346375,-0.2974485741859457,-0.2763854473615651,0.3844879963268972,0.8101633966915858,-0.9971070944022227,-0.4944078025152737,-0.2123661687548942,-0.2894328698605785,1.077805193782558,0.7704982421014263,-0.5483755106342454,0.030204318060246732,0.23669477844900222,2.3567971781298382,0.4377633734351085,0.8778044593944795,-1.5683064802776725,0.1319519525245911,0.5806706701029356,-0.6286571315015967,0.7626627616373479,-0.7207794286747342,-0.34924403501447926,-1.4135964850346936,0.7060048427271509,-1.0633335302610325,-1.2183752552797862,0.44211243495439023,-1.5019653595586537,-0.7190827192002788,-0.27520181967664126,-0.6014168887482949,-0.7800607702155826,-0.14662352237973209,0.6260025124127875,-0.14362040159560518,-0.831581396295076,-0.07161409772158758,0.2735401816041419,0.007554939648219072,0.4121601994340683,-0.011167931701134948,1.3933528504540924,-0.0195983669721429,0.009020403972336288,0.665304870881264,1.8973150055190766,-0.8365952887372536,0.23369669057811387,1.3383762955805878,1.4468327135987045,-0.23869142844300406,-1.4877550869325886,-0.8115708529827756,0.41649073493606686,0.1376020899472497,-0.015678771014449276,1.7716362718286967,0.7201381739528743,1.4185668639375903,0.2752846111954181,-0.3530754770306409,-0.4389495208492657,-1.2999659962844516,-1.9515097621878466,0.6151247518043346,-1.0256009613853938,-0.30067904201247686,-1.7480572948640594,-0.17071018920573844,-0.9055853574264728,-0.5395464274003102,-0.8913337200914809,-0.3174561202791308,-0.6712781905277869,-0.7394482252438179,-2.3954457234112643,-0.09326779361406697,-0.4893199803131857,-1.7945213006273293,-1.878296350286616,-0.646663073454296,-1.8478629534447184,2.0420359549370084,0.8790177206839234,-1.084755526827331,-0.5049480253648744
-1.24914547989908,1.0,1.0,0.13547264557221114,-0.9292395702902041,-0.933222852421367,0.8981305146844556,0.8473312664411801,-0.6025268403707235,0.6780400187968496,0.9592316124486753,0.9632248833937076,-0.9962935911793057,3.1874197895831604,1.652928776881689,-0.8163450263816215,-0.25265095702572277,0.9935736533766077,-0.248109034147077,-1.1450040293499255,-1.1637232688107362,-0.188513062216498,1.30506712690201,0.1940893265444821,1.1539160553392944,0.06714401429394512,1.3868554295595197,0.8356637217801677,-0.9102426720826183,1.3242204970089633,0.4571242763483908,1.673144993684328,0.6284952589742996,0.6718975732355542,-0.3712715539928061,-1.828327469395174,-0.16110113978691876,-0.6324071860821938,0.631494292643446,1.9035752722675316,2.5236572569347584,1.6457404755628784,2.3110025459552306,0.3454290105631412,-0.3152687002325162,-0.022709121868621618,-1.3716163623005666,0.09106234741830244,1.3983989149876228,1.206492028666931,1.4608548182760597,0.33520500382092855,0.46550492184995174,-0.5044967735138299,-1.0002217418522996,-0.8209214572348147,-0.14624136721980086,0.3125862302523801,-0.05532867753234136,-0.30125115213544473,1.2996723955101475,0.4698394975856998,-0.06592533414261642,-1.4383736218559218,-0.9461574187796057,0.223318222140872,0.23451558246669774,1.1504974418442155,-0.43607748650433564,0.0009620067123057852,0.21666049801974807,-0.014272524273701237,-0.02449625219155385,0.35730982135073813,-0.8476495716116218,-0.4031733671330978,-0.1682704875609052,-1.1217967103763837,1.749215944845166,-0.2290774166478038,1.7997161151159478,2.298693230322048,1.6263523750704645,-0.010129439632213062,-0.4462403294620553,1.231064861373964,-1.199442851314242,0.5171824339703708,0.12404610981268858,-0.7835903884172332,-0.20204102635143403,-0.052103202017827956,0.07712938625780885,-1.6245541621589479,-0.7458623626660559,0.18938617026498616,0.03360721704672579,0.35075847889832806,-0.24782730236868938,-0.8992922898084428,-0.14030087760386384,1.6692133300156344,2.4656030802369213
-0.1904472251812453,2.0,1.0,0.1132716923341177,0.42236046443226083,-0.6239085299589964,-1.7230145172916707,-1.3368651583249358,-0.23113640608233463,0.8211102646554991,1.3639570305233415,1.8589433521291991,1.8527436509878898,0.19503415066848975,1.6709520052998463,2.015505127561311,1.4218676097143863,0.7059808634150648,-1.3393703071713667,-0.42718921470544396,0.2511823425372842,-0.961455122958958,0.04865238104419528,0.5644161226435336,0.2442012342012442,-0.04695110308939986,-1.0207217199515273,-0.7035256601027858,0.5795090078590235,-0.2688901480593383,-0.929444413659481,-1.5614948189657407,-1.0781709484532775,0.6161658551560312,1.6654355299724393,1.6948167782271082,0.9796905063455057,-0.6901403977132823,-1.461081633596088,-0.23917852577633736,0.6152118177796224,-0.7165561469274234,0.5074827169642698,-1.5755242575108181,-1.730615146486877,-0.19661645562180174,-0.6222233151638712,-0.6271408938322611,1.079775606062677,1.1597064074355932,1.2765509932230654,0.5247658975475397,0.5792893020937671,0.49985494958922816,-0.6580415301011256,-1.8035496427804616,-2.039466382131704,-0.07686507049861657,-0.8324510186489311,2.181195524651952,0.6468313032576847,0.09716054089863521,0.06068797782894192,0.8446377458022467,1.0839300230703601,1.2872798884737036,0.5239543417171865,-0.14433550877207865,0.6905641051881855,0.7447738731969897,-1.4412847458862235,1.6674011391022168,0.15507507201684045,-0.057402733562437636,-0.9518734830624714,-0.039887416855253655,-1.0235495274351598,-0.8743953641001911,1.355473900959747,0.91674279901929,0.7487783318492153,-0.18525420422941025,0.4594257528009978,-1.0263120928403906,-1.8614409149039428,-1.8861851634861297,-1.0995846965159815,-0.28209715943971225,-1.0376051879967703,0.9261718235526313,-0.1897720095904991,-0.24269060723755873,0.09794779511933713,1.544520100601136,0.31465958277558226,2.964881188706751,0.9011317468581412,-2.1921313965749407,-2.0563827117730793,-1.4490788550026248,-1.0732510150985677,0.16464857122802556,0.25296533568954954
3.680046379497811,1.0,1.0,0.030953706515940288,0.5289678353516489,-0.2986196035150669,0.3674311277549281,0.1779040099288928,0.8960221207950929,0.43914630505298746,0.06121477400714791,0.3181580324219197,0.36069500105902585,-1.0430143555881204,-1.0635327022906877,-0.2517978634720018,0.5861861860318065,-0.6404671897279142,-0.2943608701149081,-0.9335054174954018,0.21651576338594963,0.9257428762689861,0.9623272561701712,-2.7427905691867336,-0.23285000258460664,-1.4804748966044565,-1.0372504245716208,-1.420179158361527,0.8006843419805726,0.8624288212766483,-0.35758064669220435,0.2833294749212505,1.7938215684487175,1.2359408464018957,1.3485367545253095,0.5326429762219462,-0.21031270951281905,1.8681983977628764,0.717948492179978,-0.46572789013432403,-0.7704199647135951,-0.11817900046892452,0.8579113783552391,-1.6363252153254702,0.8500719952877909,1.2630793489785253,1.4439761622629625,0.9498475786557437,0.13222644224290897,1.1123608847495579,2.1891324697652683,-0.4436975631807999,-1.6518540206771914,-0.3536305648193821,0.6344174593511925,0.5245881668706371,0.591685222825261,-0.6559305008389962,-1.3043660515268851,-0.222833090556681,1.0897111227657186,-1.0984336268944865,0.8941737384486235,0.32249521773352163,0.8971271135244793,0.6405256909531284,0.47884300295311544,-0.2548382383747141,2.320878787208813,0.8816159142488409,0.4182596451362062,-1.1064655898794868,-1.4225309273519329,0.23007840236191776,1.1468251452797742,0.6058166297554077,2.701495947246929,1.0538627839081676,0.29678841141918866,1.167488923186135,0.6926235623423082,0.9581490606893996,0.3486306604341299,-0.7170579231563083,-1.325061232354091,-1.2165632922965801,-3.0494414229750975,-0.8089623343321286,-1.9170136588813382,0.6987893917961002,0.12848110774121208,0.221305806048836,-0.43942034434472166,-0.6231142240672911,0.9521657021000094,1.2232378692347774,0.12877433424920443,-0.6964188208355963,-1.1002157338893017,0.4138031805666941,-0.33449564448045127,0.6754287660927238,-1.3910970618550684
-4.956759464072499,2.0,1.0,0.28097955808448577,0.9618354248487051,1.6581779702231612,-0.1828907280964085,-0.17495294525692123,1.0877205232913234,1.353370730755977,-0.4151929545807902,0.5755043042857988,-1.7559067810598121,0.05288639229594978,-0.47638768045939783,-0.18876518069680867,0.7143976356406498,1.2461702185763786,0.023017050860259833,0.2798806035237361,0.48066909445699524,0.5850933744477479,0.915337093347082,-0.6589049947529597,-0.22915728655640888,-0.11823662442081546,1.1765682758901461,1.0154956524342893,-1.3661916459051011,-0.34965957162841377,1.2376062151150728,1.4894727769195808,-0.9424089806584384,1.0909139435172277,0.8661051648822643,0.5220502910182252,-0.8763229275955391,-0.2588915352153073,0.04888105260896311,0.22150015097680564,1.4912781054745325,1.0714396836725393,0.2586388510661591,-1.238578930416747,0.07408613091934785,-0.14821258346845387,0.5565633083561068,-0.31886834678244486,0.21571436941086003,0.4270645656937051,0.04441564719643343,0.6182284182934191,0.08103679835173955,1.2772064618537768,1.2350647169203826,1.4179745870437679,-0.19848078480442843,-0.9925181748164608,0.5479434696506005,1.4362050972487217,-0.02928278112117144,0.9082445812137266,-0.4672438311528209,0.14153098723225924,0.36027234499884775,0.9584258554302514,0.39710586076311194,-1.0760449944572215,1.15610770418554,1.1163644448707397,0.5197166890790619,-1.9757022105148758,-2.3581531900373722,0.3314442017379057,-0.2821282435297947,-0.6070524447301721,1.6297658266318844,0.5316733942201699,-0.33235723916292986,0.723673360587477,0.8096443424773737,-0.25852696979286893,0.2259004302795278,0.8455785976549774,0.49702954313423375,0.23190192905109325,-0.47985460011701675,1.2813231572009545,-1.913765306470342,-0.910322477901613,-1.3749018056527036,0.42138353135947393,0.038601944945578115,1.2882347905154272,-0.07604372574522011,-0.26297211709376916,1.2530171817162274,1.832631794549268,-0.4339145719420424,-1.1089006871787481,-0.9540169618918299,-0.9842665243164351,-0.4238947597279163
3.1559053563525636,2.0,1.0,0.2246270469094683,-1.965936518718664,-1.6768478973040022,0.29707783380578634,0.7954931820095933,0.6160384558164081,-0.5451869806617968,1.4231306365515493,0.3837550514763486,0.636898276226991,-0.49916578700854897,-0.270092543136249,-1.1635697077195346,-0.7529684298330931,-0.5250384933025637,-0.9861803821712191,-1.1607507773131152,-1.0207225508433604,-0.9913001788370082,-0.5258183519004583,-0.7659560963429373,-1.178018377657453,1.0193385782955828,-0.039290825849341904,-0.971269343723476,1.7790572957372817,1.1540333764688768,0.17655137290977807,-1.4929396027194035,0.2821728695555108,-0.39159699476677656,-0.7832908851760582,-0.7823909279328395,-0.7765866227891968,0.4075525816510099,-0.9508994478446349,1.0448524753217987,0.4022447244143386,0.15801096821132518,-1.4563761470895835,0.3788172968921634,1.159786462768975,0.6525534338160692,1.094869623198643,0.48659084371460215,1.2686106273160889,0.5456111794099839,-0.44320632921860625,-0.48177043255830354,0.266935200330859,-0.1852571919705901,-0.045474685905778744,-0.1574544368152779,-2.1269559426185647,0.0884891326054954,1.1784034563751677,0.7100626723511441,1.014293339859159,0.0387405622269798,-0.05469150706403195,-0.4781661597802479,-0.8004090359052498,0.006775071785869002,-0.23852484184983222,-0.21782993350561047,-1.279892404721209,0.24623217362794791,0.4951513822352397,1.0258227342738704,1.6969293086589095,-0.7411161980220451,-0.739855015776737,-0.15741832322977126,1.3828363618559112,-0.437234456596414,0.43721753286360815,1.797052183974321,0.4524376513576773,1.5813834671824376,0.1834337653740375,-0.8800604584450167,0.7063216693819114,1.744921991912393,1.1988345588607152,0.865762152013893,-0.0723262622077817,0.811625007636322,0.1823035841339826,0.42977706557948947,-0.35297704506727035,-1.8270986365075892,-0.35040238671671153,-0.4037906838189721,-0.893802458977796,-0.6448331755968149,0.2798742559279956,0.09280829423210271,-0.9737045088162121,-0.525128786985482,-0.23632743294140587
3.3008730211399815,1.0,1.0,1.1721173550605777,0.9716001487583554,-0.7664106778825789,-1.5704169218325958,0.6204181550180689,-0.9736602754976744,-0.3047086832652562,0.6178588254922753,0.6896940571143049,0.37108226789229126,-0.06061751549375979,-0.4311943473687825,-0.3853780698441412,-0.3102098365050435,-0.7309605280074388,-0.564047694387146,0.28851567821950413,-0.6230144188954329,-0.10846277251717304,-1.655369669660637,0.30023795592543395,-0.8341645977585594,-0.13588974432199663,-1.2207358372270487,-0.7404766702784333,-0.003142763740544475,-0.3473869926514942,-0.8293387285403001,-0.26256533188969183,-2.003512101493917,1.5962711741551223,2.8317920398321466,0.08562875256747637,0.36873133737541053,0.10541648533816278,-0.9581038753183513,-0.6908093349110254,-1.1545974842495632,-2.462559222108123,0.05869088319682603,0.5827326033686394,1.0485691341955046,1.5057484564508201,0.18199478212717501,0.050935886627921825,1.6812875220731556,0.676820096187064,-0.3088848565783059,-1.5398253480445478,-0.9169769459911173,0.7724427602380224,-0.2053726875101619,1.2500500970308948,0.6049137551474179,0.593505461903361,-1.6209615082985156,-0.26356673512995454,-0.35637740146569274,-2.903859865662586,-0.710207248456999,-0.45762593139955965,-0.8258701153896848,-2.3554062867184284,-1.2946758756973133,-0.7321584068193174,0.16040170210639593,-0.8846362660656337,-1.0124266081389113,-0.668930498634652,-0.07847144452321445,1.4893937797951908,0.5170626982838613,-0.27058455617865207,0.4431319506047739,0.16312822673537325,0.2573367281990428,1.9066502674792485,-0.29644973897316906,-0.09162092942269387,0.27795910294991055,-0.09397123376909382,-0.477513117544899,-0.8226771002464058,-0.2829004598153125,0.6662767246991524,0.4143774933159049,0.7249757376998481,0.16010074510065972,1.0216438520901852,-0.26148279935660845,-0.6921478604188752,-1.5895353499286955,-1.1610678020168348,-0.27191800159879065,0.8546161036117559,1.8246055813926714,1.8591626725591799,0.9245046409923533,1.7479969698612539,0.808355809320419
2.5399803490480055,1.0,1.0,0.1547578022359315,1.3968389528838425,1.0589967550225516,0.6683445893425357,0.06359761831207406,-1.7604209498795513,-0.030577601897799678,-1.7458780037054857,-0.7852559592869608,-0.6532737511778153,-0.7223773414395117,0.25850336435145743,0.07650314378802495,-0.006433869213276842,-0.9704509287768609,1.2666359840212675,1.4951624195604416,0.4194818646189371,0.20560548911936388,0.22481500746951044,-0.6634774190654277,-0.7481534241658647,-2.101876852477404,0.6352769928637166,1.2944792426885106,-0.5809259160213553,-1.006275980608215,0.08876342321551123,-0.5258786078747972,-1.5467535442880476,0.033217429829066156,-0.6019243006897933,-1.01551250053358,-0.32937576573548666,0.8582677108831301,-0.5134873569008178,0.5591026117812077,-0.5196875245984071,-0.015218416696339748,0.35909084972968397,0.29294157445975716,0.16872608621828358,0.5803876329861449,0.5130169837434201,1.26902873529404,-0.15408716517085627,-0.22211237737637946,0.9822794761234344,-0.1555036703080963,-0.8075148489559162,0.574938691843137,-0.6988497498785085,1.3645700491128956,1.1186381838582293,0.6034647224350023,0.6421989235532846,0.5304496800655112,-1.8923886758112491,-0.3843981369541184,0.27222575108769786,-2.270594332503834,-0.0697908930352319,0.09172026410774747,0.6670868462808369,0.5425330133922881,0.6128257731800058,1.7518461226442277,1.3921640387529464,0.17509689824611502,-1.4206399089955073,-0.4996582072095007,0.6521036794178716,-0.14455246781489656,-0.7253420884753535,-0.5416639904496829,-0.6184703292477416,0.19800503251818993,0.15918386899140263,0.6419275258726074,0.8027325841833829,-2.0754924908813064,-2.1805902800758368,-2.3394305952382957,-1.9646073240743172,-0.5066315086636426,0.5055053756523434,0.06522786982750423,1.872493549835339,0.8830987661182769,-1.113477832143874,-0.7303559561592283,-1.262488319181807,-0.5081409707870205,0.25321369587347886,1.5490252265308175,-0.04571703405006979,-0.8250014260981,1.3373295787270867,1.432878812111512,0.49829029446148704
1.7477653683742589,2.0,1.0,-1.255664668474171,-1.1183707494420343,-0.762395592657859,-0.259035525365569,1.173042818449412,-1.2960640892811386,-0.7217558238497908,0.9109242489321037,1.3616509698403738,-0.5996564950654778,-1.080123968213033,-2.257911289071492,0.30290399027282255,0.28637896258090784,1.7622847545114486,-0.5739130859775271,0.14376446067482168,0.6813726691462587,-0.6970350525172397,-1.1065176636597316,-0.3046765582130169,0.868654272644749,-0.9704815709966634,-0.5997202772086961,0.26942426577243317,-1.7478540117709789,0.48678150859255886,0.7425052628896291,-0.8212645050166459,-0.04770470091117418,0.6520020926786833,0.09506267840112001,0.6125363692846776,0.19335577159834497,0.10314371788027436,-0.4226366716976748,-0.3373140550492356,-0.2010511379049868,-0.2153732032962683,1.2609926415557338,-0.8899408048698675,-0.32434179881192643,1.5018911713285463,1.1114193843131888,0.4725214563878083,-0.7267807383154509,-0.13376725539002832,-1.0274308183516423,-1.8404307725727025,-1.092020157148379,-1.1402961136929126,-0.040358817177465145,0.1820674438275818,-0.18637346131634153,-0.5245132690631673,-0.02870000670647565,0.5701658590528534,0.4243866637906677,0.2915709878699572,-0.08168776277432249,-0.27279648490590575,-0.9406974697795714,-0.46830961179422365,-0.06488437892476996,0.3943047394380996,-0.12101757057089108,-0.7067879733475886,-0.12882083930763874,0.2611127350959962,-1.0859898463951463,0.32727552724957626,1.006632640697643,1.036762505996304,-0.45938209867774304,0.5035757410267911,1.96713417635639,1.3782397707394645,-0.22774869023445732,0.9663950269716277,1.572937893494149,-1.605978666840139,0.12002290064700649,-0.12920812411200647,1.6279040787162786,0.37488364294633875,-0.8851023061402559,0.07842824724250036,-0.33054689463766024,-0.5008358416960503,-0.4368087796565525,0.7441576868066285,0.6961552286730168,-1.1241542449981656,0.7269733444765439,0.7243568292749374,-1.7489117173308868,-0.8204315914963108,-0.15706931395609927,-1.993475048087721,-1.2677662123347289
-2.674496526273451,2.0,1.0,1.0154264118070242,0.5039630352611381,0.1560190843458286,1.7103122661998513,1.9476049188348616,0.17946470999130779,1.1446359542780427,1.1879909720209987,0.6634218012139597,0.879295159067534,-1.0437236719649279,-0.6779104791372466,-0.6767753858979575,-2.4140024237654334,-1.7586354628190923,1.2725377734196628,0.18231502552574874,1.1381530703612677,0.7987790646111594,1.9315708971740921,-1.1471084863503065,-1.1457344042166404,0.1463551116161786,0.579752564471041,-0.9516705958346299,-0.19952025494676057,0.7263732204475213,1.0509431932757871,0.013321929227930462,0.5107589113481511,0.17787686642876743,-0.7051671760439351,-1.900672409943002,-0.6927297706101547,-0.3033718858143613,0.018309747805519756,0.993968999829421,1.5160276321621784,0.579027409252731,0.008803220864018219,-0.5268353853168718,1.1375947169714653,-0.986931246707479,0.38332387632221754,0.4691986069397588,-0.03580857731821904,0.5327174365198484,0.12455591712089019,-1.4807327501349974,0.05547659866178656,-1.0731141848721908,-0.07097960577399504,0.41033372871295126,1.2590493430884444,0.6020791397524228,-1.747673333627606,-2.363891641519584,-2.193435147546103,-2.7695642699992953,-1.0008029375561707,0.7050817486365714,1.2974023061246431,0.7877645162876028,0.15756514471337627,-0.9337918423256978,-0.12871647969726135,-0.3277277659327993,0.1867287516108277,0.6083057871010819,-1.133751662229092,0.16108226096384323,-0.8399935465034237,-0.384118263227342,1.5559659357289761,1.2152880434134108,1.2434167691101103,-1.7144702532862812,-0.9267269205478721,-0.6493130374327074,-0.5108810370745855,1.1586147173661865,0.3047631779828574,-0.15944367140292767,1.0344542642887746,0.9047445140987567,-0.6136548875509276,0.02243408377205308,-1.5810698539784978,-1.4919346226177994,-0.12341913655643827,0.292463185174435,-0.2127363015713179,0.40363395221803566,0.6904054977754285,0.03404559588656805,-1.0646701964155212,-0.22822667957201823,-1.0639818743140474,-0.027335295735159748,-1.2762957999287075
-4.346084794771061,2.0,1.0,-0.5350185951282398,-0.19915771544163888,0.4826333382563674,1.5731697006664782,0.110167466764452,-1.0316581309127164,0.7683343361272075,-0.4936583397915015,-0.6064777390016698,0.24580484905393143,-0.5903410581195208,-0.29699893158491864,-0.5374842473118144,-1.595448972645567,-1.752404026015571,0.029422493705748676,0.6320887204216898,0.5645934492442501,0.031148743021365943,-1.2594123841871367,0.9375951559114045,-0.8962583381714989,-0.4452062418279913,-0.47969965015616384,-1.5271149577870888,0.6505461823980554,1.7821740018515255,0.3666844615046542,-0.25805488409612143,-2.2545929190574836,-0.15234807315864735,1.2229908545448311,0.45143018683214203,0.09678453366678785,0.6076702315877116,-1.4698032934208953,-1.3213170525790152,-0.03248777559091781,1.093215882347834,2.350749344556278,0.23162964712150835,0.07021280532806752,-0.7034174714208173,0.7300553422188218,-0.06057552099043323,-0.2893190128490059,0.48676989697037043,-0.17542211741358193,-0.34992880522325953,-0.5852766350754901,0.8132529462768235,-0.22147221055079164,0.6718558954051345,-0.0363272143887069,-0.22109234120446614,0.4845436097240471,0.3575331120898662,-0.49357521018013484,0.1325388851134624,0.27477180285046143,-0.23978588137572876,-1.0455454717739194,0.07484898170933191,0.8378304550736368,1.1136868602831669,1.1985248340281263,0.4063961575704073,-1.5086227026357708,-0.938280995595846,0.5792651929346846,1.2562105373209544,1.1867399815148203,-0.17372778204913142,-0.5834658127155019,-0.18274298032612857,1.0336476080534425,1.3395050800089647,1.2566209348171862,-0.6042372153956437,0.4519163088660415,-0.39260590451765404,-2.1081293811844715,-1.111158486945455,-0.9511991427608186,-0.16352041261548309,1.6473654287376158,0.6489691058454007,-1.4183518239636865,0.3537760466268225,1.4121671369103952,1.581540681673284,2.0237641543501024,1.9497269071905952,0.17289602530761872,-2.0642235868759196,-1.0468638082927428,-2.322482766710303,-1.0230501513473664,-0.7536907758526232,-0.6795856518753625
-0.4759442050864999,2.0,1.0,-0.19167830399915992,-0.6059900849593376,0.7386515374846994,-1.0076199748433572,0.5578536869694499,-0.32695323537204685,-1.2029431988417483,-0.6615401799026974,-0.547690624096788,0.7227241151383046,1.124960342806289,-0.2360354943885788,0.4832719640607329,-0.5588726493833716,-0.27733770320998996,2.317822783840252,-1.8148034229475898,0.1002408009304313,-0.3794398956661824,0.22387348001947904,-0.35458317719148763,-0.047538575138017056,-0.2772677691823439,-0.1389027396298667,0.41726604988677934,-0.021376719484793916,0.47459502766073053,-0.09769669317474597,-0.08937193701493001,-1.472152885865736,0.09859897713892413,0.04157469012403207,0.229199923871773,-0.13155528709105874,0.2939224291659668,0.16079512390176554,-0.4356324681596879,-1.878443403645731,-1.0423611278096796,-0.5014500980943987,-0.9207327266999519,1.7753556963072676,-0.5376714474063234,0.6427051239091681,-0.16550594482811615,-0.5841998902728632,-0.6509792825194978,-0.8646575950653468,-0.3856089290764355,-0.7000285428500301,-0.3447834823342597,-0.07300554445438312,0.8455892928979016,0.7991069587967282,0.0545268974596137,-1.6940910620440375,1.0663129228463404,-0.056818721127089133,0.32452794426436704,-0.05098893178646516,-0.06995610294944819,-0.8244659982688154,-1.3694124890068393,0.5316978149981317,0.705875441514151,1.674934437848602,-0.4758949970886803,1.312767083051072,0.833887304391981,0.9290607906126024,0.41752620615038005,1.9608122182576375,-0.19399025597046005,2.4142640704759506,0.6310519174852633,-1.804636994790329,-0.16178480857759803,0.23217521238251304,0.2973192966113606,1.3786924741902713,0.14228762454251065,0.9057451705646428,0.7699717814686957,1.9198213603366643,1.3366022524385546,0.9865070611397081,0.33607164548332413,1.033949225918568,0.8245295315893048,0.2987406682011618,-0.10962200213535939,1.5657066097629588,0.22098700318665943,-0.4340703728480566,-0.41958343132620024,-1.0262257535708723,0.10549095940123276,-0.4355645337009505,-2.6658612551637075,-1.8348664201120475
-2.743543133101725,2.0,1.0,0.9741739047250363,1.1654912109043378,0.4305598489250155,-0.041007118601301545,0.011391107494447647,-0.06854521496902775,-0.12823501512211838,-0.8249704984807797,-1.3148536647271696,-0.0008561557388145902,-0.8084800924661627,0.8030507891492769,1.4873308410453843,1.0162945430223234,0.13607002829306414,0.37015641754774425,0.4949488919695056,-0.021090059439171388,-1.341376632984166,0.5518197962721926,0.7750219854116931,-1.068162349361977,-1.6500089826661173,-0.875033256100173,-1.669855920361023,-0.017431348480881015,-0.9447155160106029,0.865461480979536,-1.260283307203204,-0.24988308998594255,1.639595368400782,0.27984498125493756,-0.6196245189897203,0.5546830404165715,0.27487906401360396,-0.1402843405518543,-0.5306384628654371,0.13469695407468626,0.7835487406774367,0.34844532000644324,0.12969681973628933,0.4292532291027665,1.2743860304942953,0.23221255963067583,-0.5401930512985749,-0.34723361701015515,-1.5645312905903384,-2.6663457445292873,-1.1923965724257344,0.26056128141886487,2.2575452419388022,0.5959125642373231,1.5262798099200279,0.4019647921919437,-0.26999689489472717,0.5242122095006474,-2.3809421041868424,-1.542747358920317,-0.7773922376654199,0.7186834762367351,1.049234015194482,-0.6505344708949805,-1.3165910336866329,-0.32045842733520136,1.3596065380263747,-1.14352567730951,-1.4418324775770097,0.53865806341468,1.2591634707136343,-0.80400561269015,1.737184856861658,1.284460275229225,1.1989703996993124,1.301037976729627,-0.9321341463503554,0.7660723571055117,1.1103417663566377,2.420399729895883,1.9344866765340618,0.6713577546848892,-0.9852730845294111,-0.6060165596216441,-1.8264727061721189,-0.2534741874005409,1.6815970413931258,-0.1521089376604266,1.032542770722002,-0.3025973680588391,0.5692138397200932,-0.1729056269394874,1.95213744127768,1.558053050664691,1.0713615894421387,0.20743977907059347,1.7881232852730033,0.6033611788949111,0.5706948927091615,-0.31823121009374017,-1.5790418829072896,-1.064507359333086
-0.8534832645322935,1.0,1.0,-0.4832798627993281,-0.8304874776257664,-0.13826244249605285,0.6326573308138639,-1.330481003053538,0.15831365225300476,0.5667216045181569,0.9384822180144099,0.05458681691124312,-0.12476536377571315,0.44631328334209547,1.20499646223448,-0.11915236836815252,0.4946673563411321,0.10515705761153712,-0.3678816247834108,0.12347782724353953,-0.8087982735771192,-0.9076022332382166,0.4487885281478253,0.7939761648956979,0.0841002995464312,0.9760541576462425,-1.488844142279583,0.4255076289153207,0.8380544353662321,0.3400148072465136,-0.05748072303223378,0.2819841526404225,0.9434277538901272,-1.913187755067161,-1.0279523020647527,-0.9591513900756148,-0.4332253487060461,-0.19490091859951075,0.8690449830498511,-1.0412031641975314,-0.44851411925892315,-0.11227360869231244,-0.654181113550337,1.968513156457921,1.3126088712930626,0.3781526881170194,1.494140695639157,1.1753081954491913,-0.9509944300187246,0.4062461357010166,-1.7034498095353567,0.19565971226827905,0.0654179327883102,0.3411637671975058,0.3010971922414603,0.2983418140769196,0.007567466669316722,-0.19666223264312893,-0.4498032099023371,-0.4122546210500728,0.3108061122565106,-0.1414695512344189,1.2443444148050948,-0.524296028248286,-0.05692491364415739,0.3266929677521686,0.9545171091048863,1.6730554702046083,-0.3743316350604584,0.46457108795606383,0.08109858648597576,-0.05035077539455052,-1.934290584152903,-1.7227972831568408,-1.9467692126953389,-0.35232012977985155,-0.6695676441756342,-0.7305188470529822,0.18211569472367625,-0.1632756924703112,0.4588368658782996,1.3099089599019607,0.870264444027988,0.25537658094083987,-0.47483816026447734,1.3949226839487796,-0.22401863816647827,0.10896226226621805,-1.9038608658675986,0.26430228749291285,1.1065853082451453,0.46182355114330387,-0.24835229023613084,-1.6476966147778624,-0.8076132551196227,-0.8994033479943443,-0.09107430811647527,2.059517133119067,0.13485607316479487,-1.2494663543544986,0.13148050241008546,1.3089090329726025,1.398425435037138
-2.0008871978435407,2.0,1.0,-0.45504503576626165,0.8030438658608363,0.6831581594761738,0.627364831276283,0.6137236465790092,-0.8188513331803347,-0.19961829525330116,-0.5299937204886295,0.11144293077900247,-0.08482848221926147,-1.193381177570705,-0.9067583716572332,-0.7762917373509732,-0.19891863531272685,0.9150490535155459,0.5272710019577032,-0.016376352418518314,0.3530662377424384,-0.7665914253800536,-0.2805925031298848,-0.3474023341367408,-0.23149605857445255,-1.0923069421864249,-1.6917882307783805,-0.7244696799462594,-0.3168991759596397,0.3810005252333947,0.627659253576765,-0.7097147917451331,-0.5971996553329347,0.9404976023055193,0.659544689408469,0.805562179398335,1.0948123661819062,1.1362052894337746,-0.46548083371304316,0.05511089803342531,0.88686472412614,0.19684935181390323,1.0865255213870575,0.5993107139425847,2.6537299361589595,0.8295452166453878,0.19002971520630166,-1.236233025866177,1.7935648698012028,-0.3372850888979366,0.3226160557788108,-0.5319293577961016,-0.6049543707516319,-0.8609749047361793,-0.6627544645414756,0.9564581344172487,0.41431106432529,0.900807647100121,0.4883694657627547,0.4745266637185823,0.19253343513408017,-1.2265163546610465,0.9242538082261698,0.18125813783717662,0.46766464282705067,0.894149760205424,0.8337413812693691,-0.33850146058144126,0.509297644039112,0.2223911311323872,-0.23387522821659348,-0.6488068822232853,-0.5852909216557958,0.23472009519957454,-0.3623016149659266,0.0461712669066337,-0.2864331004438229,-0.0014233758152861625,0.5354463689916636,0.26663119238401767,-0.07499180537349687,0.23314888791352334,0.32384410754567633,0.23166731942895383,0.7787436398944982,-0.39610068007080657,0.797323830007933,2.052502728598185,-0.6672761586991777,-0.972393818744331,-2.144152026342223,-0.4628070754143342,0.9795245313427225,-0.9931433657149262,-1.0082563758896494,-0.3758295772868056,0.571261782946391,0.9020620860285977,0.2329782978098798,1.3247539781482929,0.5083143910973116,-0.21798050011478248,0.4846926574876471
5.519112462019884,2.0,1.0,-1.7273847058021512,-0.16580804150371808,-1.4226581223867318,-0.4457358004289894,-1.684591581651224,1.6861776405788231,-0.6595261221061788,-0.4027971464338468,-1.1252830590041363,0.9484636488679379,-1.127419268637336,-0.5959162315047436,-1.009274776898742,-0.6316346704039539,0.11605162307351552,-0.31787499588066453,-1.6701063542927317,-1.1753693695556013,-0.3484924931325832,1.281243092538763,-2.6152551981847965,-2.8504120034600806,-2.135787053799143,-0.8686538347822531,-0.11864197047050584,-0.288517254325453,0.29326469992779,-0.9508744498149,-1.6774318823788446,-1.042618095670074,1.1683337417603183,-0.41299000027957367,0.9676777360814254,0.5960413560880672,-0.12515139595107383,-0.5373696801284619,-1.0803175155657252,-1.0992320410460141,0.5684182928601521,1.2646799148960075,-0.12727650751977893,-0.8666164360187517,-0.9029987445047714,0.8916776732396317,1.8690109333797658,-0.6305596125502951,0.2819680232227749,-0.685419940224789,-0.6830316247953875,-0.14738137296309345,-1.251679375942554,-0.33206919899114473,-0.33074056742563396,-0.9753518159662258,0.7265677297670678,1.1211635851982957,1.9185126148544833,3.2464284189622417,0.14821880820539146,-1.3904061409766195,-1.752803111435058,-1.63892693581574,1.5465624740004213,-0.15267723476440176,0.7316936483333832,0.15903160088882534,-0.08446367108544382,-0.2988998191896467,1.2457524656065995,0.2441136432934275,-0.7837174756585533,0.025881029311151216,-1.0304502877045705,-1.044426530330196,-1.9406333765301587,-0.31332168351710316,-0.26017298615327583,0.8620314408365888,-0.2924212011517091,1.1177414710660871,0.7031387597706568,0.9359339166342426,1.0073458465414213,0.29214445352659346,0.11705561439010509,1.2923911349182649,1.501005010124589,-0.2752508391022874,-0.9853333995975456,-0.2447611289655915,-0.7290779117671691,-0.422403729602553,0.3835609378021506,0.25443288714417206,-0.9410605446490268,-0.6412707896514742,0.4467493605146277,-1.0680973314577258,-0.26132077952496996,-1.2749213366846852
-3.701816753863194,2.0,1.0,0.7064944126360803,0.5020310723705875,1.1570819850594063,-0.20564289322853996,0.9803037637806873,-0.6293639997501544,0.2700772211635119,-0.3071185251258433,-0.5746065744570024,-1.4179430625158183,0.6064766742241311,0.4479476787922998,1.610291446193119,-0.14699330511786013,0.5847668754375206,2.5381508631999306,0.8445965883155088,-1.3787884669796724,0.5633887342122027,1.1465427647014925,1.3552737230045366,-1.3020086437999732,-0.36579656803790117,-0.9263719998825761,-0.39384115754970467,0.039248921351787446,0.14752570129428508,-0.4176151232560046,1.733159292012692,0.8865672696534265,0.0757453056351209,-0.446185594750212,-0.6493902904488316,-1.0098803789644468,0.5123715685162378,0.14408955355235742,-0.002325514118069971,-0.6901475996866995,0.8625831925581634,0.37635992550277014,1.60556694798356,0.3256477559211343,1.4817766365666503,0.13502404280225477,0.8220837839398997,0.077231732097354,-0.8780399671198352,0.4042477554827571,-0.6667043543300751,0.2639192601485011,-2.6931061874527713,-0.6016713262233907,-0.8361115726791234,0.11721117895868421,1.6803394019407418,0.40403168571642667,0.6684085747069606,1.12106593834906,1.6611401263682488,-0.17572517808487342,-1.4172578206373545,-1.8000052136251319,-1.4081466794798805,-0.02505644489004244,-1.0248986883781661,1.0383918921386697,-0.23493364472052458,0.5221487521714896,-1.312385228792971,-2.3893200813875572,-0.37761018043345596,-0.40281493108963645,0.6219698977844281,0.18198319402683727,-0.5226322483075553,-0.11256370971894407,0.22621398060911765,1.5905394983273187,-0.3140915665619003,0.04989258952443004,1.5161059918535273,0.8139713643288966,0.6129331568250089,1.0560138112453723,0.7420979097003925,1.1134822427459898,0.3860543613799773,-1.0075433992289355,1.1533167570946519,0.38130478192216655,-1.1263242779818017,-0.22865687583953745,0.9949244055575817,1.3928066290729868,0.499557971289162,1.2995100587256707,-0.5959550862356653,-0.15675446499104945,-0.6482619590327541,-0.513061823866843
-1.19200553374474,1.0,1.0,0.04379269061635914,-0.25297850904406227,-0.23054590938113162,-0.8557545463187145,-0.6944270056684605,0.06467612561727538,0.6898828356886472,-0.19901607808131944,0.7876892508974564,0.9767698027222826,0.9359103190053051,-0.6604297921270719,-0.9224100256770597,-0.9995141830716068,0.48703998695426987,-0.38778105322352524,0.07871226852999114,-0.3074841507654083,1.1389001903670115,0.5469240704674208,-0.1935197735260744,-1.407699175778297,-1.5283936985273645,-1.5756679857068157,-1.0967147472297865,-1.012742676773311,0.14077038123644348,-0.9774039702788031,-0.5826638078682378,-0.7144895625657686,-0.3350363424570739,-0.8272653239795297,1.045825361825935,0.6784986944961177,0.043818702816434935,0.07901767122817453,-0.9793475262429535,-0.6351963840892243,-0.9536029494586478,-1.2244752642099253,-0.11621262658197039,-0.3285585756959425,-0.2866900467836919,0.006453018472291974,-0.6036829292584405,0.3498260994934823,-0.49297731514950527,-1.6850320924107967,-2.7298533633148065,-2.6659856439744307,1.3620652701806886,2.090917928383438,0.09372633631159988,-0.746930687749372,-0.8607167428935327,-1.0268319400182646,-1.1929092234084873,1.0368809277719087,-1.464629697483804,0.6888948058183476,-0.27420827719466523,0.416677066126691,0.3457732719521276,0.21861254390907114,0.04827917539261076,-1.2982968387794738,-0.2552387683222039,-0.10877056525602723,-0.2990104065039209,0.514567531432549,0.48451827381812,-0.7856645798205157,0.3217535230084117,-0.9439175611309087,-1.0841102256727604,1.5607535874525413,2.1160722523788533,1.4196561961888028,-0.2625982778288396,-0.4145515730555421,-1.0351110641546786,0.5453956133309534,0.24475846238701565,-0.28383542877821966,0.6850278479324566,1.382296908846833,-1.0265976497443785,-0.9542749652798714,0.5205046792180785,0.19912687938774093,0.1970056832947918,0.4804202416577389,0.5562399856874962,-1.96076503548756,-0.15807351718607,1.9258618023496585,0.9417923256098453,0.6884817263193955,-0.43722603672653665,-0.11803250328132205
2.1378580734735326,2.0,1.0,-2.5816572761229883,-1.7282163495010257,-0.6923816104234343,0.21086951869139509,1.433475899891144,0.24123413962005877,-0.6298126845709641,0.010071796661136223,1.0300952330736726,0.5875035140728534,1.0566598606242594,-0.06843920482980215,2.1701920046336087,0.1487898531547418,-1.6963678066954666,2.356301832198083,-1.2715833105169172,0.7743708600335216,0.3418965994858217,-0.8058886562485926,0.17493666762026383,-0.5428356880043618,-0.16545887897971365,-0.17523749572483238,2.461441842280246,1.157179966544867,0.6851150347075607,-0.3211427089851661,-1.0985455518409726,1.4663328572973078,1.0349112322393799,0.039682478798326204,0.5937197228257586,-0.5012419292788153,0.44770774434089833,1.0712597799831634,-0.30046620803006413,-0.3417737748994636,0.48455021167912504,-1.0731049824357275,1.5967487309862989,-1.4491754258473644,0.31255640351580405,-1.3058603349177467,-0.6502113170058694,-0.7810990268158858,-0.5451028339805801,-0.013038019847084636,-0.6773238256108977,1.3011277092624225,0.5733413101622633,-0.7049410959296173,-0.5821487445921074,-1.8655195693119386,-1.7650856990356,0.6181583054167746,0.7599447678612662,0.2528224846339649,1.768078128347692,2.342081728020069,-1.7058962079617281,-0.8362688043375477,-0.8111420604895356,0.24577915015210938,0.009557035416389262,-0.5864332223044562,-1.6011532504049866,-0.24490706153518127,-0.30053014784987203,0.3762672148980922,1.1867599478434512,-0.1339737888776492,-0.26853724155963543,0.47846517871087746,-1.2020194744343442,-0.26734921112646537,0.2557027576851268,-0.5661293023394608,0.39762104893131156,0.22976027412044014,1.653921713557308,0.900307283730229,1.3887054748447256,0.08645776009909861,0.8299668377568243,-0.7215159965826449,-1.869922130822654,0.07993419655282374,0.6979078679194398,-0.1451616999840737,1.524530330192065,1.3774634543701005,-0.09903020768739013,0.7468260002802944,0.6278666512396844,-0.6927321537052951,-1.0131976347739673,-0.9624327861049381,-1.1203535464100294,0.01030226470838691
1.1472659179738869,1.0,1.0,-0.3230157681411912,0.2088085082314449,-0.4625075453976672,-0.40727855759508047,-0.19124171963536427,-1.6077521873268588,0.015495568707766472,2.1980123460003442,0.3795292376015747,0.40611666181814576,-0.02426509315133777,-1.197599557934043,-0.8168644715868184,-1.0633514484931468,-0.2184697186485808,0.2938547513975429,-1.5037818722024139,0.13711887659305066,1.3623008299001198,-0.9763298605624153,-0.7891024406231308,-0.888076007441846,-1.7408839632958606,-0.5867336073185717,-0.15709195509720497,-0.04036554801408117,-0.4912616654081943,-0.8396346937136562,-2.1057127418238286,-1.3519059704385312,-0.30875239820378436,0.4451652913916828,0.41371741950313057,0.6619916962651771,0.998056743046619,0.5606740903955102,0.8714405012523575,1.004481074769612,1.386127839293737,0.006705032653110621,-2.111706082804787,-0.578266254111091,1.0128298011117283,2.1267187547064794,0.30499107931240044,-1.8761434506947532,-0.8210286829314626,-0.32914093442171133,-1.0862810566894774,0.7650879650182261,0.06772290804904181,-1.886715756464364,-0.1308343944004008,-0.19314807366284176,-0.08663254308995964,-1.5285977074816743,-2.5712225674176348,-1.211618476315633,-1.3675367401284848,1.1769494127734692,1.1817366406753524,-1.7709966451001664,-1.4323171443257954,0.5319731246261648,0.3539682140189784,1.4403687694487517,1.7902461582747105,-0.8104400107559212,0.41549193031158105,-0.5053475586955438,-1.4796001233221259,-0.9894073397457677,1.6786228033030803,0.7464680475140173,1.6591234078241832,-1.7101484132140685,-0.7512783994552736,0.3136766423254207,2.1033903010570163,1.7245939210128047,0.8318261629183075,0.5572345327777797,-0.08527679387686077,0.5586874860782605,-0.48257264304148434,0.5692216601301768,-2.908323516051837,-1.5184669926403975,-0.6998275032883314,-0.38279793319852284,0.6857861849237117,-0.060382175671830074,-0.9685657731903634,-0.1904422826104688,1.5559734645662202,-0.3264860407840606,-0.622167737541025,-0.945467932015022,0.23775120950760825,-0.15811131965407355
-3.4084878277560726,1.0,1.0,-1.2896722124694286,-1.3416187645909647,-2.221552092722478,-0.44990098630114994,0.23627332824940953,1.584537706878074,0.2714522202767983,0.21709935615344106,0.7417717887337361,-0.11720492928361392,-0.7243565483657114,-0.34648623261596767,-0.49619846090271913,0.49924379544542496,0.42501732745988413,-1.642218004178576,-2.0819206606234513,-0.7003324005929954,0.14592551665649706,0.6784056262174452,-0.8355590262376058,-0.13175472038169103,-0.11883095958906628,-0.9887949317946227,0.713393936166993,-0.5016735745336668,-0.21150918947168004,-1.8633127824164355,0.8170404202891612,-1.0574710997373684,-0.32375101705404247,-0.9052795606654439,-0.9773661088198398,-0.21764774733091077,-0.5056857620465405,2.3979487631521237,0.4478447916827797,2.3423791613144145,1.626592633139292,1.9663616624614293,0.4338577951087017,0.2144341877639546,-0.9562917377806325,-1.1701504441987836,1.2028620324594648,-0.9285621853207546,0.2712474018271424,-0.877863343858673,-0.15614572757024922,-0.508094135501566,-0.43460438922265243,-0.0863235717538562,0.2137804314038372,0.045442096524572234,0.04896061175275859,1.5666853265648428,0.6979445665917727,-0.007000204330739779,-1.462606224146834,-1.732826410316558,0.06562815500888351,0.20457726095557355,-0.765636267959565,-0.7137387165439752,1.9476432907515515,-1.2069607961472661,0.1700808849273987,-0.35642316107566885,2.007410501956908,1.8317904598168249,-0.4157252330957775,0.6681617214481188,2.2084388962972286,1.1366286231630032,-0.08306061046959101,1.7786488104413751,-0.003981036350281797,-0.49971458750424774,1.1277788483419073,-0.3575946039865513,-0.8289918411165565,0.638910841589927,-0.27947260477097247,0.861264740887775,0.8416950155346853,-1.575589274625338,-0.9108974182961316,0.3077976818109403,2.0899781803145046,1.087235845130062,-0.2499991792402152,-1.126603144820038,-2.099239261938152,-1.078943383502962,-2.2128079959786247,-0.6724066339475747,0.383940767401543,1.213881487468849,0.8726388854729531,-0.13625027277964075
-2.0920884712411567,2.0,1.0,0.5764245790308739,0.429476552870933,1.0965074319627692,-0.6811982756732404,1.3373768356421685,1.0978414652761603,-1.0345409183209482,-1.0888180947512591,-1.6655731602544492,-0.4768503007114121,0.9004972904826056,0.9652787223608157,0.6513019480672284,0.4980266648700996,-0.10690130488024122,2.470617094819527,1.2595106112535497,0.14545654015776188,-0.600812609238764,-0.6678099136073841,0.6835060177731183,-0.6365212826937507,-0.6320653281365024,0.47899660147564294,0.2663908428112467,0.5384264461776064,1.2710575015367445,0.4594151248170554,0.9715733803542697,-0.47954306975252203,0.26935723165526215,-0.1996527300853742,0.5669564226868977,-0.79317195519673,-1.3785558387354127,-0.3975317767389745,-0.4519871561497313,-0.35347158771785653,-0.8747436441228038,-0.15564942035917306,0.13036469830590205,-0.030248380777279302,0.9965084319607803,0.9527765957242663,1.335115514164193,-1.3522978956277656,-1.0978484469043648,-0.5658319623026417,-1.7559980230408403,-2.4493352313066485,-1.2255897708312211,-0.6174930665321918,0.032872710813679096,-1.5939237013038037,0.2909821011483611,0.256530315063624,-0.15450654677314496,-0.15896162352632917,-1.0727845157751907,-3.3317403245905357,-0.028815746872121274,1.2883289516119258,0.3133681809868757,0.21635693103923573,-0.056494258404775705,0.9988533093061871,-0.4776508048630749,-0.2289255888819437,1.049986675602848,2.080406536737618,-0.015527562665122896,0.42501751816524846,0.48245337380014097,-0.9986393187023798,-0.35729039748532776,2.7160434611261164,1.4272982463674988,-0.4849462250048251,-0.0556885425745427,0.8161637570125374,-1.789401594035306,0.44174259232796065,0.03223563220814499,-1.5369085365031558,0.5138031600312429,-1.098671412135576,-0.9927863609956061,-0.7159337180561742,0.15971230339345371,0.21989428401505723,-0.7302552094713572,-0.030027384086718456,-0.6837539612754628,-0.4240652012745073,1.5297867577871664,-1.1721709462426249,0.5473542369449953,0.43239559652691784,-1.2026452798641682,-0.8928439092999093
-2.927415321020877,2.0,1.0,0.5597640189935157,0.4615827336663265,-0.2728023991467037,0.22785505060503947,-1.700522634340607,-0.5859298720458955,0.961019807366001,1.4902943155160613,-0.15014008347537366,0.25187662513386333,1.0404706931062766,-0.0450830033262799,-0.9194014004650459,-0.726025734876083,-0.06448820679373732,1.6931760811972199,1.609615820859688,0.8813264079113374,-0.8330267688551478,0.5339898458493753,-2.0674144815953963,-1.6784082911783806,-1.3543251946218349,-0.6957320498621291,-1.4400882113624331,-0.5418985645259928,2.277718262418272,0.9780591381293563,-1.0855744169249417,0.048888509446045114,-0.044369248433620105,-0.6323874351194296,0.22485093951913648,0.18142496727770213,-1.2588433909440555,0.32879234988126044,-0.05971846280971618,0.09662801271858788,1.855811462684358,0.7564855225600438,1.1459585601556206,0.22487537107029074,1.6717174090800622,-1.6364985360546371,-1.0191155086439472,0.6240606567668042,1.0454190342081837,2.137285035161537,0.3076808163325381,0.024040652106860086,-0.7800577386034696,-1.6333043828237779,-1.3201378253561469,1.5238486502531643,-0.295783626996425,-0.03665850735162881,0.2799565473401071,0.4102539511347597,-0.6402576797657353,0.4663169674300088,0.16430714756637924,-0.4346783414812304,-1.7820293693026297,-1.1354645488068056,-0.6150427371986816,0.5297904374019865,-0.804240384661807,-1.6463059229096288,-0.7993515021030797,-0.5916239402839822,0.7384027724001916,1.3651536823814014,0.7090615086063674,2.3516775275599167,0.8359775839999715,1.2983996378274154,-2.088172441836329,-1.8627419487260464,-1.6544468136569592,-1.8360012651067263,-2.4943144797634282,-0.3553704348828228,1.2224466485039205,0.35416966127477123,-2.5386354870801378,1.3434387584956629,0.2694862673997611,-0.9843562824794871,-0.5186077953727496,0.5451754567393959,-2.4463476057779197,-1.0913538280518644,0.3542156314512806,0.9655537013231825,0.5326107633006909,0.6292134612499861,-0.12458922979169418,0.6047620612551574,-0.32450384443604097,-0.14534757839953286
-1.5481427567136192,2.0,1.0,0.6128837507218853,0.34489081641170105,-0.6403654156138086,-2.3111946632721603,-1.1349676559845876,0.44509238073565577,1.0970840014933414,-0.009659203995545318,0.61976624166399,-1.5686254113054356,-0.12203911752944398,-2.41643069907086,-1.1191348159329504,-1.352566421314091,-0.37581316715021945,-0.37480774610037626,-1.323374087193063,-1.2968871059657088,-2.1665613251127285,-0.5753217171503515,0.21098378270357604,0.7794582740949499,0.2579340497229884,-0.2819386371409039,2.0084341895061892,-0.5868314550801377,-0.6048645621563546,-0.14887585223265004,0.07192761339489154,0.17747540755237515,0.15454693728834443,-1.0479018282622636,-0.9792415057063109,0.7779697729405368,0.08204797949612427,0.7189167747559644,0.8012482272095646,-1.322652493821961,-0.25366694479314206,0.7019881941055444,1.8261135962899104,0.7859556995707254,-0.7206401586387967,0.5356074074858183,0.9958620474572626,-1.1784432711329378,-0.9536749710085439,-0.9892722843680205,-0.24019474237738114,-0.24592429211235942,0.6177682441462483,0.20769197445055104,1.12173694428328,-0.3163640792247434,0.6066990997766745,-0.32058006976076364,-0.3630418677243551,0.5338963639500203,1.229132314399706,-0.6786748603304475,1.2410938008767693,0.9118267128287352,0.862068484438775,-0.4906940892746222,-1.0574352093266175,0.03351945085349972,1.215160694945894,0.34319909250131964,-0.46497280187486234,0.31102847037977155,-0.3947222459423749,-0.5957144134623379,0.7481360019132262,2.142456801940106,0.8242621210111191,-0.3097475028004086,0.42863686452845967,2.037197273668631,-0.6304185795254994,-0.11116773081553416,2.1335192507793694,1.7353881776657045,1.3408106122568877,2.630844394212929,1.525613071065612,-0.4278899858746946,-2.356859627017473,-1.4108339992006638,-1.6122688697188208,-0.8355983957405378,-0.18479301512209462,-0.1530415609282998,-0.24039738037563882,0.6928802830547649,0.36964552618554447,-0.9640744763804702,-1.6416560945916177,-0.05223015804138442,-0.12862426851806896,0.16649935996766907
-3.82233432959959,2.0,1.0,-0.596651056704871,0.5736922574266798,1.4516400871684327,-0.5712132540308171,0.37724091824190387,1.5340235127361759,0.584890860067417,-0.9385582169949135,0.18563495582762096,-0.6323609192186997,0.05504051358729308,-0.2638502431779201,2.1977200654263753,1.1828504102016788,2.1006783725535065,0.23565235868932746,0.07479889964371257,-0.41645188088161406,0.3711292273731799,-0.10838583577729649,-0.6129194514640613,-1.5227275568443155,1.234057910577019,0.49032222391901265,-0.30097059029885925,-0.2160746666573361,-0.9134122659277759,-0.3977802370544383,-0.6194963363074765,0.38736307401030756,0.20749089803473655,-0.5277457572360903,-1.0845241205321183,-1.4296774489370692,-1.8993326301643751,0.10706512608343317,-0.41714980187231687,-1.0921492712247352,-0.3522203323846538,0.5771282258125521,-0.09063458873218636,0.13282022283882505,-0.24047023195466294,0.2902766946703671,1.3139387859369185,0.17343628403087302,0.31347591687150544,-1.2732898793741794,-1.1957511354619241,-0.3248325251247297,-2.7058823304467827,-0.9662386027194524,0.9866260706834304,-1.0491320257087464,-0.2777556042547801,0.04931349278854273,0.7630787973402116,-0.892117218302483,-1.5534738701905664,1.0469289029372486,0.9993858519898279,-0.3098916347886119,-1.832848332663823,-1.4188547765956439,-0.5653488844424032,-1.0783298490371334,-0.5049700284604837,1.574572258703829,1.4805023375832866,1.7508370502026591,-1.3607097363510547,1.6047511001712285,1.697316205091946,0.8385141425217202,-0.08406245849478533,-0.4088379220707663,-0.651402687689767,1.6395867995321414,0.7695348655664697,0.4247106911682012,0.025800027976386215,-0.5381396195987633,-0.5956171243318755,-1.7379936164508742,1.7841606935746555,-0.22730651915424754,0.7602786348351115,1.7771850193286036,-0.4577014794276546,0.8829238383882807,0.8868498468913124,1.1761858878367564,0.4453922981726544,-0.6562496970150181,-0.6399769263375554,-0.5301544871203364,-0.3059498880101449,-0.2741012101437182,-1.3732675366908031,0.6331192377969801
-1.0468133539357425,1.0,1.0,-1.5571651482064985,0.1038567485350752,-0.5361746283911349,-0.21001370192692156,0.8399624132915413,-1.5425117495573444,-0.23902641747485287,0.07266377797914478,-1.2511655406746165,-0.44717721630829016,-1.1450057184680604,-1.3466434282185251,-1.8665278313747364,0.3592432851657318,-0.5737588190431884,-0.7199400861053288,-0.8076536821173406,-0.2215332903400551,-0.41172613768086896,-0.958211673129079,-0.8058524338208445,0.05783562400053244,-0.7291224847161821,0.26511940507049014,-0.37604571340544046,1.9796167703792236,1.064513348253581,-0.7294592205204088,-0.5077534019634876,0.10251580632505652,1.0057355706781137,0.43484233872107614,0.12786982196406116,2.1834492163530843,-0.6607665270628346,-0.6013322903280035,0.4525136200297937,1.9080792755416505,0.8684472702918564,1.2184245790812909,0.592628747193881,-0.49443074011466903,-1.9658341678939315,-1.183174307235093,-1.0802461731234103,0.9319128950862403,1.3970921587821439,1.1310982182980749,-0.48220487423963376,0.8333018746198244,0.1394905859993338,2.293253880632015,0.7137300712959336,1.5807564446392863,0.901317055160246,-2.1343943979514437,-2.0202675431309434,-0.3322002979308638,1.1457445710375254,-1.4448202799026688,-0.15504232184753516,-0.023427372695770894,-0.8906836442978421,0.21231133920723705,0.9713179254441964,-1.2177468751696785,-0.48011821413668476,-1.2258897876386448,0.023236254057860173,-0.01199156329514076,1.0880113916733973,2.2853387044072084,0.8718216595564768,0.7772137471317938,0.836963915298055,0.299257749492834,1.2638082434464233,2.250163565558486,0.49054444667839436,1.1498782454018805,-0.42968390926574945,-0.707662052143582,0.13736590264016235,-0.7653898387373245,0.13318330344468965,-1.7754505676635328,-0.9760145053126311,-0.022725151211435257,1.9546853792295658,-0.2771761082148324,0.8902744235678914,0.3065136442338293,1.3717988361026077,0.8914198469327554,1.7512453617225296,1.1226078533385857,1.6896208572715303,1.5225067405360702,1.1445518539449409,1.05067695466458
2.821653503381167,1.0,1.0,1.2270716265696147,-0.8550200078978836,0.32565594843010703,-0.5474771593455868,-0.4815611578746269,0.2860640040894494,0.35177995414091306,0.3151942834222916,-0.11254481090505974,0.4694626371001479,1.5395486446354383,0.47204015870568483,0.49565454665238373,1.1896944651131016,0.31967609117423,0.8807133762588629,0.6026549272406084,-0.08181441616553697,0.16522573980738572,-0.03511511133886985,-1.629169249597988,-1.5084481090426434,-1.2085275142604404,1.4354860863259904,0.22025185209629355,1.0858393673685767,-1.3461144394873121,-1.4376758858733516,0.2678741193675114,0.62736022046022,0.47612178565132,0.1649786331597776,0.8748228058789056,-0.3189970714651237,0.5800755498789072,-1.4768450705093574,-0.1401322868248812,-1.0663422201963626,-1.4893977870340231,-1.1381893445581663,-0.3772990753553367,-0.5139389191392121,-0.8162571136599682,1.3106691672149886,1.936769274885613,1.1666994505536121,-0.732802309041513,-0.48681799461681896,-0.6996591768592665,0.3695111538200482,0.42881360096802784,-0.8790195499218295,-0.9257812697554078,-0.7739035981707922,0.657932184696397,0.1995876839724782,1.1882935426889132,0.7099988836136076,0.10822618216213092,-0.5323136504013439,-1.5271026647532904,-1.841651096968877,0.602869112814247,0.36443733350696117,-1.6250070784188526,2.0305322663317016,1.9814572084012723,3.4814302369051657,1.3823333572093097,-0.1370867965406689,-1.8557096090626841,-0.16533074867241304,-0.46264664416469536,0.8456091688226439,0.3051443174541377,-0.6222020654146272,-0.7096853938507128,-1.217359325265478,-1.1919519560387364,0.250078883156764,-0.27684525264435456,0.915728035381495,0.06691326576541656,0.8793579314815683,0.17319367218216164,-0.6762859113241649,-0.13051618291144426,1.7788611826689078,1.40643938204683,0.5268426909896464,1.3500355594851965,-1.1462355582726604,-0.48730403335195527,-1.426132380611421,1.9033659281306607,-0.22184481313702897,1.0937796717694912,0.514762622467029,0.05998372309470393,-0.6181996752513147
-0.46857394708271644,1.0,1.0,-0.9510283414587333,-1.0177024289132017,0.9715146255500493,0.47787720829272057,-1.2364021209363416,0.33102861162427644,0.8316097216306131,-0.20512710612891305,1.271263882124151,-0.19133994396235188,0.6865415284782216,-0.09197644942914424,-1.1088950824454842,-0.6827386637862227,-0.01207436222049596,-0.6172017964991013,-0.24494668785907484,0.3824552143239076,-0.16880707547400448,-0.07368468465063702,-1.4448946898372337,1.307886495986073,-0.029540891043724593,1.2698673861339917,0.6254157543969038,-1.2754649987700934,-1.0431267089448975,-0.7997743467551158,-0.4586662581445343,-1.6459849191624607,0.1993341590628553,-0.07064173958737588,-0.07941617313805696,0.6028859878863116,0.2681956786742433,0.6375778334726983,1.3885732995962523,-0.12794265745228928,1.1341795971393407,0.055718711342020166,-0.34704681475960736,0.027522669240631875,-0.9697815486620613,-1.7651587906396007,0.4944486313425145,-1.0861761106454464,0.10490287030047962,-0.9340799698027666,0.009581775057145803,0.25683670833915523,0.8370481831135883,-1.5054902666523318,-0.024164938875773534,1.235877764731369,2.070531991488242,-0.4223695254368943,-1.6748216236044828,-0.057132249359094556,1.1641477173855999,0.8693988978177747,-0.48506972342841137,-2.1335177415279465,-1.5655603722999603,0.23073150549861898,-0.27153142937577485,-0.02835222894817999,-0.6359260804713269,0.7706195961151114,-0.3395788285634975,1.2083142718938658,0.48715671206599626,-0.5172218270601334,0.29555195246714194,0.603585793117362,0.2313999543930769,0.5887632053259662,-0.6861456704679002,0.4318548443728847,0.5013104841008009,0.7462546796356153,-0.6381996651842231,-0.4140083963605079,0.6299629649837746,-1.497609103181677,-1.7741302194738364,-1.69480227720721,-1.6922195608525181,-0.9331252482841401,-0.37952097871092566,-0.7564501504825576,-1.2164234076908877,-1.0839189575463648,-1.1071096648138896,-0.9798677196882052,-0.8332174793397625,0.6967317051204084,0.15108302219881123,0.6439849977884666,0.3482549621657703,0.5277038837851374
-0.4331247545414131,1.0,1.0,-0.7217397975404158,0.5005972924313205,0.28960677438626947,-0.7222394061922801,-0.06652479705702036,0.7505183268743062,1.8408527489153497,0.398551327016759,0.2985599561122032,1.3484727280889832,0.2632492685920821,0.9724402199058627,-0.749521393863321,0.015915192214217222,-0.38874497715957346,-0.2812104502068073,0.2984997432032339,-0.47884074906098206,0.5530297462342758,0.3066261209737403,-1.184891068884056,-1.4586028102370898,-0.8342201817986216,0.4337348152517427,2.7227953679524437,0.17133941901053779,0.12164717248061063,-0.7841764659411902,-0.2492689012530718,-0.26189053928348316,0.8267293104712544,-0.039896741194960283,-1.2890754498889572,-1.9891398723244818,0.14776132142699916,0.34040215420504194,0.6356672709881717,0.5714632017793654,-0.042084672558974356,-0.14641400871852978,1.2442838241482546,0.4565916153074052,1.01825800633622,-0.9479401361779125,-0.2955255520427669,-0.21814510508342577,0.7842339598691868,1.9092362029900276,-1.317670309633371,-0.04893722937091033,1.1567293300308286,1.8001365495312063,0.980494929072319,0.611559265231985,1.2264847108643238,-1.6835534873752018,1.1238507527436412,1.034677011203328,-0.07086655934407055,0.9853439201759195,-1.7165723533085426,-0.5073900943938483,0.1813139089301028,-0.4240391429900625,-0.14511094909552352,-0.6471517548754564,0.007101068622662465,-0.3386161548378953,0.3294320901548243,-0.47053338343494633,-1.11477370537352,-0.6276622005490933,-0.7202013446222311,-0.010773802491925888,0.7201204228872569,-0.08992168295816778,-0.4849925858266697,-0.20395780742962863,0.22233858118269514,1.425746259076792,-0.9309889917866975,-1.138454409051377,0.13017150851399095,1.1725852861581836,0.9314580474122641,-0.7772524438457318,0.9951106900492044,0.7463564202882942,0.8146234711673921,-0.6428751201124121,0.3120883961430747,-0.20857050305905767,1.7584935534459618,1.1434744790169842,0.9377199760089758,-0.3542636879934741,0.8450391645834857,1.2584864012004968,-0.4898438462264777,0.02989078952367219
-5.297176877139321,2.0,1.0,-0.0015571968104859503,1.4541637086070023,1.1298071829561314,0.9803982706357648,0.3494019624017215,-0.7479164926438909,-0.8276787009565929,0.2852869870905641,1.1745729718786508,1.1970695118938333,-0.041031909280256455,0.9394731730714936,1.4344130555262904,0.14743247260447306,0.10505194417983078,-0.817002521887348,-0.21434955591776866,-1.3934031232248212,-1.8788022745807775,0.06599347327793992,-0.5050618504167749,0.008725732367814903,1.2445666787808027,1.5437287719766657,-0.9099986759705738,-1.364569122832779,-2.754439974276071,-0.19345419479898207,0.071661645233669,1.9854667429910366,-0.7505246566394518,-1.0060804961609757,-1.1342936380319026,-0.7718479542389345,-2.149057803954001,-1.063102377023572,-2.014578553036383,-2.3159504277109897,-0.5378673383663104,0.2061975868793787,-1.5033001986773433,-0.6899524268340849,-1.6006844606324526,-1.9866206145292424,-1.565394086387774,0.5891026424126027,1.4238899348253775,1.8144548849952065,0.7288384655234866,0.9459325367365679,-0.12283360363166744,0.25661791738031847,0.7878221660876505,-1.3560839616702762,-0.4143970194882808,0.15807783249266752,-1.4943483326361486,-2.8418729043522446,-0.34163353724368706,-0.9001490182026934,0.2484264135431422,-0.3828651343139716,-2.055798542609859,-1.9425636569169573,-1.1389337031263476,-0.18260432616560648,-0.7336358402825677,-0.3616674688283289,0.534221403956852,-0.18230189719823917,-0.23760236234272064,-1.311110750904164,0.46987593360184343,0.30856822552156943,0.1763020653835968,1.5150601382954336,0.24922029504209797,0.8276190622425541,0.4932946489411619,-0.04254338786674153,-1.1103914598070255,-0.4822178925585757,-0.6005555927079642,-0.05796137816625585,-0.9471344206075532,-0.1306696288554489,1.6110494846141925,0.1841979872450512,1.1957358125999944,-0.13873680543525435,0.2185242599749092,0.2701999928447857,-0.4938494940781326,0.029462423458115505,0.9063333240977245,-0.7589785377414143,0.8896840425960633,1.214517745052306,1.6714483949433676,1.434941091895935
-1.1013169845125512,2.0,1.0,-0.1937509378562432,-1.1207096487043946,0.4641950118801849,-0.3131626885276988,-0.4582794839645647,-1.0059154088237168,-0.7613481861269082,1.9335689165702161,1.0381249139341078,-1.6619215829250185,0.9662355554068146,-1.7341254118985785,-0.5231595300130838,0.885187052430452,0.47068034712090456,0.23505521737718224,-0.5157390743982408,-1.1556506567093643,-0.9382063512288746,0.38606010139108815,-1.0713216024505685,-0.12418309877659856,1.8038482263254545,0.9078979320483546,-0.16066757039092527,1.9458319792957763,0.6409295442361183,-0.20714996228438182,-1.66571506570171,-0.9446328811861464,0.861619643120395,-0.6876913040378714,-0.9823523789453745,0.4997814698040884,-1.1925069626278486,1.9468943059767156,0.5397135930905429,-1.279910871339428,0.49194616993723184,0.4295621550030494,0.5416205392376926,0.3307155816169027,-1.646773049326106,0.41535781072783007,1.1694888189955344,-0.28289275948406767,0.9093077391255707,-0.36870705269223886,0.5719000824760818,0.18457476235101683,1.3770860123428794,0.6765334270494782,1.9759893666109598,0.8115744863883685,-0.43687803731495417,0.10447600161558793,0.13496272036136425,-0.4989989379556663,-0.23898374511217332,0.6613351866155424,0.7503431767289136,0.6319113368522677,-1.134203894284475,-0.8858085014956942,1.500149280698917,-1.3353042210403299,0.10395468338308544,-0.02932801350073888,-2.0033985186250636,-1.935915395841858,-0.5479813034739415,0.23155607261794484,0.8094349645096915,-1.296844432266644,-0.43523195658739583,1.0838694717875206,1.8947976114631515,-0.49185764826606504,1.4270788560864092,1.279290447323166,1.392077367282639,1.8886079686726904,0.8691674525759585,1.2179551312075896,1.3311136608834886,0.8409709766943612,0.5285289456195896,1.925521553374511,1.986728473276429,0.817456638597129,-0.2897994648703498,-1.1334416477879634,1.1311316368140591,1.5963535110620048,0.04681382895192876,-0.2530989249448856,-0.13110432525630483,0.599911060988455,0.29217795787186346,1.108585250041799
4.818871467140504,2.0,1.0,-0.12446086403278167,-0.12226943198365423,-1.501479655332368,-1.607914011319186,-2.707924793101109,0.1480598833559116,0.43733502611511366,0.5668940043202488,0.5796183546372877,1.3469928147841816,-1.3575873408181496,0.3988789753708961,0.8514677064046876,-0.6607296211531479,0.17372574137898694,1.5007131777239173,0.2647471160875864,-0.624056938913599,1.3777758355098488,0.43438369334514726,0.20403067109693435,-0.08442174746493396,-1.0638455298589395,0.605422378621852,0.2592918984472133,-0.6167168701877628,-1.3144361945990837,-0.8596271631804533,0.4759159334704105,1.7003310695269704,-0.7359622616629373,-0.492218459267601,-0.7357819172524246,-2.0509417884449683,-1.7262437037509855,0.19160485025154617,-0.08028801424628793,0.02837735179245801,-0.5049738747441459,0.42827173413720426,1.218080246245073,0.7299844760105018,1.2165955629648821,0.8695386086090615,0.4054721590022401,0.7135382202474132,0.05172521052219861,-0.21495880011755186,1.895097873888052,-0.4528370483471299,-0.8772194500060355,1.4220460608689243,2.3972317683466677,1.00757098825575,-0.7545978696420694,-1.788088039500685,-0.5819628935421406,-1.248208483005176,1.2622160827979216,1.6115033583909804,1.292861253372195,1.640876790784755,0.294581724431491,-1.1031929492271453,-2.192019370113305,0.3842406116489875,0.3510975862759898,-1.13886138007319,-0.8941570412050254,-2.7734904909195492,0.7226363911063125,2.7751168064644345,0.3289123283051776,0.7207734074765471,2.675547382406879,-0.45771377791927753,-0.3794440310976338,0.9410038769786906,-0.06390574414762695,-0.00866258144856898,1.2638033607513712,0.1930512869181934,-0.39540240261057036,0.791715190699009,-0.17063684306720228,-0.9622052683757099,-0.492179695429129,0.04977797961868105,1.4788964693482602,0.11485212823746743,-0.11618204339645533,0.3930565497572437,-0.5478738091294644,-2.23808994261253,-0.9194703298504693,0.9018383325191665,-0.9790096958289245,-1.6208983845525267,-0.13682342674878012,-2.292230604290308
0.32239293219533927,2.0,1.0,-0.2781051276684144,0.23945092273515314,0.9789652195466623,-0.0034857281307118515,-0.42218976997037694,0.8382131102634282,0.04381351909999592,-0.5944653432548113,1.0755524463886172,0.9209221390918766,2.461941278034068,-1.0567329963235401,-0.7471113932776826,-0.6928115515620248,-1.6608793907881423,0.1310057136598419,-0.19836512899490882,-1.2529910004134959,0.41921300548872586,-2.301333447333814,-0.6821579107795589,-0.11539387431470419,0.06568776255197743,-1.1470780898617792,0.5016107061571294,-2.2439335653091286,-0.08198382465800524,0.6479467637507079,0.13129829004863958,0.6186931894366573,-0.3954452718601792,-0.11105984700178247,1.0941151652678127,-0.5388118546188332,-0.7189261130306999,-0.0853010994011683,2.07847484523388,2.325242860719904,1.0995704076175186,1.3003985254206767,-0.4417950901072588,-1.3837237081663243,-1.1556857463547323,-2.053785122382424,-2.3518282019576366,-0.016110227253136915,0.6043504949787714,-0.8388337351457071,-0.626866284054268,0.4358673767656095,-0.6352699596208957,-1.8799827705188883,0.2511630716011234,2.476750549970883,2.427515934372796,0.2368867738202721,-0.2269040215508008,0.4576929356484277,1.1512907404303045,-0.500429766679048,0.8976016950774094,1.1257039655311785,1.6333336665954676,1.3927577144280452,2.938657123228434,-0.1675084653190711,0.994485011553117,1.0988154533488834,0.7119371491045348,-0.46139379792184054,-0.16809301741736402,0.6070851432149416,0.30527636439783506,0.13355964710828044,-0.29169301948397763,-0.21417207430909213,2.8276199341649093,1.1533448336225731,0.8133472874271335,-0.9061982807696816,-0.41014847351666756,0.22015692189453806,0.7303553464166612,0.7092541542717813,1.2511752851550033,-0.09980235079080423,0.7566120290249968,-0.25498969571591323,1.2783983169888395,-0.5099766702328049,0.6117401473327085,0.32583536567011795,-2.11947366792087,-1.6344998644233169,-1.10064553129413,-0.2262660509699472,0.7902439004237725,-0.4975077417233492,0.6669695492004175,-0.6570549252634443
6.103614068394357,2.0,1.0,-0.7402154882514174,-0.40705180786725614,-1.1042562140370498,-2.1884725499589677,-0.506032562704146,1.6221855180809208,2.451864640322956,1.8592859077880988,1.3030350794455,1.1887992901441407,0.8118992208658585,0.9026447359840801,-0.24202252686812442,-0.3241597593003094,-0.3605500603521017,-0.6404749738616327,0.7381795365863031,-0.9555292880061055,-0.4440759569205086,-1.3503315563833005,-0.6802348607691644,-0.6135224111439475,0.7754732219637495,0.9012667906592289,-1.5054819355710793,0.4441097185776847,1.3361788634271516,-0.019127848801852365,1.3101960963641894,-0.1908787104310815,0.8520061336876452,0.3074293067751534,0.7979339237189635,0.3384469574702372,0.7818091509950957,-0.617877223475693,0.04800056900548172,-0.9662462541205098,-0.02383243068509039,-0.003605415938890492,-1.3631438302133896,0.3744338290021614,0.06969178764598413,0.2020337168200692,-0.071627107314934,-1.0338014151220989,0.21736227981345146,-0.2992486467678087,0.1646448072847631,-0.26341218580879244,2.7252472243542116,-0.11837925124328152,1.656878918188716,0.08666652238515804,0.17804788659405985,0.34420842948190394,0.5042419117270042,0.21441564022459586,0.5925236877955802,-0.22723988290039235,-1.024326098694011,-0.6321533263313535,0.6393595961185252,0.01898267351732738,0.3847230424338844,-0.49423010808287504,-0.909330984881824,0.17647784478522055,0.37127287354703964,0.8843360839291331,-1.3123384466045505,-0.4201098593658838,-0.04024685154968827,0.7913606084286211,0.8295386734931118,1.2814880190162183,1.0017495410291395,0.6524870038966164,-0.7225261982271196,-0.2601690651631235,-0.048653395814908865,-1.599472314458451,0.9622957670028844,0.5633594015919583,0.6801750007776938,-0.016359277331261583,-0.30319542248723647,0.43743665852301383,0.6364442360720973,2.5727733825570516,-0.5874264352206159,-0.1778433189101407,0.9615418395451252,1.6630546882373103,0.9359897138490183,-0.9983578200036923,0.47766195927579247,-1.4989671168874084,0.9230645018283601,0.39874290652163696
2.0396537036631646,1.0,1.0,1.3886589051317084,1.6905414366435627,0.3383500931716051,0.5210003810252984,-0.23800631489799584,-0.6534850607345054,0.9753552698639825,1.2575056287466635,2.9058852028761,1.2684470796301635,0.26751443680346587,-0.4789596326154711,-0.4720878804411648,0.17885707389380107,0.3039231342692307,0.8175884367751725,0.5902556089368123,0.4260072390828312,-0.6837220159976878,-0.36546839382224566,1.3069879625233436,0.4523823305365426,0.7298168302861561,1.6149835611892724,1.5627407108298077,0.15962633807133314,1.147654534860777,0.2715357028246241,-0.046306812468889944,-1.1857734765022796,0.6909339498380249,0.7203888689010749,-0.09985728881693601,0.46711228833212987,1.0133574391536524,-1.1795392183098923,1.1558252254193533,0.8596629726456222,-0.8066324014740911,1.3647530923617759,-2.3132041856132064,-1.3359170287557895,-0.2731803459299793,0.8236297818144032,0.3368100907683143,-0.9340426291342927,-0.15390551056100382,0.5368471021343031,-0.44392616980452754,-1.1255520745361407,-0.3415631343039076,0.5739760700730877,0.28107103081208673,1.6575042846192738,-0.82243270194224,1.9103575893622378,2.1063280746597712,0.5900076281236553,-0.6063150094118319,-1.1689779616365834,1.2888472534911757,0.5674429547788147,2.185176779600668,0.6375620256410541,0.5040624894531585,-0.662373749794226,0.23814258876581013,-0.25867688770244485,-0.5014748107764584,-0.30289408577889665,-0.10011283374163657,-0.4766043945767974,0.9889441974541702,0.6415038143178888,-0.2798455590551528,0.8074662429481243,0.18228893128125148,0.8954683847997235,0.13881738013772862,0.005669745849353022,0.8979743011998818,1.1091150334033495,0.9467699760491366,1.0071466889846312,0.11427726760611001,0.049536411419,0.417042124560888,-0.15773844943189913,-0.3757587768396674,0.6891251589134968,0.6680970957803657,0.021257183700230525,0.11253365594014698,1.127341627884463,1.8062943584534619,-0.1330345205798122,0.793194507274319,0.554496583799595,0.49498425309106253,3.6085791838713615
-0.054545784197779446,2.0,1.0,0.24505719166193396,-0.8467620270801512,-0.36188539514520457,1.1389111996942458,0.9934561931928437,-1.9156301621415008,-1.0515012512477766,-2.2244163400747716,-2.531593859349962,-1.4263825381105597,-0.8253932397420147,-0.20171345593645626,1.543074916439571,1.8873183552688102,2.5162373993600644,-0.5229390795919434,-0.3681027156863468,0.712689588370842,-0.10983769874953375,0.5815494734604567,1.7377021751114141,-0.23747807889497885,-1.188784776696497,-2.5899338463348567,-1.4264547889605554,0.28056148542928927,1.9430806744353144,-0.59410133528928,-0.5041155904143009,0.18900094303464782,-0.7874796120062998,0.5525793716019655,1.5143522595021954,1.0595311860550403,1.5463922071042258,0.35986897133462836,1.7083424553099795,-0.18905148263231042,0.07427552473625296,0.6668417438744572,-0.9849082085409593,0.16740237771657662,2.112276644906241,0.7422432997033633,-0.8948650839154166,2.8377072796585674,0.9061374205569579,-0.17525263692228688,-0.8369836014237279,-1.7128710425591236,-0.7188253477138878,0.17295366121694378,1.2611292689634832,0.5970945855986629,0.5799272185517639,1.1028724517595636,-0.03219195880178094,0.001059417468174017,0.797394856840988,0.6724067152659092,0.34478296135074205,-1.5945642080794018,-2.997752053018262,-0.7077129813208909,-0.2832803237037702,0.15766036110076487,0.5443143481336206,0.8527902726733857,2.0361784926736166,0.3186910285805925,-0.4560348964131185,-0.7440087445691629,1.143303871770641,-1.674268444198796,0.017451266118579833,-0.23524798441489558,1.914114787681946,-0.5674276826454459,0.3288559228764749,1.0757690716884718,0.7252749914115978,-1.0488565022948309,-0.12913744415674383,-1.2485937298445469,0.44501879999935784,0.6779240279017724,-0.4431993129810748,-1.1663109787688428,-1.1976436858874122,0.1254504554381417,-0.7339593375799389,-0.4963995896635207,0.3337280533604062,1.272157716004601,1.7815783168891133,0.8308765945796116,0.8753882287190562,1.5601124916034546,1.297106997115802,0.06224508295378567
1.7302736557807066,2.0,1.0,0.26715253873649447,-1.2579187396261633,-1.469105830866086,0.5621927957810287,-0.5897253066094152,3.0514034251197883,0.11516213281213572,-0.32613902166742037,-0.10080331198816836,-2.569747036783107,-0.5935311982854864,-0.838476846540086,-2.0844570150368833,-1.7654178087769448,0.0604503762203944,-0.8882948180639179,-0.6373180769323394,1.6513318320883767,0.9632029463927603,-0.19171239063501022,-0.3170134911442865,-0.16729921755978494,-0.9037104805003942,-0.7315644821248184,-1.3772550673672348,0.12741527302148997,1.0806717078821904,0.4862618843923263,0.43618033575848747,0.140269704981693,0.13764930596753566,0.3899174893387374,-1.6726612952307574,-2.127893056125906,0.25736530777466393,0.5778765715722327,0.8885607771731463,-0.0826242703535014,0.19747981715009216,-0.38722348034175424,0.029496497342753836,0.44175493533766347,-0.500334427980897,-1.2181286686599198,-1.1829224659732454,0.16928473655215495,-0.1210618511346321,-1.9986560728100269,-0.749934181367129,-1.3054993764250498,-0.485507255680605,-0.8319909203405257,-0.43729665530461603,-0.18147474887652784,-0.28713606898597116,0.44581766688951413,-1.1429331225236954,-1.114959796679055,0.33631689201073683,0.419233373728427,0.41459558939745433,0.20815578756483716,-1.1825166106048117,-0.942885324261822,-0.3209538280905815,0.880066977911956,0.11970345622776041,0.9284566820772472,0.9361865120286641,0.462020885965546,-0.345133691256874,1.185368285625864,1.270321313477742,0.7140674311747445,-0.8558853719871038,0.567582534224268,0.49184571500360175,-1.7821618240216228,-1.510468399298393,0.28893446202979245,0.14173538883257944,-1.3317746583865422,-1.791268906722156,-0.33148594240756185,-0.2797464262583764,-1.113749537777031,-0.6444503001509831,-0.5795630314566468,-0.6597206303279934,0.8481263519140883,-0.02903284932871808,0.49832913193594697,-0.7026115808842157,-0.4836211447190866,-0.25405043538250527,0.5571169947134772,-1.0422821213786917,-1.9230719538951466,-2.162588936253628,-1.635903968271418
1.43777293542273,1.0,1.0,-1.1432693508681544,0.28128873265099413,0.3963332958154734,1.4791806853623108,1.3750176718374163,2.008115672357523,0.770719023799951,-0.41681151554858964,0.4972041981696439,-0.13354229114129804,0.7981109832551337,1.2090652708138687,0.005896148111411426,1.9070325977843072,1.425595591948543,-0.7250792704460229,-2.4422203154090867,-2.8004026470509906,-1.4513694963513253,0.08532001923274368,0.47888531495013503,-0.6987346740633177,1.8072956768723774,1.4702337774824241,-0.10250021198636727,-1.574053561915909,0.40660445920339905,-0.5677402403149918,1.0400050645986434,-0.1449780530423464,-0.3846651452893014,-0.07807669989718659,0.45866393511974857,0.2754107527735294,-0.46919812441567293,-0.3053546721890084,-0.007341508603948416,0.46777385008857625,-0.3663336757579415,-0.7177770441494313,-0.23123521676123773,-2.069502586098251,-0.7479411802913702,-0.4218868146879445,-1.1671529617639271,0.09569372868798033,0.08390549968428077,2.050007129818417,0.03056922130686046,1.0103245295176597,-1.2011871799883838,0.41319602371195674,0.6715525207796136,-0.09502585355833454,-0.6908871328346492,0.4935111172235567,1.6939047261555817,1.0762748336927068,0.5171948873436971,0.2633268394462196,2.3267203446829097,1.7418461240775311,-0.5650109596613604,-0.4385009941746114,-1.016424613248205,1.4185365659007942,-0.4558086390344276,-0.1897652245783198,-1.0394296448537974,0.2045258380797258,0.939851151561907,1.7353609598009818,1.2833306556035968,1.2268239171099657,0.4794272553595616,-0.022898819512606312,-1.0581471440051955,-0.6770910000125107,-1.176531950800775,-1.2843952128091891,-0.05985613624880111,0.40080905892260293,-0.438098762528794,-1.2193901473506985,-0.9789311689526685,0.9276312624057959,0.33369360723642516,0.8533274365773753,0.28139492528029175,0.7025688508324703,1.5541996179668314,-0.20177138926033922,-1.4528937253781966,0.07556621705795197,-1.210309525596825,-0.023737167597415596,0.24192902749183526,1.273781584080691,1.5388392070548425,0.8877301905234056
2.0014891455198587,1.0,1.0,1.9805707661696617,0.32816782132518274,-0.185301791621702,1.1689210345187617,0.7454140399594523,0.35937881850875875,-0.03638073777300155,-0.3702696715877445,-0.4690752097072869,-0.0017051318709755403,0.6715295911503951,-0.3467521046825345,-0.16482703840571855,0.04901016918257081,-2.533341584968009,-2.717793257627411,0.7702963210076041,0.07577065365039598,-0.7325829559375578,0.4442464312811521,0.5663697938089911,1.585438725769815,-1.2802298720071676,-0.29673886818360884,0.7656079011839859,1.863758993970995,1.0411960553885082,-0.7789429030856005,-1.4173733153952965,-1.5344650206541552,0.6539645540380571,0.1782379384464816,0.2690103262431753,1.6234938560414969,0.6310241841823596,1.0944945357521145,0.42574132370565176,-0.8109532921625171,1.043726525076619,0.8794541500811643,2.0534029808603003,1.1970699417513575,-0.08127812515035943,0.5895020289516281,0.5921337738440862,1.151649412723426,0.47982093800976655,0.6269621918105855,2.364260577172219,1.7101070788453159,2.758785445376773,0.6138785726642222,0.11779688016453829,-0.24999082983225532,0.8649424213308116,0.2175489662730398,-0.4844256170528414,-0.3352531375583382,0.7943553318469766,2.340633076644188,1.1607244861123207,1.0534490048276688,0.09554066537155903,1.0507307517057956,-0.07477808138294456,-1.1358522571322245,1.066847143923817,0.2643813160200177,-0.3837571265279822,-0.2786952028880093,1.5535350237120513,0.33652587036336706,0.3823605199263377,0.5705265791708559,-0.7498218313641581,-0.8920142650359453,0.7643334838129847,-0.11699985664946921,-0.644206715305573,-1.9980958252883882,0.417336124309213,-0.6544928163169823,0.46630389553506607,-0.0619876448960692,-0.6691591741683062,0.8790102844606658,1.1714779461722327,0.6167451921567717,0.8654727036476394,-0.6592367965738193,0.26499323039012207,1.327180611164212,1.2282138996694654,0.6369879758697213,-1.4028514713706333,-0.22739079995100517,-0.9571204843543846,0.09112980719637903,-0.6081600769176732,0.14653214423921357
2.186816329432527,1.0,1.0,-0.06987951176053449,0.9298848287072776,0.7101044867414925,0.8344719801158685,0.8386090895400928,0.6966150702785698,1.3053152002558872,1.3030758953533619,2.2762725977061082,-1.1186332107784263,-0.8040703037301752,-0.4955958600541538,0.35680699789546766,-1.4430310931402355,-0.8627754143286845,0.685698229326953,-0.2966293272920307,-0.2657496691718356,0.12590848738195012,-0.13429046600776767,0.5763056967286061,-1.0166848413378795,-1.1869211172797531,1.1435058549118402,-1.1062665873211603,-0.40087371478395356,-1.1376276253869242,0.8707035989958157,-0.4043136377610287,0.45849601340228824,1.179655535889599,1.3417871957470155,0.1266682694093117,-0.35862364044293654,-0.306318248034148,-0.5692105050384616,1.0691261956418228,0.43166505430683627,0.5939409606839254,0.020846829189802935,-0.1848293031983754,0.22473291201861983,-1.4984282051230962,0.04146684655570887,0.48991691887228017,-0.5531962810542996,-0.998389653168346,-0.40779297709052037,1.249409025786332,-0.8714349596485815,-0.11502909922752205,0.24709434249297238,1.1710594514099013,0.760694028212612,0.7368936492016738,0.2373841885547268,0.1567879650790464,-0.5556681654089266,-1.417799317920744,-1.593611728174427,-0.12870349656567454,0.23002313591058549,0.24006737582499144,-0.5751043981524868,0.5110211016974362,0.2986400528137918,1.08438773088999,0.8941410470643276,-0.5680045405438927,0.6310972291049411,-1.1947485664322945,0.40936595681651555,0.3469305762404986,1.8528803285558726,1.9764203362145,0.43132173819221176,-0.2337213837296098,0.31865195661621315,-2.484354621366268,-1.2620343867776174,-0.3344598139169427,-0.8002644751117973,-0.18313112883910496,-0.4414952089979606,0.29466724760349117,0.2558053029630554,-1.390890609789507,-0.9902346664624374,-0.1697266081782925,1.4850184670536457,1.2774469205392995,-0.3034320288903096,-0.5810340250769244,-0.13952927443371407,-0.7935815816632596,-2.2083024224455534,-1.482139659118486,-1.034700873970522,0.3957806524130766,0.3551397698196792
3.4512373321934744,1.0,1.0,-0.14286885496478124,0.9792816201747708,0.5091141565112403,1.5895120654656043,0.3678442308235332,-0.14689151262791397,-0.535078830458217,0.17156999878035983,0.5680729400019725,0.5632366518687872,0.26641038050442234,1.2274110903010609,0.1272616142647527,0.44774176320433123,0.9116093590904117,-0.7906403337266695,-0.336505919430946,0.5312355900613106,0.6667204910734171,-1.1428187620688637,0.35737458043287645,1.8259995219910117,0.2789828509429612,0.8501199547482885,-0.7545235625824513,-1.0338135311043868,0.30871441641607783,1.0652149921900895,1.1922979230384871,0.8868084545374308,1.3191578763403822,1.7846181044625062,0.9800150121166872,0.07329967323041753,-0.2506223511861244,-1.776118564849385,0.2859949778608971,0.8555370288388328,1.692144554979654,-0.14245644887197229,-1.042427148266961,-0.9349649026571936,0.17092400254380447,1.2515457368007221,2.0663362767609086,-0.12137510447646994,-2.290548475925372,-1.6640864754986744,-1.2797727971938901,-0.31859542279703507,0.913864743217971,0.5728629574607719,2.0953545651543752,1.3536972476003957,0.2269678168601466,-0.49049929231308076,-0.7507704901216353,0.40704581804665874,0.9605836392665401,-0.019654395261024138,0.06783818056460653,-0.5192899803719799,-2.193325992602141,-0.6196019106206281,2.0865341204119514,-0.04947105876570068,-2.165445110837397,-1.8344032231212934,-0.6534826933823285,-0.334701419891443,0.27920148804116934,0.6854081517776834,-1.7391624465574878,-1.1390457784352808,-0.9304416345362668,-0.11848360616021929,-0.40569589634984327,1.1868187894674027,0.5122518673009705,0.7986612886372401,2.500093264228803,2.012380198758291,0.573577521933665,-2.8564439250690508,-0.345213848584889,1.3876995321317152,-0.11988375247053895,-0.09079762734413557,-0.19760207347976505,-0.41222449888266366,-0.5229453762532675,-1.1920609413390246,-1.5456015585907057,0.6558462329777117,0.6636050847679323,1.00014947323844,-0.7820701048517825,-0.37549617374490013,0.8518021634320985,0.7818320211334941
-2.461891006703781,2.0,1.0,0.4019227370712977,1.9514060681557113,-0.03910762456763639,-1.6357262980077523,-0.4272373110792006,1.766204158139162,1.635270177601389,0.03562908192939118,0.4127611327531365,-0.19353645213396853,0.7090928441349584,-0.7931024828912077,-0.5899982466074298,-1.6937532604861054,-0.4342805534996214,0.5227597057770912,0.32022372819932665,-1.0082811595740013,-0.44831623730238546,-0.9551224165479189,-1.5931675054571885,-1.912539106664192,0.019570790867322052,-1.106259777788592,-1.7529619024865586,0.0706004658374178,-0.4948428680244677,-1.1465765246029351,0.01898049098529314,0.47905719450097495,2.2568369767091765,1.1595162367252088,0.7713228788715508,-1.0966178277924594,-0.39779256112881695,-0.09537120382908296,0.21155475487103048,-0.13359836189571678,0.13592203458870294,0.06272503608055854,0.08776371123663061,0.5621402302757017,0.8475192973725094,1.129242500487979,0.5474520453973204,-0.1328892196237646,0.7200404608455129,-1.5765607862355302,-1.2079296821051333,-1.2906360402650243,0.9078216846889884,-0.9743746912230415,0.38386250670479394,2.117256592481483,-0.32948264733005805,0.42456171597852194,2.426116862092911,1.1064951837610597,-0.04452566141902964,-1.0119003419532275,-0.19519695346625004,0.09511247586586348,0.7181330399296867,1.0676573011456498,-1.1239568915529916,0.028236989788527213,-1.4401622972583206,-0.9776049679055836,-0.046530070868331774,0.84418402502101,-2.30167054861434,-0.9120348523885786,-1.8047699714674175,-0.6988137766838252,-0.11775681173701355,0.5942537172951092,-2.72626315493406,-1.2378914067732192,-0.1855542553218732,0.5135058197962155,0.6409264040489656,-0.2522395768468606,0.7533786839304586,0.23161612312347296,0.9725031174656462,0.9209857501250325,-0.349975659113087,0.35700937461635684,-0.6245726714763083,-0.2703213470122859,-0.4060548230319638,0.22081184613852906,0.7868028359738832,1.5894416046750506,2.6990435840064104,-1.6698878926605294,-1.8969394096291512,-0.19306919495951036,0.40040046511638566,-1.512616113407334
2.7393146130865356,1.0,1.0,0.26536043633404355,0.3916436209208964,0.597760359645899,1.4451465164985555,0.3402206650960326,0.659126735632079,-0.751972611429329,0.4001651489113398,0.9137939450835749,-0.29443477492640235,0.5492193950475757,-0.1901190496201705,1.327693238314371,1.4174279924851136,0.0800706577462601,-0.8934164495581106,-0.8767470275905248,0.621796033490395,1.1429185947654006,0.2865819206714638,0.8914202786810299,1.2750127307464592,0.8883989272835917,-1.0142947874331618,-0.18731610335393778,-0.8874254704959644,1.487431159035807,1.010335676270172,1.3088289010235905,0.23308392577748316,0.6058916289318879,0.15943722599450183,-0.12864387071877154,-0.264889780921438,0.47962583223200284,0.7666894178013669,0.2781133348449366,0.7933275436074346,1.684407717235777,-0.036051407862968454,0.49315788655179005,0.3620345926475082,1.0526296990110353,1.4355191405640597,-0.11049289537825091,0.23749462178130706,1.1392060194779703,0.9551609356260167,-0.5050185589354925,0.9218010123191511,-1.5935377078538357,0.26557001311245465,0.08465807273370317,-1.3904103597418684,0.2714078762177863,0.13572824150411317,0.20245665405595914,-0.41437773675944845,-0.5736365857110826,-0.07904784170856569,-0.045150646451065424,0.7183773646885494,1.11071795090457,1.9431792045554974,1.158908457064267,1.2899300803543148,0.6862147239231726,2.1301615591818415,-0.457897126423354,-0.9160975319877869,-0.3925103597103334,-0.6943613784938549,-0.1711001046292881,-0.978090556411998,-0.6005459097345189,1.5569791484765922,-0.15880149910620533,-1.3272885455255676,-1.0169591029460479,-0.18181971245840528,-0.5785410202577641,0.7346237952211694,2.5553821303467448,0.0013243581138817628,-0.5337222132700269,0.17968140747495215,-1.7676601139674017,-1.8540139381297547,0.40238374685602485,-0.20137077784413676,-0.3836940861570732,-1.6896247826029074,-0.9797975178138428,-0.24604691676912027,-0.36510371867832964,0.2596833904169341,0.9383915490588954,-0.09622660974405584,0.3792242684840228,1.3296893423979022
-2.4067467081293437,2.0,1.0,1.6429032879968994,-0.040000521122511734,0.13956683868701436,-0.08987005793240385,-2.5824055534815047,-1.0515888162652458,-1.6904918870088594,-1.411398807608108,0.3325008051430235,0.982504794763129,-2.4537584859192685,-0.3274297704051803,1.5851889976813425,0.5470008163734719,1.9305406766109816,0.5575572488320036,1.7856545642305213,1.1807274557915584,0.7257042374540583,1.6180880767860226,-2.0783819735208624,-0.9421130787288272,-0.351285987049899,0.09232350885158908,0.23547470386670838,-0.5144670471159295,-1.264410921953154,-2.04197427149042,-0.13275136839104562,-0.09746839803013338,-1.2489080420139484,-0.3748206670950847,-0.8333129889300517,0.001513480283983959,0.8892700602168238,-0.03736818936438169,-0.4385447702447123,-0.011850500851140089,0.5263549412906787,-0.6513225155048861,-0.04099631952879009,0.9225715969644858,0.6397403531546233,1.3203518784927408,0.06862412970941278,0.512154556488908,0.7532199726345659,0.5843264195587399,1.0284438297373428,1.68083707077268,0.36444517792241743,0.8680494157653806,-0.6002682514222385,0.571360222679442,-0.047087983181136606,1.4252994734659774,-0.2472944304557605,0.4757243145368334,-0.2615782034551609,-0.17305613556555632,-2.6555869887296604,-1.292618270149982,-0.1719293728871526,-0.8307814731893584,-0.9157184372727628,-0.7294816683306422,-0.0034516763145071017,-0.787203440525256,-0.003106508062510227,-2.528219505798736,0.7719187530789928,1.7763124740818963,0.3057834555055515,1.9429980159380282,-0.2444737084690256,0.8510435164809869,-0.8104520017203343,1.1107706086872255,0.5667949041625401,-1.6002378983403078,1.59506472823113,-0.050642767244053144,-0.5727922614462446,-0.8339097367602886,-0.14009120375140108,-1.0859070258046222,-0.32994267059865107,1.8080306763397829,1.5510367542909183,-0.13432490184282908,-1.3335725909808764,-0.10045935549296564,0.4583780741925003,0.2941847803134208,-0.17584608157603754,0.07129965548273383,-1.1021832111672454,-1.74087462254523,-0.5313700769092127,0.0007635302997563431
-5.054848809654636,1.0,1.0,-1.4532967690887395,-1.153263082583917,-0.18673192937377153,-0.2576129987813488,0.4050125451186307,0.43309452755458694,0.890301755189743,2.2264040151780917,-0.9954191954704654,-1.0369725779917065,0.5927864226986268,0.1022716384255411,1.5101752338906456,1.0204409854490282,-0.6833888725115147,-1.033619965382959,0.12826596798804984,0.03157131398723877,-0.1815809173222116,0.6942727640474163,0.576210163993726,1.3452508033755337,-1.2685482377969248,0.515995263341057,-0.02124747774994562,-0.4725715369187259,-0.9757349365680148,0.06818666496732195,1.5171848175051925,0.8740805383468904,-0.38867468652329573,-0.4288591469167117,1.6650796980244797,0.5823881962372022,0.9609401231557314,-1.3768307085382074,-0.9571912542824603,-0.4334826839569117,1.1354492165924963,0.755275783388722,0.5943465939515902,-0.35170915615522325,-0.6048405825650002,-0.06944944276209439,-0.9492409351381156,-1.3385196456415613,-1.437010051126844,-1.1823445599586129,0.4195288858756773,0.39064183922842843,1.4504458957600102,1.4613656746408694,0.6385681677037236,0.18591831912877918,-0.9809519348382366,-0.22855218306373543,0.37058892917680697,1.615312917430533,-0.03916316828576849,0.2023212457732843,0.3614096178392997,-0.483679431280184,0.2508978572852465,-0.4055460491065412,-0.5609653303221774,0.6202549433528127,-0.21524218598995593,1.4063288799288218,-0.27433943184851173,-0.18174172484208007,0.25187253420002487,-1.0895917689229668,0.7430828794170123,-0.06958540132883628,-0.9347480267816246,-1.419873711383914,-0.3154947359066009,0.4525521173625008,-0.6751501533603373,0.8195750713095322,0.2826898814721591,0.3950147923469225,1.97117305822296,1.749012161789206,-0.5137885410264601,0.46018438473990253,0.6512282662184863,1.0688448379214468,-0.19008210664105557,0.49032019247605974,-0.32512273693969607,-0.6081943648730607,0.7015077505035425,1.162147887417496,1.2142943054962543,-1.5115319667350207,-2.3463694029946005,-1.6568312632012876,-1.230982874243698,1.3031965310277953
1.946982392837029,2.0,1.0,-0.6340146807934165,-0.49074527036893945,-1.081766572565912,-2.108849071765527,-0.2489460536734568,-0.35801057342329945,-0.9224944114565647,2.073967818949283,-0.5288458278476508,0.3989985380376744,-1.256797591803168,0.38266778308304816,-1.541748121404477,-0.23104625897894554,-0.9989430686076035,2.2314255461662267,0.9132273626137659,0.25218572945302364,0.6058616931947525,0.0036371989661620197,-0.3739032962012671,0.1441200619735944,0.023457651690900028,-0.2453912168091904,-0.4777719855163594,-1.0925704730745833,0.7117248594236774,-0.9393945297304128,-1.6387167930425954,1.3001543468888361,0.17002932294705028,-1.3448336694133707,-1.8871438751719996,0.08715611985952365,-1.0435798190912124,-0.4047881341819111,0.22128717035123144,-1.11979800244563,0.2578103308696249,-1.286074179864182,0.08312582779388082,1.4538407840438201,1.7899905542603547,-0.31203996819369073,-0.12771938857362797,0.22816343523106952,0.8769027036395081,1.0653593705186137,0.24283683971601022,-1.1148320561478724,-1.9025157407234732,-1.3072472438776574,0.012295612802042388,0.6668324065697305,-1.0161934432193906,-0.3814798600406642,-1.7568619806362862,-0.04221048014898321,0.24784155022377202,0.3499649897387303,-0.29233532678613805,-1.5438082774482496,-0.7974923080678996,-0.22855445883365333,-1.1508538939324848,0.5229157844491663,0.8857713052786464,0.5844079405577917,0.28272625572681487,0.7223332354383004,1.0027116975589745,0.5690616847634228,-0.8251928519791762,-0.22308932785381075,0.6228600603658793,-0.1801140922644832,0.5546552385671375,-0.45955777586876567,-0.5174807054078232,0.39464427642025995,-0.07934975394175409,0.07739339977109827,-1.9583224656240887,-0.4915936606531891,-1.922431493935884,-0.7742488142209202,-0.7036109198266101,-0.13207775038301942,-0.9895165206145244,-1.257555494624953,0.3854936047614224,0.01789997694508899,0.950063533691676,1.0376389041939813,0.3283900041446984,0.8446566541549398,0.06194873580426974,0.41718614021602207,-0.9557203013612663,0.3713643372327574
-3.834432868525904,2.0,1.0,1.3285671901603724,1.9484405887053116,0.6720497625035411,0.7572428313181547,1.3720464710118063,-0.21779189782470734,-1.354078050140729,-1.0476603031373706,-2.6744073295896063,-1.5220535275988603,-0.5417684770699916,-1.0853914459156973,0.3796132533509906,-0.6494834759521283,0.3542395956647979,0.3243984022228796,0.5200920294359438,0.35581796013676864,-0.2996026431913888,-0.9159759239716226,1.678521330529736,0.40017311638824293,1.2893038952537927,1.9780670795400193,-0.027655100961149426,0.13439895848359484,-0.02262769057029968,-1.0039647151052036,-1.1864511544077017,-2.5380050998096384,-0.32593207532743906,0.8167316327752294,1.0042352817075964,1.35454772624636,0.1135889269863346,-2.2184856081053144,-1.7757350438160975,-1.7925654717444444,0.7430652329174819,-0.3122819909561879,0.6606456691279621,-0.4760222368737638,-0.8251078274034273,-0.8037527442270532,0.7121754305323744,1.0913956598958907,-3.1666025068785797,-1.6578977337482625,-1.6558646700439767,-0.9861826960466633,-0.8077481243432366,-0.3070017738932289,-0.5828837105520481,-2.054775188755471,-0.6381757298338085,1.0678732804900404,0.4105675188516326,0.9308274239154406,-0.6485522791999384,0.7473333229312318,-0.16920537078120976,-0.5586117181319491,-0.8387551836629916,0.13548767102807902,1.3423196384708775,-2.039470020330744,-0.4667428747221196,2.245088275674563,1.1823518232308328,1.3259304098554994,-1.831206702741221,-0.4613766370761976,0.4337868456076469,-1.0826895877855782,-0.3396050996989579,0.16378756905283645,1.3457009421547514,0.35930800556277365,0.6451798885929193,-0.21312397293684138,-0.07776746184475083,0.19618607553290254,0.49097170688774994,-0.192174784213693,0.30601043962859126,-0.31795265801302747,-0.8818085264787945,-0.10964575481864924,1.382448640076201,0.8853143843549325,-0.6394495133205413,0.9341861373880687,0.12031985529051309,-1.0826414051582782,-0.09457176732382616,-0.7027903919331177,0.6048773801451635,-0.21387473585371136,0.4067199116543746,-0.9376958138132663
1.8995832423577594,2.0,1.0,-0.8183281352512815,-0.46379838976124055,-0.7090351531623877,-1.9549744866767418,-0.5260187799016927,0.284195108831061,-0.13546331135769787,-0.4096211175724419,-0.10978958943731179,1.2186886644618067,0.3222973043238589,-0.39472172464136157,-0.6104770117253141,-1.3862593676064248,-1.3743304303422528,0.30733906803776356,0.413857089213847,0.18273543458373812,0.5880615306315715,1.0907779551549674,-1.8578148329241393,-0.30151225229795786,-0.6333768718766591,-0.8367422860887231,-0.4340774402289911,0.7601569880880511,1.5488535622680661,1.3857321766012247,0.4699876493405844,-1.5966183076073601,-0.029542999820963565,0.29978967827157754,-1.2525738818448169,0.2710856338678964,-1.1681088016924006,-1.8494344028083094,-0.39746839217088814,-1.1253332213941283,-1.7519871826267106,-2.0168882268368833,1.271453161998689,0.9905336657333634,0.9154720928871467,0.7193504542680418,0.4321391659373436,0.6916337811312503,-0.06150162403557119,-1.4759654392859687,-0.6481536334360559,-0.8289752365805878,-0.5330856475783647,-0.8078842331351299,1.35843055083451,0.3905639207222223,0.5203908334261849,-0.6552929558726469,-0.5594244378931162,-0.471542979008878,-0.8651684331975243,0.5877715090054974,1.4302204552889464,1.2524486299069317,0.3921173780380595,0.7211625269067105,1.0601237803251458,-1.4288146329160607,-2.918349429233394,-2.5722770094319554,-1.2764332528440128,0.6716718047987539,-0.36459290342557066,0.5198867688806695,1.4493992905242434,-0.025198447932541335,0.7951064076384806,-0.2797993549152495,-1.1947890689003737,0.1397999540482261,0.4230718510462064,0.3390490725861879,0.3413332371934219,0.34548050528296714,1.3103769909923804,1.2181617673654865,0.6596528682942953,-1.0295449365342066,-0.23619679601200563,0.11570201299599427,-0.8886322017056314,-0.10646360810212754,-1.2389114156786127,-1.1092443686355642,-0.38063909485053876,0.492572833675529,-0.49025618797589643,-0.09239352053322455,-0.8259958989318937,-0.9627078440890189,-1.1583265761454218,0.4394686300328815
-1.2868099132997715,2.0,1.0,1.131030254995063,0.21831556679337744,0.8745187225936166,0.8458994250578864,-0.33240939163241234,0.6766811277036913,0.3159851549994486,-0.4233815379075332,-0.8606227939573455,1.4439050865428262,1.7280120959391907,0.1619217064112779,0.5367833396223192,0.8056823943504298,0.44737941354233723,-0.6221737816627013,0.2886526252313899,-1.0653548538838833,0.8923715867998196,2.2788716578330135,0.42670959257984054,-0.06015583547488271,-0.3094400778083508,-2.2000986414819304,0.6996177097706113,-0.3390118218570091,-0.6366187250805027,-2.051890606944754,-0.7444327426768019,-0.9002800779953231,-0.10550704780938457,-1.1225631353635306,-0.024174225048921638,1.317973721034208,0.29647124722173057,0.8783703558420837,1.879539535344782,0.18716806223670457,0.34310192252913185,-0.04610789072271118,1.5259322240887823,1.05073402431198,0.33716217109885427,-0.8482579830354635,0.546636119203425,0.42005396523376654,1.1338077932213249,1.2625875380445042,0.8119103667559129,-0.006044194882423692,-0.7900062429179014,0.046116370951424956,-0.2217978614824099,0.7043403125445711,0.22166729075482125,0.6479616754351395,-1.8722560988470154,-0.2074488264834523,0.2987023784524937,-1.0347428232321054,0.3988590168435751,0.09416772186776384,0.3417584685517245,-0.22921797452715237,-1.0000664603569218,0.5936357449536905,-0.866897691513487,-0.1423065774771337,-0.9758938636109655,-0.1206984128483114,-0.0011450313410382748,-1.1664841898430691,-0.5866261019059602,-0.8729078686649525,0.2988973619109362,-1.6498169702379135,-0.4439453778244974,-0.7556697999108057,-0.9305125805632584,-0.6125911608487221,-1.611709362549188,-1.0142429053942967,0.5220248185596384,-1.3754666809641247,0.7395014439251162,-0.00912337312863331,-0.2573928539952973,-0.5398246375293342,-0.33661283895461885,0.7878959067078165,-1.3395876126749855,-0.7126989235494263,0.4796124904825582,0.16442185198775916,0.7727671332534397,-2.4743419522895063,0.3251083516483947,-1.454306159398345,1.621746229659126,0.3342757202133373
5.329748413011575,1.0,1.0,0.25845951382281523,2.593008790031469,0.041716032051534624,0.01820637566326314,0.6754725497760261,-0.06505552837912693,0.30517716247806836,-0.2615931318439866,0.05071172167046989,-0.3330459880829778,-0.011269084102012144,-0.6797639996430703,-0.3650060294927844,1.0480359549164908,0.8858278235941739,1.7208894291732009,1.5772348943127543,1.2727579143618681,1.3385424452661767,2.45015605650249,0.9566870977324631,-1.0868526052658307,-0.08930750112416391,-0.7783691157731871,1.688862676379576,-0.12568948769714058,-0.0834294185640583,0.12044738100511858,0.7915683512451398,0.46184573171218224,-1.0153094886636083,-0.3571937471715981,-0.3379214749578474,-1.0780398575793444,0.9283569884429322,1.002999598189944,1.0399622217266942,0.11478935552008712,0.43060840545169093,0.48807190600213696,-0.7063078636898149,-0.35514987079652827,-0.21299574939038524,0.7215505383295134,1.7715945921120928,-0.16347790845208846,-2.0264071068604714,-1.5097451841011413,-0.7592237470350026,-0.4876221873487774,1.071395185593833,0.43775670140744655,-0.7094346478184406,-0.4557112925095623,0.19260744302607197,-1.3987035518184798,-0.056297820663443354,1.5956729927245437,0.40927735004734095,0.2989214020062037,-1.058854451345855,-1.2746803362195644,-2.1324362376981307,-0.20683257050673354,0.8060800160858036,0.07494092355452334,-0.7496667354722735,-0.45787747314875193,-0.3973492983237432,1.3507139441040403,1.9131136357616714,0.2598684217685201,1.6672403808226104,-1.3313894457191653,0.41752245526482723,-0.28361602357959165,0.021896898919925037,0.4694496270680373,0.31187647577740796,0.1683995960804055,-0.6921259119085846,-2.2214101653028693,-0.4521541224277869,-0.14230520038378178,0.914086996597984,2.957577869503513,0.6448572550236394,-1.560215532602534,0.6430437202577433,-0.42393547257628666,2.036339644669558,0.6944923210268972,-0.7992164195219804,0.3020909139600084,1.1709336494650049,0.21839339003550548,1.3351913659726593,0.049647113945540944,1.277659138692382,1.8853237028298158
3.613127982500876,1.0,1.0,1.0615707204499618,2.353581876298608,0.47730458363524025,-2.617169931437474,-2.250766417748461,-1.5457910044145224,-0.15323618996429883,-0.4640407318475942,-1.3037862496042307,0.4264947055505268,-0.1022528303046049,-1.0366448669715014,-2.6380975785411005,-2.366833789021633,-0.9786183455686916,-0.24550648850852455,-0.8211105006794458,0.33802240258742855,-0.41746868617730865,-0.3212691952774528,-0.5055582873391169,0.3253705469769134,-0.7416053216840764,-1.5208159917653536,-0.558040212709652,-1.2957529093192526,-0.5423651394775593,-0.5885612229085089,-1.137236611765779,-0.7138108368728195,-0.903502163775495,-0.8570428757768684,-0.7640062011407603,-0.9092640813325457,-1.688107876024401,1.4071565893329507,1.6536971912259555,1.6056513967323955,-0.29382369514137485,-0.3552717272864938,0.18818461213644783,0.5457869762494265,0.10569845879211402,-0.5665698949606718,-0.13908817472591295,0.580948629986404,2.761921019472859,1.548041832156746,1.229154262722839,-0.5918381027320728,0.25062070574894585,0.6165497174565912,1.0564691902365813,0.7404416353722121,0.14794801660026743,-0.7964959071334745,0.543404067886186,-0.042426488660291056,-1.0841405296775624,0.716750190789939,-2.426892587171411,-1.244118480042655,1.0410223022124057,1.125479160008333,1.3999310598126544,-1.553586030639064,0.26935528605796266,0.5710103889708347,0.6697596296341697,0.181557855114523,0.15534738070789475,0.3451801591503031,-0.24493152404428262,1.7081896577446782,0.8041784804182444,0.9750540830873924,0.8507011610380746,0.4336796692636849,-0.5743359058141818,-1.0064661044501975,-1.2239025313613836,0.15992277033363295,-0.37680437298838776,-0.11131159806429014,-1.917933586042531,0.31837069734267326,0.530269154693456,0.2029800490652096,-0.15017853913276713,-0.45890667539635627,0.14793044245210218,0.2050155034772027,0.8221620796154053,0.2669804391337455,-0.3066219811688778,0.2094970394826999,1.788172241869255,-0.8565057162133609,-0.2739334947164335,0.6688151127138631
1.3167578906688406,1.0,1.0,-0.455415757172443,-1.4973551052323602,0.039017029044152496,0.32051084908307703,-0.888059380082755,-2.4013953165530366,-0.7458925522542492,0.7601810508367165,-1.0401034841819188,-0.19720080654496697,0.9249360343818677,2.8696661409941973,1.7764671029277799,0.8726732140407399,-0.3438065642318209,0.29425497330354927,1.2450426485624002,1.3881180864066645,0.6746788773483243,0.693850652864801,0.20612737500078704,-0.66759956781466,0.2994848621227019,-0.16144624482525993,-1.2905008277020207,-0.5787441781991733,0.00035382260663693876,0.19276286025015799,-0.8997918638520118,-1.1358047455149454,0.6812506053211489,1.1725178183052036,-1.2097922819543543,-2.319304962259477,-1.5741677794286872,0.477906958864318,-0.22602194729482541,-1.0159695374660043,0.5188367858529604,0.8252890998537853,0.19626757982291254,0.9072283570783979,-0.3793070290710263,0.40817557803829474,0.18225445897000914,1.0519727595439288,0.43878839822476695,-0.38908779751022593,-0.26587785122596275,-0.9239924851761273,-0.7718507876809267,0.9641268929203621,-0.24002021395305584,-0.18445260918489403,0.9392709926644172,0.9832045589356344,-0.35670894075334625,0.6086386722626391,0.056939612167037246,0.8138430722138709,0.9748978817889765,0.5819967569557956,0.7417237588891321,-0.6610767886857881,-0.24862867060561833,-1.0750843325898811,-1.7912929085994536,-0.2482168283010695,-0.6648081507959572,0.31321131220050946,-0.19016900961449984,-1.0054219950773462,1.1496716717505364,0.161251029236735,-1.1042083264350127,-1.5503928365155668,-0.9787429176970799,-1.076198719665693,-1.287212682350279,-0.6500697672312893,1.232580225589695,1.9610410834351286,1.9961974374130977,0.9138911685349445,0.666368827254495,0.41785982270929517,-0.6366830062900903,-0.8253264653952765,-0.44264602294717326,0.6009555665283401,0.8702155398845183,-0.18247187152539585,1.1315742739679961,0.18261295726489274,1.5030571847425076,-0.2821377142128951,0.739945998182769,-0.7239114451746906,-0.25602696202280906,-0.44860576755986176
1.419744386029806,2.0,1.0,-2.1880274880390305,0.04183356150924289,1.888579203321384,0.7880898643039194,-1.7393879274240058,1.317986695105307,0.9392858803909689,1.7126801034418082,1.7454509426771596,0.8983172126414111,-0.19088290713247322,1.2244376055532051,0.13639819758998045,0.12241218909904938,0.09668735750251174,-1.203413561821608,-0.781534238809348,1.5301826977099602,0.030220576891391904,0.22825217937506181,-0.8257564871939161,-1.4096165734099213,-2.311077055839443,-1.0720399585548959,0.8659848458208133,-0.6069482112172293,-0.04699504668776519,-0.7871886950402482,-0.028470412196205275,-0.9014085410815644,-0.25932005541403397,-0.5264789442871084,-0.289993257807848,1.9549902877236205,-0.9544145234533364,-0.03957487904923319,0.5936239049613016,0.9307373464143834,0.5556871353490023,0.6524894547905699,-1.1126659951036364,-0.3404691667669361,-0.742470323747152,-1.3192149570351623,0.3797630522668609,-1.7170924492136201,-1.0645216487287712,2.103110792637541,1.0130750540888893,1.3200509224273178,0.685111071530329,0.82699452105284,-0.0422193902414712,-0.13401509014356633,0.11448874275192496,-0.2144952845327025,-0.2669167182660432,-0.5587309305826205,-0.03262796771292972,-0.7183963070250866,1.0245272390596694,-1.702558150341516,0.3615542582179787,1.5244139507751808,-0.07164888331295605,-0.5002145049760878,-0.5386049068250025,-1.0726334806757127,-0.46367021712006,0.4932060266580632,-1.9023011181332201,-0.10803036682268186,-0.1932315179072004,0.976844366314729,-1.120647948509505,1.2003248569991376,1.55523895860397,0.9463355615549157,1.5357787279082897,0.2741567183102576,-0.4716510153139506,-0.01724013645839992,-0.21897809431649418,0.02350695273950755,-1.1489487414200243,0.7898059916087826,0.5893427684727898,-0.07659485992742093,-1.0253652083046307,0.2585658321684893,1.3635662690053139,0.7035486528054469,-0.7533038834589165,0.27966581877490926,0.22697122224761723,0.3186723227129682,1.274140864803752,-0.6848240417451382,-0.7982875537421417,-2.621868921880206
-3.1686511962797628,2.0,1.0,0.5267729910773387,1.188062389938233,1.6105614653297995,-0.24518844011816554,1.146784798381177,-0.6697522452582607,0.5596638229622463,1.7342974054782423,0.5184627285640389,1.2162466792607283,-0.37218480488673195,0.9758452998055798,1.165521071134214,2.822131507893584,1.7173980827253,0.4145046001214926,-0.12148205652180283,-0.27721206960110956,0.8142301713080989,0.48727937427060214,-2.5702249903623464,-0.689346991798232,-2.0444497716711645,-2.4557980493892666,-2.0231027625072078,-1.2038210743877866,0.031842004786376554,0.2764976769479636,-0.023833008258958566,-0.041524245541810806,-0.8318530688056633,0.9907867375847708,1.7321450598806687,1.7720606417192806,2.766432342944212,-0.2166542787477484,-0.9589566950143655,-0.09082355255213481,0.7854670294745872,-0.014637562467819276,0.1150785629752173,1.2745765026335905,0.5073550472287295,1.1190250846276732,0.44755986153234706,-0.6839599575435534,-0.6150466410587783,0.1464833434764701,-0.7989005737239523,-1.086016209639943,-1.8283575054573715,-1.1459189075694003,0.052084248397806565,-0.25898099202378144,0.7020500889802938,1.3192037611447787,1.7168657870883852,-1.9083931642472352,-2.161702468113311,-1.3086650899550412,0.7688996193878445,0.9020550076422194,-0.676522098143048,-1.0329581399205376,0.8676169924562448,0.27474426092439697,-0.4536381785264807,-0.4862712581350899,0.03862171252363997,-0.8433466876984003,-0.09981926725238931,0.22073400949337427,0.2861421878124373,-0.5367581507580415,0.1343184083541438,-0.40202763546790654,-2.29592211582006,0.19817150335330858,-0.49183047839320365,-0.7245249359235907,-0.13432430490374578,-1.1018134998603766,-0.10581088234027802,-0.450008110453201,0.5502593478603419,-2.0962941419970478,0.010586287303907205,1.7280989675155431,0.9780419347064835,0.6956464779496717,0.6895456820113045,-1.4912343839306719,-0.8120332457542117,-0.40163264089916995,0.42317795714979867,1.1675202331809797,1.442083816657907,0.9542431878550716,-0.6840907938613744,-0.5658168515666779
-0.13347890389928735,2.0,1.0,1.256155362254988,-0.162008747209047,-0.04934435516643576,-1.0991491363890473,-1.8069656530138478,0.7068145031804772,-0.4693142874282296,-0.2913054060616146,-0.06539782257756316,1.0567057717051491,0.8560457509453491,1.1810799302212989,1.2160827675066899,0.2776702962671673,0.455680432289574,-0.7769113513553927,-0.919117166676461,-1.6813240257360396,-2.1208712230919136,-1.7114361840309762,-0.5473805516252831,-0.35121210353967525,0.25387987661042954,-1.0345319569893903,-0.420367472191079,0.7501335883443981,0.0937687917353193,0.164975716862847,-0.5951061082806728,-0.8753769205033837,-0.5205007966810805,-3.141466481417074,-1.2734645392255008,-0.229596771314462,-0.3823822066152254,1.241036760499217,3.1541185912950427,2.2259324558679614,0.41123056738580444,1.2279662462843526,-0.38924657991115225,0.6121048693140959,0.7113558792117936,0.9557125039582549,1.4318320747633944,-0.9425142745090977,-0.8990149074968445,-0.7095707466052187,1.020789308920742,0.18653492120441156,1.1886156130817465,0.5787549611559571,0.24878501005260523,-0.029120101654880493,-1.3114445270540194,-0.1792124973100721,-1.2454083404221425,-0.7442824633279385,-0.5972260663980842,0.3592052569208903,-1.3463541080312598,-2.580953735999208,-0.8146775437972088,0.02108822555625728,0.1352807939617526,-1.662006935853523,-0.7837913929225004,-0.7563926406725603,1.240926394233514,0.23256414697608518,1.6944775701166768,1.0645084812599261,0.4898485807878144,-0.4066488167044625,-0.05378557039474771,1.109794350423081,-0.4974897636292494,-0.4181149919121627,0.26463868142239766,0.18374166931744879,-1.0537271768941086,-0.6584184583921531,-0.3902210592950417,-0.9225053589654113,0.6768386769962123,-0.884807679988567,0.507582857693723,-1.4174378861439254,-0.19864449902493236,0.5857763630279383,2.2146585063599233,1.6210782491299809,1.8740349487021024,0.8333712701710024,-0.8151505765746117,0.03324986384060932,-0.07713769471095544,-0.708357814641348,1.7327797357248713,1.0720911830834035
-4.7365311242585,1.0,1.0,-0.15179806529198017,-0.7368221078992031,-1.742916630055373,-0.7048383238995174,-0.8689290225858302,0.11524368310366258,-0.6561582104655329,-0.3618765583176361,-0.18452218084028943,0.4801801250518908,0.9229230577858805,1.3393575348720737,0.45951414507313304,1.5161438264546503,-0.9109389936315144,-0.7395092130610323,-0.0775336699939232,0.015743383065915946,0.733842802300854,0.08861776687432574,0.4356985096630613,0.2521343929015918,-0.6697261820849723,0.16906948474379258,-0.608217127767384,-1.4191332469109137,-1.7001611943583517,-1.1484115014616512,-1.1252850190719326,0.534104038717216,-0.1570340289475459,0.19939480202306703,-0.4315111472705577,0.11109134917154309,-0.6868611737582946,-0.5019382169655517,0.4622143423792451,-0.5115406321112079,-1.1145890986418818,-1.2777115968972665,-1.8281357657196267,-1.2336925236852845,-0.06942965572029586,0.497061981496426,-0.41831948176242356,0.4034825397256263,-0.4422731386099693,0.32907573098763065,0.8937535060471697,1.3715508022500518,0.6000199772171748,0.4644822264766433,1.4760734416482555,-0.9691869232499386,-0.8836406373869816,-0.6967094626411103,-0.9267334841708006,0.08933589885521631,0.24945617620778793,-0.877877393646572,0.0052208618107000586,-0.613358556058315,0.23858788357306684,0.3596337003181074,1.7181842223056203,0.4771939081692311,0.20661444795670503,1.8318886930989935,-0.45655928684149005,0.43004904481492673,1.1146868271772046,2.1555061717399338,2.2887175613290873,0.7060991013473049,1.4251520850180597,-0.25631891157828784,-0.40060345828266436,-0.09982930588030638,0.0746327184157133,0.034826766326909064,-1.3905960106700843,-1.201305131405352,-0.17353143075247546,-0.29606467779923634,-0.9180862005208738,1.1800613807993179,1.1018992724319943,-0.26526465976942254,0.013882006139433856,0.14470743665878028,0.11359875643748348,-1.0069007243074577,-1.0135323128716882,-1.232445665824576,-1.0415057111028707,-1.5140129708295569,-0.8851124382827624,1.2890416064494363,-0.40181951847540276,0.8036392140474979
-0.20027648334344478,1.0,1.0,-0.846376489819216,1.2507931936948045,0.48568064547887657,0.424299620406843,0.18380767114428767,0.39260635253095905,0.7963142440913118,1.3856870779762933,-0.5388278494759594,-0.566862455679451,0.15180498276523108,-0.3810636699139539,-0.7273356529973559,-0.9983785978726414,1.6790344355272877,1.9086355222587195,-0.6985447751515038,-1.5268037317760799,-0.1860176881588108,0.26102813091364974,-0.013036315025730801,-0.9263363909126369,-2.0037372749160998,-0.44863107787057027,0.7732091883496472,1.0322323957077837,-0.01676054553529588,0.9888265234988052,-0.07813070043974613,0.02946287043364896,-0.37823186164599654,-0.7311878716973705,-0.3005539287710811,-0.5148195577823891,-0.6406419140857247,1.201341423529375,1.119317031306856,1.007406300696175,1.4447904675635186,1.2522898776770959,-1.5311443398428237,0.292539952252589,-1.6621889933223621,-1.9904944222484406,-1.0311800418635382,0.33994566896573847,-0.6154931591059271,-1.1242557145208365,-0.2336339553450121,-0.3263931583415317,0.4430639409330333,-0.22062218761429925,0.33126177388822314,0.1547092939526504,-0.6082247316807171,0.7819916351586088,0.5253350607557095,0.30794921769590555,-0.4125194455983727,0.6478979627601502,-0.5733516706251603,-0.27690179229113554,-0.8298031120282041,-1.8645621171176876,-0.7618581975346622,-0.15603940205031055,0.8640445679159096,1.0830006712373161,0.43215667681606096,0.4060924128565986,-1.051105268660315,0.5861413170322023,1.1341579837463607,1.6367996043679196,1.2487963586766684,-0.8487939383633013,-1.358106236618146,-0.969390347368737,0.6073757007624497,-0.2107435801844703,-0.6198776340858525,-1.0911477447685414,-1.5851013431743322,-1.0110769132856097,-1.371568625522258,-0.8112337911702917,0.020042103732283212,0.5227950709637308,-0.45243180401696625,1.2494022385233785,-1.7225284863555301,-0.7205723475021437,-1.0279581546899685,0.45607950066593467,1.1336648577564143,0.9183426307786828,-0.7220546625657698,0.3970333098747755,0.20942567215605812,1.808033236826284
